id_cliente,edad,anio_nacimiento,antiguedad,num_productos,cliente_activo,ingresos_mensuales,salario_estimado,puntuacion_credito,saldo_hace_3m,saldo_actual,transacciones_mes,accesos_app_mes,reclamaciones_12m,abandono
100001,34,1991,5,1,1,1910.0,34500.0,728.0,0.0,0.0,11,1,0,0
100002,50,1975,19,2,0,1930.0,17000.0,749.0,0.0,0.0,4,0,0,1
100003,18,2006,0,1,1,1170.0,17500.0,,415.93,344.9,4,20,0,0
100004,67,1958,13,1,0,1180.0,11000.0,588.0,4317.9,5164.55,3,2,0,0
100005,56,1969,5,1,1,,28500.0,677.0,15895.93,14682.73,23,0,0,0
100006,42,1983,13,1,1,2590.0,50000.0,658.0,,17838.01,17,12,1,0
100007,41,1984,6,2,0,2560.0,35500.0,711.0,5701.4,5645.28,2,3,0,0
100008,51,1974,26,3,1,2780.0,32500.0,705.0,37762.25,38323.17,31,17,0,0
100009,42,1982,8,3,0,1780.0,13000.0,799.0,3111.7,3273.13,6,4,0,0
100010,43,1982,11,1,1,2110.0,34500.0,760.0,5750.62,5874.19,19,6,0,0
100011,57,1968,15,2,1,,69000.0,725.0,87021.37,54868.76,14,0,0,1
100012,54,1971,16,2,1,1920.0,37000.0,797.0,17610.72,19311.14,18,11,0,0
100013,45,1980,24,2,1,1320.0,15000.0,576.0,7805.91,1415.24,13,1,1,0
100014,45,1979,8,1,0,4240.0,51500.0,850.0,,55599.81,4,4,0,0
100015,48,1977,20,4,1,,58500.0,850.0,,32584.32,10,0,0,1
100016,37,1988,4,1,0,1280.0,14500.0,650.0,23447.08,26259.27,5,1,0,0
100017,40,1984,16,2,1,3200.0,20500.0,830.0,103279.81,102670.86,14,7,1,0
100018,54,1970,14,2,1,2170.0,28500.0,624.0,8847.23,6819.35,13,0,0,1
100019,44,1981,1,3,1,,35500.0,691.0,2281.71,2019.73,17,5,0,1
100020,25,2000,3,1,1,1800.0,21500.0,,5185.61,4695.49,39,15,0,0
100021,39,1985,7,1,1,5730.0,79000.0,681.0,122430.68,115826.44,11,5,0,0
100022,56,1968,16,1,0,4700.0,59000.0,720.0,13763.51,12687.47,7,0,0,0
100023,43,1982,19,2,1,2320.0,29000.0,735.0,0.0,0.0,19,0,0,0
100024,44,1981,17,2,0,900.0,12500.0,676.0,2480.96,2516.31,0,2,0,0
100025,56,1969,2,1,0,1820.0,17500.0,541.0,,2522.69,4,2,1,1
100026,73,1952,23,1,1,980.0,11000.0,807.0,,12372.67,11,1,0,0
100027,35,1990,6,2,1,1690.0,27000.0,485.0,7039.87,9232.71,21,7,0,0
100028,66,1959,5,2,1,1460.0,24500.0,713.0,1722.18,1999.81,11,5,0,0
100029,28,1997,5,2,1,1510.0,13500.0,632.0,0.0,397.97,57,35,0,0
100030,49,1975,20,2,0,5280.0,76000.0,655.0,42824.87,46394.8,8,0,0,0
100031,28,1997,7,4,1,,29000.0,612.0,35315.44,32496.2,15,6,1,0
100032,66,1958,21,1,0,2250.0,31000.0,626.0,34472.21,37108.52,6,0,0,0
100033,59,1965,16,1,0,3200.0,31500.0,774.0,2494.85,2494.71,1,0,0,1
100034,63,1962,29,3,1,1750.0,24000.0,567.0,4537.56,4629.46,23,1,0,0
100035,33,1992,6,1,0,1420.0,15000.0,781.0,3110.32,5386.38,7,5,2,0
100036,56,1969,7,1,1,,11000.0,628.0,6378.03,6740.47,6,8,1,1
100037,38,1986,5,2,0,1440.0,17500.0,,70727.51,59496.9,7,3,0,0
100038,39,1986,0,1,1,,18000.0,595.0,0.0,0.0,19,5,0,0
100039,54,1971,19,1,1,1350.0,15500.0,590.0,,118011.7,11,7,0,0
100040,59,1966,8,2,1,1990.0,31500.0,621.0,2489.06,2488.49,10,7,0,0
100041,49,1976,12,2,0,2080.0,30500.0,553.0,12922.83,13100.69,8,1,0,0
100042,37,1988,5,2,1,1750.0,37500.0,581.0,4324.52,5129.92,11,12,0,0
100043,34,1990,6,1,1,1590.0,22500.0,707.0,16821.65,15212.71,14,14,1,0
100044,68,1956,15,1,0,4360.0,41500.0,634.0,1601218.16,1734938.64,7,0,0,0
100045,55,1970,3,2,1,2450.0,26000.0,619.0,12868.03,13765.05,16,0,0,0
100046,57,1967,2,1,1,1750.0,31000.0,849.0,171244.69,148966.03,32,0,1,0
100047,79,1946,0,1,0,930.0,8500.0,597.0,14226.99,12345.49,4,4,0,0
100048,34,1991,7,2,1,,20000.0,696.0,0.0,0.0,25,16,0,0
100049,84,1941,8,2,1,2010.0,14000.0,707.0,0.0,0.0,10,0,0,0
100050,90,1934,16,3,1,1680.0,14000.0,686.0,18777.03,13485.54,18,0,0,0
100051,70,1954,26,1,0,1090.0,9000.0,571.0,14250.44,10170.35,8,0,0,0
100052,58,1966,32,1,1,,39500.0,723.0,130996.65,155912.18,11,2,0,1
100053,36,1989,17,1,1,1030.0,7500.0,702.0,2512.71,2654.19,21,5,0,0
100054,61,1963,24,2,1,3250.0,24000.0,668.0,157404.07,163385.8,36,0,1,0
100055,39,1986,2,2,1,1990.0,19000.0,658.0,65714.58,81081.94,16,0,0,0
100056,46,1979,14,3,1,2560.0,22500.0,547.0,19618.24,18016.26,13,1,0,0
100057,42,1983,11,1,1,1190.0,11500.0,,0.0,0.0,5,17,0,0
100058,50,1975,31,2,1,1970.0,17500.0,700.0,41950.29,36426.32,22,7,0,0
100059,65,1960,4,2,1,2350.0,27500.0,709.0,17067.0,17492.78,12,2,0,0
100060,38,1987,3,2,1,1920.0,26500.0,822.0,16165.26,16560.38,35,0,0,0
100061,31,1994,9,1,1,710.0,7500.0,429.0,205.01,263.61,24,17,0,0
100062,31,1994,2,1,1,2320.0,55000.0,596.0,670.2,698.58,10,8,0,0
100063,31,1993,3,2,1,990.0,12500.0,626.0,3696.25,4591.52,12,7,0,0
100064,25,2000,2,2,1,1810.0,15500.0,647.0,32618.02,27679.41,12,6,1,0
100065,32,1993,8,1,1,,11500.0,692.0,66019.1,65088.25,8,8,0,0
100066,65,1960,17,1,0,2830.0,22500.0,703.0,19005.2,22538.78,3,0,0,0
100067,37,1988,11,1,1,2050.0,25000.0,731.0,2468.02,4758.62,14,3,0,0
100068,50,1974,13,1,1,,25000.0,561.0,17490.91,14825.48,13,3,0,0
100069,28,1996,2,2,1,2240.0,28500.0,662.0,0.0,0.0,16,20,0,0
100070,49,1976,12,2,1,2540.0,48000.0,768.0,6485.44,7003.68,12,6,0,0
100071,20,2005,1,1,1,1560.0,14000.0,744.0,4526.74,3444.68,44,10,0,0
100072,36,1989,6,2,1,2590.0,36000.0,746.0,,30375.04,11,3,0,0
100073,80,1945,14,2,1,1230.0,11000.0,729.0,29181.99,29130.43,17,2,0,0
100074,37,1988,14,3,1,910.0,12500.0,557.0,2102.69,940.87,11,5,0,1
100075,63,1962,3,1,0,3000.0,18500.0,591.0,0.0,0.0,7,0,0,0
100076,53,1972,31,3,1,1250.0,36000.0,616.0,658.07,639.66,17,8,1,1
100077,44,1981,22,2,1,890.0,10500.0,597.0,3032.82,2784.82,28,1,0,0
100078,36,1988,10,1,1,2530.0,34500.0,617.0,51423.7,40840.82,37,13,0,0
100079,65,1959,13,2,1,1580.0,19000.0,611.0,44307.56,10099.98,11,0,0,1
100080,43,1982,21,1,1,1960.0,30000.0,712.0,10474.84,11639.23,19,1,0,0
100081,69,1956,12,2,1,3050.0,52500.0,766.0,0.0,133.63,14,7,1,0
100082,35,1990,10,1,1,1750.0,31000.0,606.0,12680.09,16049.33,30,8,0,0
100083,47,1978,16,3,1,1000.0,9000.0,656.0,5777.1,4817.99,11,0,0,0
100084,53,1972,3,1,0,2630.0,32500.0,550.0,2361.72,1963.77,7,2,0,1
100085,52,1972,11,1,1,,33000.0,,0.0,0.0,36,0,1,0
100086,27,1998,5,2,1,1970.0,34000.0,597.0,14119.86,15902.51,16,6,1,0
100087,36,1989,13,1,1,2030.0,16500.0,622.0,9748.78,10125.05,14,11,0,0
100088,43,1982,6,2,1,1570.0,19500.0,682.0,12930.46,12921.19,2,8,0,1
100089,33,1992,13,2,1,2230.0,31500.0,639.0,3577.07,3467.32,26,2,0,0
100090,56,1968,24,3,0,1980.0,24000.0,797.0,10147.92,13466.18,6,0,0,0
100091,55,1970,16,2,1,3160.0,47000.0,720.0,53281.96,63400.81,28,0,0,0
100092,18,2007,0,1,1,1930.0,19000.0,,0.0,0.0,22,3,1,0
100093,19,2006,1,1,1,1680.0,17500.0,689.0,1068.56,1017.9,52,10,0,0
100094,27,1998,5,1,1,,20500.0,662.0,4791.67,4777.7,16,1,0,0
100095,48,1977,22,1,1,3940.0,41500.0,812.0,184160.59,147836.35,20,1,0,0
100096,76,1948,22,2,1,1470.0,18000.0,610.0,30348.42,33712.82,19,0,0,0
100097,40,1984,4,2,1,1870.0,18000.0,687.0,13419.22,10570.85,10,6,0,0
100098,50,1975,0,2,1,3940.0,47500.0,661.0,79379.41,59787.4,11,3,0,0
100099,30,1995,5,1,0,3360.0,49500.0,727.0,32415.0,32709.58,2,5,0,0
100100,30,1995,0,1,1,,29500.0,,0.0,0.0,15,3,0,0
100101,18,2007,0,1,1,,20000.0,,101.37,90.56,13,7,0,0
100102,46,1978,22,3,1,4940.0,58000.0,745.0,38428.99,36434.82,20,0,0,0
100103,60,1965,3,1,1,2420.0,63000.0,686.0,8585.3,7945.19,5,11,0,1
100104,41,1983,10,1,1,2010.0,25500.0,692.0,0.0,0.0,9,14,0,0
100105,67,1957,27,1,0,1460.0,11500.0,686.0,24512.76,25847.23,4,2,0,0
100106,49,1976,3,1,1,2460.0,28000.0,670.0,2568.13,2306.52,10,9,0,0
100107,45,1979,4,1,1,,43000.0,627.0,17058.35,17095.65,12,1,0,0
100108,54,1971,20,1,1,,35000.0,756.0,42142.85,26816.75,11,4,0,1
100109,53,1972,20,1,0,1970.0,22500.0,598.0,9701.66,8685.66,6,4,0,1
100110,63,1961,14,1,1,2830.0,25500.0,721.0,146081.01,153706.26,15,6,0,0
100111,34,1991,5,1,1,1310.0,15500.0,608.0,1521.77,1630.33,12,4,0,0
100112,18,2007,0,1,1,,26500.0,799.0,0.0,0.0,28,9,0,1
100113,48,1977,14,1,1,1940.0,20500.0,739.0,2625.54,2024.65,12,5,0,0
100114,37,1988,7,1,1,1080.0,9500.0,692.0,16722.96,16372.8,19,12,0,0
100115,46,1979,2,1,1,3010.0,29000.0,,7129.36,8055.22,17,9,0,0
100116,71,1954,5,1,0,1170.0,14500.0,744.0,4895.78,5004.12,6,0,1,1
100117,29,1996,7,2,1,980.0,11000.0,,1074.96,955.13,34,11,0,0
100118,57,1968,4,3,0,3210.0,24500.0,632.0,8305.29,7438.73,9,0,0,0
100119,60,1965,0,1,1,2440.0,53000.0,713.0,7370.55,9096.01,11,12,0,0
100120,53,1971,15,2,0,2870.0,17000.0,,19628.97,19496.14,3,3,1,1
100121,63,1962,12,2,1,1490.0,13500.0,649.0,8517.22,9083.75,12,5,0,0
100122,39,1986,10,1,1,1550.0,12500.0,657.0,3346.13,2433.03,13,7,0,1
100123,36,1988,0,2,0,1000.0,11000.0,673.0,4864.05,5144.34,8,4,0,1
100124,62,1962,4,1,0,,78000.0,606.0,11355.88,5690.92,6,0,1,1
100125,57,1967,6,1,0,2880.0,31000.0,724.0,16924.26,9803.49,9,2,1,1
100126,67,1958,4,1,0,,27000.0,502.0,38274.39,39080.73,5,3,0,0
100127,49,1975,1,1,1,1360.0,20000.0,746.0,10032.91,8746.39,16,2,0,1
100128,70,1955,5,1,0,,24500.0,704.0,22625.01,20433.82,7,0,1,1
100129,42,1983,5,3,1,2120.0,25500.0,663.0,31038.77,33442.47,17,1,0,0
100130,30,1995,2,1,1,1080.0,14500.0,440.0,,157.95,7,12,0,0
100131,18,2007,0,1,0,2280.0,13500.0,646.0,4201.89,5260.16,5,4,0,0
100132,29,1996,5,1,1,,23000.0,640.0,1571.32,1491.57,3,6,0,0
100133,58,1967,25,2,1,3090.0,41000.0,666.0,4973.59,6683.53,12,0,0,0
100134,24,2001,3,3,1,2220.0,29000.0,765.0,4666.94,5263.7,42,10,0,0
100135,39,1986,1,1,0,1480.0,16000.0,443.0,1730.26,1622.02,2,0,0,0
100136,78,1947,9,2,0,1310.0,22500.0,690.0,29489.27,22344.71,7,0,0,0
100137,59,1966,3,1,0,1050.0,16500.0,592.0,7724.22,6446.92,8,0,1,0
100138,73,1952,4,2,1,1340.0,19500.0,690.0,14970.13,13034.89,19,0,1,0
100139,31,1994,8,1,1,1080.0,9000.0,648.0,1608.88,1441.65,26,10,0,0
100140,18,2006,0,1,1,1440.0,26000.0,608.0,10732.08,11028.48,9,14,0,0
100141,69,1956,15,2,1,1180.0,16000.0,634.0,102061.52,86688.2,12,0,0,0
100142,25,1999,5,1,1,,15000.0,722.0,4921.98,5077.49,25,17,0,0
100143,47,1977,6,2,1,1400.0,12500.0,665.0,6174.44,5263.55,4,8,0,0
100144,49,1975,26,2,0,,41000.0,850.0,0.0,0.0,9,4,0,0
100145,32,1993,0,1,1,3300.0,44500.0,668.0,8324.61,8791.73,17,6,0,0
100146,69,1956,3,1,0,1070.0,6000.0,630.0,1652.59,1694.37,9,0,2,0
100147,69,1956,6,1,0,1930.0,28500.0,659.0,14278.38,16378.63,2,2,0,0
100148,54,1971,20,1,0,3930.0,41500.0,651.0,36792.74,34799.47,6,4,0,0
100149,46,1979,5,1,1,,32000.0,614.0,,91.02,17,5,1,0
100150,49,1975,14,1,1,,33500.0,672.0,0.0,0.0,8,6,1,1
100151,30,1995,5,2,1,2270.0,42000.0,668.0,68556.16,68533.46,29,1,0,0
100152,42,1983,3,1,1,2860.0,29000.0,688.0,0.0,0.0,5,8,0,0
100153,44,1981,2,3,0,1470.0,31500.0,606.0,8737.95,5509.85,1,3,1,1
100154,33,1992,6,1,1,1330.0,28500.0,,18773.16,16882.96,12,8,0,0
100155,59,1965,8,3,1,,12000.0,609.0,1419.2,1809.56,10,9,1,0
100156,25,2000,4,1,1,,18500.0,649.0,4272.12,2931.02,22,14,0,1
100157,39,1986,1,2,1,3100.0,45000.0,556.0,1626.51,1813.33,17,11,0,0
100158,18,2007,0,3,1,1150.0,12500.0,,0.0,0.0,12,15,0,0
100159,53,1972,10,2,0,2500.0,31500.0,630.0,6087.28,5986.94,4,2,0,0
100160,57,1968,3,1,1,,29500.0,470.0,64411.91,26084.91,13,7,0,0
100161,55,1970,17,1,1,2570.0,23500.0,597.0,30406.14,29156.7,13,3,1,0
100162,90,1935,1,3,1,2240.0,16500.0,735.0,13237.58,13914.32,45,0,0,0
100163,60,1965,10,2,1,1390.0,14000.0,562.0,4731.11,4223.51,10,0,0,0
100164,32,1993,5,1,0,1060.0,21500.0,782.0,7023.41,6702.0,4,5,0,0
100165,86,1938,9,2,0,1390.0,16500.0,679.0,12556.04,14723.48,6,0,0,0
100166,32,1993,3,1,0,2970.0,50500.0,657.0,0.0,0.0,8,2,1,1
100167,58,1967,4,1,1,,32000.0,742.0,2276.76,5489.25,5,6,0,0
100168,57,1968,18,4,1,2960.0,24500.0,643.0,0.0,1185.94,12,11,0,0
100169,33,1992,10,2,1,,14000.0,593.0,1827.75,2090.46,3,8,0,0
100170,67,1958,8,1,0,1640.0,9500.0,701.0,11172.93,11820.76,1,0,0,0
100171,51,1974,16,2,0,2630.0,32500.0,569.0,,17447.47,9,0,0,0
100172,55,1970,22,2,1,2970.0,32000.0,732.0,15348.43,14572.56,12,7,0,0
100173,36,1988,1,1,1,,7500.0,657.0,386.65,363.69,2,8,0,0
100174,66,1958,5,1,0,2740.0,33500.0,735.0,18804.89,21737.91,2,5,1,0
100175,33,1992,12,2,0,2170.0,17500.0,706.0,22502.76,28137.88,4,4,0,0
100176,19,2006,1,1,1,1620.0,25000.0,651.0,11383.97,11439.85,20,5,0,0
100177,67,1958,16,1,0,2000.0,16000.0,718.0,75583.88,83099.31,9,2,0,0
100178,40,1984,9,2,1,,23000.0,591.0,13447.7,11829.78,17,9,0,0
100179,47,1977,2,1,0,2270.0,21000.0,585.0,13584.92,14591.39,4,3,0,1
100180,75,1950,11,1,1,1130.0,8500.0,576.0,0.0,0.0,2,8,0,0
100181,63,1962,4,1,1,1670.0,22500.0,637.0,28894.31,27889.77,13,0,1,0
100182,55,1970,29,3,1,2270.0,28000.0,749.0,15391.31,17632.58,46,3,0,0
100183,62,1963,13,1,1,1550.0,24000.0,758.0,7724.65,9777.24,12,0,0,0
100184,35,1990,2,1,0,1720.0,23000.0,583.0,,12185.97,2,5,0,0
100185,57,1968,5,1,1,2380.0,37500.0,652.0,13395.51,12840.64,3,21,0,0
100186,63,1962,9,1,0,1510.0,23500.0,,0.0,0.0,8,0,0,0
100187,57,1967,9,2,1,1470.0,18000.0,745.0,7863.21,8328.04,12,0,0,0
100188,43,1982,10,3,1,,23500.0,582.0,5619.93,5801.14,26,1,1,0
100189,18,2007,0,1,0,1380.0,12500.0,648.0,0.0,0.0,7,2,0,0
100190,54,1971,25,1,0,530.0,8000.0,600.0,1894.31,1518.31,6,0,0,0
100191,48,1977,13,1,1,2390.0,35000.0,620.0,12792.88,13445.52,18,8,1,0
100192,40,1984,2,3,0,2060.0,27000.0,759.0,2252.94,2199.63,5,2,1,1
100193,58,1967,2,1,1,1990.0,20000.0,587.0,89366.61,14002.62,22,11,1,0
100194,50,1975,16,4,1,2070.0,21000.0,694.0,4773.15,4990.27,69,11,0,0
100195,49,1975,8,1,1,1920.0,18500.0,677.0,9366.85,9784.67,4,6,0,0
100196,24,2001,2,2,1,,26500.0,730.0,4695.37,4675.94,14,6,0,0
100197,24,2001,0,2,1,1940.0,45500.0,,14432.43,14305.32,33,14,0,0
100198,52,1973,33,2,0,2220.0,24500.0,713.0,5224.73,5235.33,8,0,0,0
100199,47,1977,24,3,1,1890.0,15000.0,818.0,5516.7,5077.5,26,0,0,0
100200,48,1977,10,1,1,,15500.0,571.0,9941.37,10943.61,17,0,0,0
100201,48,1977,14,1,1,,21000.0,658.0,4905.26,7939.25,9,14,0,0
100202,52,1973,32,4,1,2660.0,40000.0,754.0,0.0,0.0,49,0,0,0
100203,47,1978,7,1,1,1650.0,18000.0,502.0,13467.64,11992.63,4,9,0,1
100204,48,1977,9,2,0,,34000.0,,0.0,0.0,3,1,0,1
100205,50,1975,6,3,1,2240.0,24000.0,679.0,24560.94,23036.87,16,0,0,0
100206,60,1964,4,1,1,2410.0,40500.0,599.0,0.0,525.08,3,8,0,0
100207,38,1987,10,1,1,1170.0,14500.0,699.0,5099.53,2726.93,0,21,0,0
100208,58,1967,8,1,1,2060.0,23500.0,727.0,141081.84,141368.0,5,6,0,0
100209,56,1969,6,1,0,1620.0,16000.0,681.0,2420.37,2473.89,6,5,0,0
100210,48,1976,5,2,1,930.0,9500.0,,1304.04,1183.89,12,18,0,0
100211,39,1986,12,2,0,2410.0,18500.0,,28765.74,26712.05,7,3,1,1
100212,52,1973,12,3,1,1180.0,22000.0,760.0,0.0,958.66,11,0,0,0
100213,59,1966,13,2,1,2990.0,20000.0,679.0,105407.24,82760.8,11,3,0,0
100214,30,1994,1,1,1,1040.0,9500.0,786.0,,5245.95,20,5,0,0
100215,47,1978,7,1,1,,35500.0,708.0,4158.56,4517.68,15,16,0,0
100216,47,1978,8,2,0,1080.0,10500.0,662.0,0.0,0.0,5,0,0,1
100217,36,1989,4,1,1,1030.0,13500.0,578.0,13672.6,12669.26,14,14,0,0
100218,37,1988,7,2,1,1890.0,11500.0,677.0,2268.27,2258.87,10,4,0,0
100219,23,2002,3,1,1,,24000.0,686.0,1267.72,1245.08,54,2,0,1
100220,29,1995,4,1,1,1760.0,23000.0,648.0,3047.63,3875.85,25,11,0,0
100221,23,2002,0,1,1,990.0,17000.0,565.0,385.24,380.91,14,8,0,0
100222,37,1988,1,2,1,1870.0,20500.0,554.0,2420.91,2850.55,30,10,1,0
100223,38,1986,4,1,1,1920.0,24000.0,,6048.06,5372.67,20,2,1,0
100224,38,1987,12,3,1,1960.0,43000.0,821.0,26526.49,33966.9,22,13,0,0
100225,52,1973,13,1,1,1460.0,23000.0,509.0,4188.53,5389.18,3,7,0,0
100226,43,1982,9,2,1,,28000.0,785.0,,0.0,43,8,0,0
100227,35,1990,8,1,1,2080.0,33500.0,723.0,10075.16,10667.38,22,23,0,0
100228,35,1989,12,1,1,4330.0,53000.0,,11956.94,12106.44,10,2,0,0
100229,29,1996,4,1,0,2230.0,78000.0,785.0,,0.0,0,2,0,1
100230,43,1982,9,2,0,2050.0,37500.0,640.0,5933.03,5599.74,9,0,0,0
100231,43,1981,5,1,1,3070.0,49000.0,769.0,14806.39,16023.99,13,2,0,0
100232,70,1955,33,2,1,2240.0,36000.0,793.0,84299.72,89503.82,17,0,1,0
100233,69,1955,21,3,1,1720.0,14500.0,849.0,59901.35,51384.36,18,4,1,0
100234,68,1956,11,3,1,3540.0,23500.0,794.0,629565.96,618237.77,33,0,0,0
100235,77,1947,8,1,0,1750.0,14000.0,645.0,17922.93,20608.65,9,0,0,0
100236,28,1996,1,1,1,,18000.0,687.0,,21913.21,24,2,2,1
100237,56,1969,25,1,1,2040.0,17000.0,652.0,23641.82,20401.35,13,0,0,0
100238,57,1968,21,2,1,1570.0,15000.0,661.0,4734.82,4943.97,19,6,0,0
100239,53,1972,6,1,0,2780.0,20000.0,652.0,0.0,441.94,7,0,0,1
100240,78,1946,3,2,1,2450.0,32500.0,767.0,63020.57,61144.22,11,4,1,0
100241,84,1941,13,1,0,1030.0,11000.0,519.0,9431.3,9808.2,8,0,0,0
100242,61,1963,19,1,1,,16000.0,772.0,8053.02,9059.91,14,24,0,1
100243,56,1969,13,3,1,3190.0,38000.0,748.0,70697.2,80153.56,13,6,0,0
100244,29,1996,6,2,1,,14500.0,612.0,4840.11,5643.47,6,18,1,0
100245,29,1996,6,1,1,,17000.0,717.0,3391.13,3533.98,74,17,0,0
100246,57,1968,0,3,0,1150.0,5500.0,596.0,400.35,404.07,6,1,1,0
100247,45,1979,8,3,0,1460.0,10000.0,744.0,12110.07,14226.69,9,4,0,0
100248,26,1999,6,2,1,,12500.0,692.0,846.95,920.5,12,1,0,0
100249,44,1981,10,3,1,880.0,10000.0,653.0,4183.77,4686.79,26,4,0,0
100250,51,1974,17,3,1,5010.0,59500.0,850.0,653745.33,650976.27,46,11,1,0
100251,60,1965,3,1,0,,45000.0,848.0,22040.18,18560.02,9,4,1,0
100252,44,1981,12,2,0,1600.0,24000.0,512.0,445.75,512.62,3,1,0,0
100253,42,1983,7,1,1,3220.0,24500.0,765.0,115598.71,106829.33,10,2,0,1
100254,46,1978,17,3,1,1010.0,14000.0,595.0,0.0,0.0,28,4,1,0
100255,49,1975,10,2,1,,26000.0,639.0,40947.48,40989.23,13,0,0,0
100256,29,1995,0,1,1,1670.0,33000.0,748.0,2967.4,3095.65,23,28,0,0
100257,58,1967,1,2,1,,27500.0,601.0,15077.44,30404.5,9,13,0,0
100258,79,1945,10,1,0,1400.0,20500.0,714.0,47084.02,43562.36,6,0,0,0
100259,58,1967,23,1,0,2540.0,23000.0,656.0,180197.56,46706.6,3,0,0,1
100260,24,2001,4,1,1,1570.0,16000.0,602.0,15952.28,13826.06,25,5,0,0
100261,47,1978,15,3,1,2570.0,52000.0,790.0,26527.15,23986.59,12,14,0,0
100262,20,2004,1,1,1,1090.0,13000.0,,,1101.92,15,6,0,0
100263,19,2006,0,1,0,,7000.0,610.0,0.0,0.0,4,5,0,0
100264,56,1969,11,1,0,,20000.0,623.0,1821.23,2236.77,4,1,0,1
100265,47,1978,3,1,0,4850.0,54500.0,526.0,1451.66,1466.61,8,4,0,0
100266,36,1988,1,1,1,2430.0,52000.0,641.0,4514.24,4601.5,10,0,1,1
100267,18,2007,0,1,1,3950.0,48000.0,,0.0,0.0,10,24,1,0
100268,27,1998,0,1,1,1330.0,18500.0,622.0,0.0,0.0,3,8,0,0
100269,48,1977,11,1,1,1620.0,14000.0,850.0,2735.27,2852.02,10,0,0,0
100270,46,1979,13,4,0,1380.0,21000.0,539.0,7522.97,7306.23,4,3,1,0
100271,56,1969,15,1,1,,23000.0,652.0,49888.7,40194.7,12,5,1,1
100272,69,1956,25,1,0,3860.0,39500.0,682.0,0.0,0.0,7,0,1,0
100273,41,1983,10,2,1,2440.0,24000.0,665.0,,36904.76,4,10,0,0
100274,53,1972,15,1,0,4480.0,74000.0,680.0,0.0,0.0,2,2,2,1
100275,44,1981,13,3,0,,21000.0,628.0,14336.35,13966.22,9,0,0,0
100276,39,1986,5,1,0,2670.0,28000.0,664.0,7116.08,6145.07,7,1,1,1
100277,42,1983,0,2,1,,26000.0,615.0,0.0,0.0,20,10,0,0
100278,60,1965,6,1,1,1410.0,14000.0,592.0,25142.02,27649.92,12,4,0,0
100279,31,1994,12,2,1,,7000.0,512.0,0.0,0.0,11,8,1,0
100280,63,1962,6,2,1,1490.0,33500.0,,1581.61,1801.64,11,0,0,0
100281,68,1957,8,1,0,810.0,9500.0,623.0,0.0,229.69,6,0,0,0
100282,47,1978,21,3,1,2330.0,24000.0,662.0,0.0,0.0,20,3,0,0
100283,50,1975,7,1,1,2520.0,49500.0,742.0,57831.82,32297.07,7,9,0,0
100284,25,1999,3,1,1,2330.0,13000.0,650.0,4427.7,4424.88,19,8,0,0
100285,81,1944,5,1,1,970.0,10500.0,528.0,277.39,285.48,15,0,1,0
100286,61,1964,3,2,1,4470.0,92500.0,681.0,0.0,0.0,20,10,0,0
100287,49,1976,0,1,1,1480.0,9000.0,530.0,6951.18,7431.46,11,0,0,0
100288,47,1977,9,1,1,,32000.0,609.0,71717.38,68277.95,21,12,0,0
100289,53,1971,7,1,0,3110.0,22500.0,758.0,35006.86,5628.3,7,2,1,1
100290,36,1989,1,1,1,1200.0,13000.0,743.0,1126.5,1075.8,10,6,0,0
100291,50,1975,21,3,1,,32500.0,679.0,6875.01,7689.9,14,0,1,0
100292,32,1993,3,1,1,1580.0,10000.0,723.0,187.95,209.65,25,0,0,0
100293,53,1971,1,1,1,1790.0,13500.0,678.0,1550.82,1446.79,6,8,0,0
100294,36,1988,7,1,1,1890.0,19500.0,611.0,21652.11,21751.3,43,5,0,0
100295,59,1966,7,2,1,1320.0,25000.0,600.0,,2000.08,10,2,1,0
100296,44,1981,14,1,1,,27500.0,714.0,3705.56,4148.73,16,5,1,0
100297,50,1975,11,1,1,1540.0,16000.0,565.0,2226.32,1483.64,10,0,0,1
100298,90,1934,4,1,0,,10000.0,641.0,11375.01,12379.72,2,0,0,1
100299,58,1967,16,4,1,,44500.0,693.0,16229.62,15831.66,52,5,0,0
100300,50,1974,12,3,1,4150.0,47500.0,792.0,50336.03,59001.29,17,11,0,0
100301,47,1978,13,4,1,2030.0,12000.0,553.0,55159.44,49894.15,12,0,0,1
100302,30,1994,7,1,1,,24500.0,636.0,26840.45,26329.5,38,0,0,0
100303,62,1962,19,1,1,,28000.0,681.0,524409.38,450523.15,10,12,1,0
100304,70,1954,15,1,1,1100.0,9500.0,581.0,6124.6,6402.2,11,0,0,0
100305,47,1978,6,1,1,3030.0,82000.0,658.0,107254.97,106755.56,23,9,0,0
100306,71,1953,19,2,1,,52000.0,584.0,133362.76,166804.68,48,11,0,0
100307,44,1981,2,1,1,2660.0,34000.0,676.0,,9450.42,12,1,0,0
100308,19,2006,0,1,1,3050.0,22000.0,,77141.11,80658.12,30,18,0,0
100309,36,1989,6,2,1,,19000.0,638.0,3531.67,3410.66,15,13,0,0
100310,30,1994,2,1,1,2340.0,22500.0,657.0,26774.88,26317.65,38,12,0,0
100311,42,1983,7,1,1,3770.0,24500.0,599.0,5429.23,6155.77,45,0,0,1
100312,55,1970,20,2,1,2590.0,38000.0,647.0,64522.93,54098.01,9,10,0,0
100313,32,1992,9,2,1,1890.0,28000.0,666.0,8917.57,7645.44,3,13,0,0
100314,45,1980,7,1,1,4170.0,40000.0,644.0,24849.94,25447.3,8,9,0,0
100315,49,1975,2,1,0,,30000.0,573.0,538.92,129.95,6,0,0,1
100316,35,1990,9,2,1,1720.0,19500.0,684.0,0.0,697.4,43,8,0,0
100317,32,1993,1,1,0,,10500.0,584.0,4491.88,4695.21,4,3,0,1
100318,47,1977,0,2,1,1590.0,27000.0,602.0,0.0,0.0,10,0,0,0
100319,59,1966,11,3,0,2030.0,29000.0,613.0,6811.96,6854.83,8,3,0,0
100320,37,1988,4,1,1,,23000.0,662.0,2388.34,1028.38,12,9,0,1
100321,35,1990,0,1,0,1580.0,20500.0,634.0,1682.2,1656.58,9,0,0,0
100322,44,1981,15,1,1,2740.0,25000.0,679.0,10067.9,10358.13,14,9,0,0
100323,50,1974,20,3,1,1380.0,30500.0,564.0,3512.87,3466.33,26,6,2,0
100324,38,1987,14,3,0,3210.0,27000.0,697.0,228688.78,214474.91,4,3,0,0
100325,41,1984,17,1,1,1550.0,14000.0,561.0,9824.42,15127.4,12,9,1,0
100326,43,1982,11,1,1,2910.0,33500.0,610.0,12995.31,11021.78,10,0,0,0
100327,30,1995,1,1,1,2670.0,28000.0,717.0,0.0,0.0,35,3,0,1
100328,43,1982,20,1,1,2450.0,33500.0,808.0,0.0,0.0,16,3,0,0
100329,38,1986,0,1,1,2120.0,34000.0,717.0,2044.53,442.49,28,12,0,0
100330,70,1955,12,1,0,1440.0,22000.0,762.0,20299.95,25844.6,4,0,0,0
100331,38,1987,4,2,1,4410.0,51500.0,850.0,0.0,65.61,15,6,0,0
100332,53,1972,10,2,1,4820.0,38500.0,677.0,34293.61,38130.37,26,0,0,0
100333,52,1973,21,2,1,2400.0,26500.0,693.0,0.0,0.0,14,31,0,0
100334,29,1996,5,1,1,2550.0,21500.0,695.0,4039.66,4123.87,10,8,1,0
100335,27,1998,8,2,1,1900.0,21000.0,850.0,0.0,0.0,18,2,1,0
100336,39,1986,12,2,1,1690.0,14500.0,592.0,9959.25,9573.03,16,10,0,0
100337,56,1968,13,1,1,,26500.0,704.0,12728.53,15720.8,10,1,0,1
100338,37,1987,4,2,1,2240.0,38000.0,707.0,124231.72,48326.77,15,6,0,0
100339,36,1989,10,2,0,1460.0,15500.0,626.0,5353.62,4994.21,7,0,0,0
100340,18,2006,0,1,1,1580.0,27500.0,,0.0,0.0,17,1,0,0
100341,40,1985,4,1,1,2570.0,24000.0,702.0,6926.91,6785.79,22,5,0,0
100342,51,1974,14,1,1,,40000.0,661.0,45070.19,44333.19,26,15,0,0
100343,53,1971,20,3,0,2610.0,25000.0,726.0,13275.06,11779.86,5,0,1,0
100344,52,1972,6,2,1,1660.0,36500.0,596.0,373.17,380.7,12,8,0,0
100345,41,1984,9,1,1,3090.0,23500.0,574.0,1652.31,1729.2,17,9,0,0
100346,43,1982,7,1,1,2310.0,25500.0,709.0,3217.97,1720.97,3,8,0,1
100347,58,1967,0,1,0,1790.0,24000.0,619.0,,2158.0,5,3,0,0
100348,44,1980,3,2,1,,22000.0,603.0,1614.41,1530.79,13,5,1,0
100349,18,2007,0,2,1,1500.0,23500.0,720.0,3131.38,3014.89,10,9,0,0
100350,61,1964,26,1,1,2980.0,61500.0,776.0,4096.08,3801.18,17,9,0,0
100351,30,1995,9,1,1,2000.0,16000.0,615.0,,4141.17,10,7,0,0
100352,67,1958,20,1,0,1620.0,23500.0,641.0,,2244.99,0,0,1,1
100353,71,1954,0,1,0,2270.0,31500.0,661.0,,119.37,1,0,0,1
100354,57,1968,12,3,1,1810.0,18000.0,647.0,7220.54,8002.72,10,5,0,0
100355,60,1965,22,2,1,,20500.0,684.0,283001.64,149936.72,12,0,0,1
100356,74,1951,5,1,0,1280.0,10500.0,590.0,15090.17,14060.88,2,4,0,0
100357,29,1996,8,1,1,1500.0,33500.0,655.0,15680.1,14486.27,16,6,0,0
100358,50,1975,2,2,1,4080.0,69500.0,754.0,33306.77,33036.53,18,0,0,0
100359,50,1974,16,1,0,,30000.0,704.0,10828.21,11791.08,4,5,0,0
100360,31,1994,2,1,1,3100.0,43000.0,632.0,5543.29,5132.19,10,9,0,0
100361,76,1949,7,1,0,3170.0,71500.0,770.0,16987.0,16915.99,4,0,0,0
100362,37,1988,16,2,1,1540.0,15500.0,558.0,,0.0,15,10,1,0
100363,35,1990,7,1,1,,18000.0,747.0,7618.42,9345.63,27,11,2,0
100364,50,1975,12,1,0,,23000.0,651.0,9240.34,8700.07,1,0,0,1
100365,61,1964,9,1,1,1700.0,19000.0,658.0,,18820.93,18,2,3,1
100366,37,1988,5,1,1,,32500.0,850.0,0.0,0.0,30,15,0,0
100367,37,1988,10,1,1,1450.0,18000.0,622.0,21750.46,21927.06,13,2,0,0
100368,54,1971,9,2,0,1110.0,27500.0,742.0,0.0,0.0,1,0,0,1
100369,25,2000,5,1,0,,21000.0,633.0,9908.29,9696.75,3,3,1,1
100370,34,1990,14,1,1,3650.0,41500.0,671.0,32533.25,31286.06,18,6,0,0
100371,33,1992,1,1,1,1780.0,36000.0,607.0,52580.94,41647.01,42,3,0,0
100372,39,1985,10,1,1,1330.0,12000.0,703.0,11070.35,12611.28,12,18,0,0
100373,44,1981,1,2,1,1800.0,30000.0,758.0,2840.53,2711.83,17,12,0,0
100374,74,1951,1,1,1,990.0,8000.0,669.0,5546.5,6170.6,15,0,0,0
100375,60,1965,12,2,1,,9000.0,586.0,6747.38,5985.65,17,8,1,0
100376,46,1979,8,2,1,1930.0,18500.0,731.0,0.0,0.0,10,0,1,0
100377,43,1981,2,1,1,,20000.0,634.0,0.0,0.0,10,7,0,1
100378,59,1965,12,2,1,4770.0,65500.0,742.0,142409.52,134990.7,9,10,1,0
100379,52,1973,7,1,1,,15500.0,650.0,18654.3,18040.11,9,6,0,0
100380,59,1966,24,2,0,1430.0,22500.0,693.0,19054.49,16859.85,9,5,0,0
100381,67,1958,19,2,0,3150.0,89000.0,730.0,1055129.46,1000671.88,9,0,1,0
100382,31,1994,3,1,0,,30500.0,656.0,941.59,1009.37,1,2,1,1
100383,18,2007,0,1,1,,27000.0,,35647.54,38898.94,21,7,0,0
100384,46,1979,6,1,0,2710.0,24500.0,617.0,30843.76,34678.14,8,4,0,0
100385,47,1978,14,1,1,2340.0,50000.0,574.0,108910.19,107260.61,11,18,0,0
100386,50,1975,12,1,0,2220.0,22000.0,675.0,7669.96,4999.49,3,0,0,0
100387,37,1988,9,1,1,1310.0,10500.0,449.0,,410.2,11,2,0,0
100388,43,1982,0,2,1,3070.0,30500.0,707.0,89996.12,234803.47,10,2,1,0
100389,54,1971,6,1,1,1930.0,24500.0,687.0,8222.72,7438.63,9,9,0,0
100390,55,1970,5,1,0,2060.0,20500.0,765.0,50044.53,8829.51,7,1,0,1
100391,66,1959,6,2,1,1370.0,14000.0,586.0,1584.75,1699.89,15,0,1,0
100392,18,2006,0,3,1,3560.0,39000.0,,14599.1,3796.41,27,5,1,0
100393,21,2004,2,1,1,1750.0,20500.0,,6925.13,3640.44,36,3,0,0
100394,68,1957,13,1,0,3310.0,64500.0,733.0,0.0,0.0,6,0,0,0
100395,55,1970,4,3,1,2300.0,26500.0,,,15012.5,35,1,0,0
100396,58,1967,1,2,0,2150.0,25500.0,637.0,8358.31,5921.25,3,2,0,1
100397,42,1983,12,2,1,1560.0,15500.0,549.0,22403.98,22826.22,16,3,0,0
100398,39,1986,4,1,1,1090.0,8000.0,692.0,2040.56,1888.35,15,11,0,0
100399,49,1976,18,2,1,5140.0,69500.0,649.0,75940.33,71183.03,11,0,0,0
100400,32,1993,6,1,1,1680.0,29500.0,774.0,3265.21,3355.03,13,7,1,0
100401,23,2002,3,1,1,2150.0,25000.0,665.0,6179.0,7002.31,10,17,0,0
100402,29,1996,4,2,1,,24000.0,532.0,7078.96,7495.84,21,10,0,0
100403,48,1977,3,1,1,,17000.0,555.0,5019.62,5534.85,29,2,0,1
100404,56,1968,25,1,1,3290.0,28500.0,725.0,61358.51,63821.3,16,1,0,0
100405,71,1954,5,2,1,3040.0,29000.0,751.0,249416.11,220558.1,24,0,0,0
100406,52,1973,4,1,1,2460.0,36500.0,715.0,0.0,0.0,10,6,0,0
100407,53,1971,4,1,1,,19000.0,616.0,2150.91,1951.11,30,9,0,0
100408,71,1954,8,3,1,1880.0,21000.0,636.0,7826.53,8117.29,17,8,0,0
100409,34,1990,11,1,1,,11500.0,556.0,1244.43,1264.05,2,16,1,0
100410,32,1993,8,1,1,1610.0,13000.0,783.0,924.01,966.47,10,4,0,0
100411,38,1987,1,1,1,1190.0,22500.0,616.0,1859.52,2227.56,10,18,0,1
100412,45,1979,11,2,1,,21000.0,667.0,1343.1,411.13,23,1,0,1
100413,76,1949,22,1,0,3280.0,30500.0,850.0,363475.63,364596.68,7,0,0,0
100414,41,1983,19,4,1,3240.0,55000.0,722.0,126122.76,134337.88,48,7,0,0
100415,66,1959,5,1,0,990.0,13500.0,674.0,10657.31,10659.54,7,0,0,0
100416,39,1986,12,1,0,1260.0,39000.0,549.0,14851.22,14898.53,6,3,0,0
100417,53,1972,8,1,0,,18000.0,612.0,11327.16,7461.54,0,4,1,1
100418,56,1969,18,2,0,2240.0,26500.0,660.0,467832.94,441991.93,4,0,1,1
100419,54,1970,27,3,1,,28000.0,726.0,124890.72,123065.3,16,0,0,0
100420,57,1968,18,1,1,,28000.0,698.0,24486.2,23886.71,4,6,0,0
100421,36,1989,13,1,1,,8000.0,613.0,313.29,372.92,10,1,0,0
100422,68,1957,12,3,0,1100.0,14500.0,626.0,14414.26,15339.66,6,0,0,0
100423,61,1964,10,2,0,,25000.0,737.0,27927.96,30723.14,8,0,0,0
100424,35,1990,2,2,1,,22500.0,569.0,,4743.73,11,5,0,0
100425,54,1971,22,2,0,3490.0,43000.0,770.0,,391084.81,8,0,0,0
100426,30,1994,1,2,1,1180.0,10000.0,735.0,,3736.46,13,3,0,0
100427,47,1978,16,2,0,3520.0,38000.0,690.0,50144.67,7688.54,8,1,0,1
100428,28,1996,5,3,1,1260.0,20000.0,791.0,6473.59,7389.82,13,2,0,0
100429,57,1968,3,1,1,2520.0,17500.0,644.0,6052.85,7643.31,12,0,0,0
100430,90,1935,23,2,0,1340.0,16500.0,674.0,20304.67,21902.6,8,0,0,0
100431,68,1957,18,1,0,1640.0,15500.0,798.0,13525.17,13325.99,8,5,1,0
100432,57,1968,20,4,1,,31000.0,771.0,24383.32,24770.6,32,12,1,0
100433,32,1992,7,1,1,2190.0,72500.0,727.0,4662.29,4656.45,11,5,0,0
100434,52,1972,25,2,0,,55500.0,850.0,,149235.61,7,0,0,0
100435,64,1960,8,2,1,2160.0,26500.0,756.0,29723.39,28273.39,15,0,0,0
100436,45,1980,6,1,1,2830.0,40000.0,703.0,22666.53,20865.5,41,0,0,0
100437,48,1977,27,3,0,1360.0,22500.0,601.0,0.0,0.0,9,0,0,0
100438,21,2004,1,1,1,1130.0,17000.0,575.0,,0.0,12,0,1,0
100439,33,1992,9,3,1,1950.0,21500.0,803.0,0.0,0.0,60,7,0,0
100440,18,2007,0,1,1,610.0,8000.0,,3183.78,3457.27,25,2,0,0
100441,75,1950,16,3,0,1300.0,19500.0,670.0,9515.63,9705.23,7,0,0,0
100442,53,1972,1,1,1,3770.0,99000.0,742.0,30851.34,34574.54,27,19,0,0
100443,57,1968,16,3,1,,26500.0,616.0,80709.44,73408.92,18,4,1,0
100444,43,1981,6,1,1,2220.0,20500.0,746.0,,0.0,21,0,0,0
100445,24,2001,3,1,1,,16000.0,605.0,3197.2,2520.49,35,2,0,0
100446,49,1976,14,1,1,1610.0,14500.0,728.0,0.0,0.0,22,1,0,0
100447,36,1989,1,1,1,890.0,13500.0,449.0,215.47,226.11,28,11,0,0
100448,31,1994,2,1,1,1530.0,14000.0,515.0,2526.27,2753.95,5,14,0,1
100449,47,1977,19,1,1,,31500.0,755.0,13249.69,15312.29,5,9,0,0
100450,48,1977,12,2,1,2630.0,83500.0,668.0,,30179.86,28,8,0,0
100451,43,1982,16,3,1,,18000.0,608.0,0.0,0.0,30,2,1,0
100452,34,1991,6,1,0,1610.0,26500.0,637.0,10501.65,8898.74,7,0,2,0
100453,31,1993,7,3,1,1840.0,26000.0,,7567.62,8617.11,39,11,0,0
100454,46,1979,5,2,1,,27000.0,,0.0,469.81,17,4,0,0
100455,64,1961,2,2,1,1770.0,27000.0,614.0,7287.03,8246.08,13,10,0,0
100456,22,2002,2,2,1,,24500.0,679.0,37508.67,34179.84,46,6,0,0
100457,36,1988,6,2,1,1690.0,18000.0,744.0,24457.78,26289.72,15,0,0,0
100458,44,1980,0,3,1,,36000.0,705.0,15481.23,15637.23,17,5,0,0
100459,44,1981,1,1,1,2460.0,27500.0,741.0,0.0,0.0,6,7,1,0
100460,37,1988,5,2,1,910.0,6000.0,480.0,286.56,237.73,12,24,0,0
100461,75,1949,9,2,1,1860.0,33000.0,794.0,15436.14,14939.85,15,0,0,0
100462,52,1972,12,3,1,2330.0,27500.0,659.0,,27712.44,30,2,0,0
100463,31,1993,2,1,1,3670.0,48500.0,670.0,0.0,0.0,15,2,0,1
100464,18,2006,0,1,1,,5000.0,642.0,1931.17,1759.41,7,7,0,0
100465,43,1981,15,2,0,,10500.0,615.0,1890.74,1757.47,4,2,0,0
100466,68,1956,24,1,1,2280.0,39000.0,719.0,0.0,0.0,11,0,1,0
100467,49,1976,6,2,0,1620.0,34000.0,588.0,,3325.9,9,0,0,1
100468,18,2007,0,1,0,,32500.0,564.0,25354.39,22178.75,2,4,0,1
100469,25,2000,0,1,1,990.0,10000.0,595.0,10582.08,13291.29,12,13,1,0
100470,48,1976,23,2,1,3390.0,38500.0,850.0,66387.03,69186.94,10,1,0,0
100471,62,1963,16,3,1,1590.0,10000.0,688.0,61849.87,58501.42,14,7,1,0
100472,48,1977,9,1,0,2010.0,21000.0,679.0,0.0,0.0,6,0,1,1
100473,48,1977,10,3,1,,27500.0,558.0,3360.6,3149.03,45,6,0,0
100474,62,1963,19,2,0,1760.0,19500.0,588.0,0.0,0.0,5,0,0,0
100475,65,1960,20,4,1,2620.0,24500.0,537.0,40441.74,45313.51,18,6,0,0
100476,36,1989,1,2,1,1200.0,13500.0,748.0,,10734.94,12,5,0,0
100477,53,1972,16,4,1,1450.0,17000.0,848.0,8233.87,8176.02,15,1,0,0
100478,32,1992,10,2,1,1780.0,21000.0,667.0,25524.16,25218.5,24,8,0,0
100479,30,1995,3,2,1,,15500.0,541.0,3544.38,2850.38,18,2,0,1
100480,55,1970,9,1,0,,81500.0,813.0,114242.58,38709.32,9,1,1,0
100481,25,2000,1,1,1,2760.0,33500.0,553.0,7179.63,6033.76,16,1,1,0
100482,49,1976,15,2,1,2060.0,30500.0,740.0,15806.35,20755.97,21,6,0,0
100483,51,1974,2,1,1,1440.0,23500.0,636.0,8810.76,7309.78,12,4,0,0
100484,59,1965,10,2,1,1450.0,11000.0,621.0,2079.87,6076.63,10,10,0,0
100485,29,1995,1,1,1,1220.0,19000.0,534.0,2765.46,2961.88,22,3,0,0
100486,52,1973,3,2,1,1010.0,21500.0,587.0,552.23,542.13,19,19,1,0
100487,44,1980,20,2,1,1620.0,25500.0,638.0,12139.92,11173.45,14,1,1,1
100488,68,1957,14,1,0,1510.0,22000.0,730.0,71620.32,81149.21,4,0,1,0
100489,35,1990,5,1,1,,15500.0,623.0,0.0,0.0,12,7,0,0
100490,29,1996,6,2,1,2170.0,34500.0,598.0,35671.82,32050.19,14,5,1,0
100491,54,1971,1,3,1,2030.0,28500.0,665.0,23943.0,25121.98,18,3,1,0
100492,33,1992,5,4,1,960.0,20000.0,638.0,3283.95,4032.27,39,18,0,0
100493,27,1998,8,2,1,,14000.0,658.0,0.0,408.13,16,6,0,0
100494,60,1965,0,2,0,2060.0,30500.0,685.0,7734.4,6074.98,9,0,0,1
100495,52,1973,11,4,1,3910.0,65500.0,694.0,35310.87,30518.34,45,0,0,0
100496,18,2007,0,1,1,1290.0,14000.0,558.0,,7408.7,13,9,0,0
100497,32,1992,3,2,1,2320.0,38000.0,720.0,35332.72,32392.87,20,13,0,0
100498,29,1995,7,1,0,,16500.0,506.0,2233.64,2982.33,3,4,0,0
100499,56,1969,6,2,1,1710.0,17500.0,549.0,15328.69,14442.23,2,11,0,0
100500,68,1956,19,2,1,2320.0,44000.0,645.0,46060.27,17778.22,12,0,0,0
100501,77,1947,3,1,1,1780.0,22500.0,651.0,24939.0,23264.03,15,0,2,0
100502,57,1968,9,1,1,4220.0,46500.0,677.0,93818.68,110056.02,17,7,0,0
100503,30,1994,7,2,1,1100.0,8000.0,646.0,1264.88,1238.14,3,7,0,0
100504,29,1996,5,2,1,1390.0,20500.0,606.0,9376.78,18067.57,12,3,0,0
100505,32,1992,2,1,1,920.0,11000.0,507.0,1511.1,1253.3,8,11,2,0
100506,53,1972,8,3,1,2260.0,7500.0,589.0,13162.11,12102.18,20,0,0,0
100507,65,1959,14,1,0,3250.0,36500.0,670.0,12210.0,11574.85,6,5,0,0
100508,18,2007,0,1,1,,13000.0,,1510.74,1802.09,12,31,0,0
100509,55,1970,3,1,0,2510.0,26000.0,593.0,3695.84,3819.59,6,0,0,0
100510,60,1965,15,2,0,1630.0,38000.0,567.0,3059.78,3032.26,9,5,0,0
100511,51,1974,14,3,1,,21000.0,650.0,60249.43,50947.45,37,15,0,0
100512,90,1935,3,1,1,1070.0,7500.0,678.0,6259.29,6193.92,10,0,0,0
100513,54,1971,20,2,1,2330.0,39000.0,839.0,91572.11,81741.64,11,6,0,0
100514,46,1978,2,1,1,2840.0,48500.0,,0.0,0.0,8,6,0,1
100515,55,1970,19,1,0,1920.0,32000.0,684.0,14747.83,17319.74,7,3,0,0
100516,38,1987,1,2,1,880.0,12000.0,746.0,3687.54,3812.61,7,13,0,0
100517,30,1995,2,3,1,1300.0,16500.0,668.0,15305.63,2616.2,4,6,0,1
100518,52,1973,12,2,0,,23500.0,597.0,27775.75,24570.25,4,0,0,0
100519,63,1962,12,1,0,1680.0,20500.0,729.0,0.0,0.0,6,0,0,0
100520,42,1983,5,2,1,1590.0,20000.0,534.0,14641.91,17410.11,13,5,0,0
100521,60,1965,12,2,0,3100.0,40000.0,671.0,49220.71,57144.7,5,3,0,0
100522,40,1985,7,3,1,550.0,12000.0,581.0,1781.5,1556.63,20,8,0,0
100523,70,1954,16,2,1,850.0,19500.0,625.0,3551.73,3955.85,13,3,0,0
100524,49,1976,27,3,0,2400.0,41000.0,755.0,0.0,64.95,2,2,0,0
100525,54,1971,14,1,0,1330.0,19000.0,659.0,25109.14,23869.62,3,0,1,0
100526,57,1968,13,2,1,830.0,7000.0,546.0,1905.56,1468.76,7,11,0,1
100527,26,1999,6,1,1,2120.0,23000.0,694.0,10677.13,9574.6,16,4,0,0
100528,43,1982,5,1,1,2800.0,22000.0,757.0,,29023.85,31,4,0,0
100529,74,1951,19,4,1,990.0,15500.0,628.0,12162.59,11275.5,10,0,0,0
100530,47,1978,3,1,1,2360.0,27500.0,836.0,,23230.38,15,3,0,0
100531,67,1958,8,1,1,1380.0,14000.0,640.0,10154.52,8038.09,15,1,1,0
100532,59,1966,23,2,1,3780.0,41500.0,850.0,216198.46,199440.58,34,0,0,0
100533,19,2006,1,1,0,1070.0,10000.0,,801.19,913.64,3,4,0,0
100534,57,1967,7,1,0,3560.0,33000.0,651.0,14181.16,12278.99,4,2,0,0
100535,30,1994,3,2,0,1460.0,17500.0,663.0,885.76,280.79,5,0,0,1
100536,50,1975,25,2,1,,40500.0,725.0,112391.89,120220.71,29,3,0,0
100537,40,1985,4,2,0,2060.0,19000.0,570.0,6289.81,8278.63,2,2,0,0
100538,46,1979,20,2,1,3030.0,62500.0,640.0,0.0,0.0,35,5,0,0
100539,45,1979,3,1,1,2330.0,24000.0,697.0,5490.24,5479.17,15,1,0,0
100540,50,1974,11,1,0,2840.0,71000.0,817.0,25662.98,26636.24,6,0,0,0
100541,39,1986,12,2,1,2840.0,28000.0,736.0,4436.41,4595.99,19,18,0,0
100542,26,1999,1,1,1,1030.0,25000.0,681.0,582.33,671.1,1,8,0,1
100543,31,1994,5,1,0,1570.0,24500.0,696.0,8864.04,6354.29,7,2,0,1
100544,60,1964,4,1,0,1530.0,36000.0,552.0,3876.52,4121.47,8,4,0,0
100545,72,1952,19,2,1,1190.0,9000.0,726.0,,29474.48,14,6,0,0
100546,49,1976,14,2,1,2970.0,39000.0,607.0,14936.72,15997.07,11,0,1,0
100547,59,1965,17,1,0,2580.0,25000.0,571.0,38645.67,40016.33,8,0,0,0
100548,61,1964,7,2,1,2010.0,30000.0,766.0,4979.81,4731.88,12,7,0,0
100549,26,1998,3,2,1,1080.0,12000.0,615.0,1734.23,1861.68,25,24,0,0
100550,18,2007,0,1,1,2590.0,34000.0,,12492.45,11414.74,14,20,0,0
100551,45,1980,0,1,1,1430.0,11500.0,506.0,916.85,365.58,21,6,2,0
100552,18,2007,0,1,1,1260.0,17500.0,,0.0,0.0,13,12,0,0
100553,42,1982,18,2,1,,21500.0,682.0,9303.41,10867.84,16,6,0,0
100554,24,2000,4,1,1,1230.0,9500.0,,1094.79,1078.27,12,14,0,0
100555,37,1987,0,1,1,2460.0,30500.0,770.0,10803.76,14057.34,57,15,1,0
100556,35,1990,3,1,1,,13500.0,464.0,833.7,718.85,4,12,2,1
100557,54,1971,28,2,1,3280.0,42500.0,744.0,,0.0,17,0,0,0
100558,36,1989,7,2,1,1780.0,24500.0,507.0,3284.3,3401.68,17,5,0,0
100559,29,1996,7,2,1,1840.0,16500.0,688.0,0.0,121.55,14,4,0,0
100560,47,1978,1,1,0,1570.0,17500.0,714.0,50967.8,57706.7,9,5,1,0
100561,90,1935,9,3,1,,17000.0,605.0,45512.19,13785.56,17,0,0,1
100562,53,1972,15,3,1,5020.0,62500.0,665.0,,105307.22,20,1,0,0
100563,18,2007,0,1,1,1350.0,15000.0,598.0,0.0,0.0,15,1,0,0
100564,47,1977,24,1,1,1190.0,22500.0,650.0,1205.96,1242.18,0,11,0,0
100565,85,1940,11,2,0,3030.0,35000.0,640.0,155650.76,166782.68,3,0,0,0
100566,49,1975,4,1,1,2020.0,24000.0,554.0,1446.71,1382.03,16,8,0,0
100567,65,1960,7,1,1,5130.0,50500.0,820.0,101864.37,110169.2,23,0,0,0
100568,63,1962,11,3,0,2540.0,37500.0,627.0,27417.3,38511.13,8,0,1,0
100569,64,1960,18,1,1,1580.0,19000.0,764.0,74467.94,81574.09,21,0,0,0
100570,62,1963,1,1,1,2940.0,31500.0,728.0,6519.19,6530.54,36,5,0,0
100571,50,1975,13,1,1,1660.0,13500.0,773.0,36370.03,36740.3,13,3,0,0
100572,43,1982,13,1,1,2820.0,58000.0,741.0,50452.85,53070.73,2,8,1,0
100573,42,1983,13,1,1,,20500.0,799.0,38744.68,29890.91,27,3,0,0
100574,48,1976,17,3,1,1980.0,14000.0,698.0,11481.08,11249.57,15,8,0,0
100575,52,1973,0,1,0,3260.0,26000.0,712.0,0.0,0.0,3,4,0,1
100576,27,1998,7,2,0,,17000.0,524.0,44926.61,43398.98,7,4,0,0
100577,42,1983,5,1,0,1680.0,14500.0,549.0,0.0,0.0,8,0,0,1
100578,45,1980,23,1,0,3190.0,16500.0,809.0,,70253.1,8,5,0,0
100579,48,1976,21,1,1,5560.0,60500.0,850.0,109653.02,214539.33,21,6,0,0
100580,41,1984,2,2,1,,32000.0,679.0,0.0,0.0,15,4,0,0
100581,58,1966,16,2,1,2890.0,40000.0,785.0,56701.12,45829.11,35,3,0,0
100582,44,1980,6,1,0,2560.0,18500.0,613.0,7760.05,9154.12,6,0,0,0
100583,40,1985,2,1,1,3860.0,58500.0,681.0,6922.19,6004.58,31,7,1,0
100584,27,1997,5,2,1,810.0,4000.0,697.0,,0.0,16,2,0,0
100585,34,1991,12,3,1,,14500.0,680.0,6948.6,15408.43,49,27,0,0
100586,49,1975,13,3,1,,44500.0,642.0,0.0,0.0,11,3,0,0
100587,48,1976,8,1,0,1480.0,22000.0,659.0,2663.1,2496.03,6,3,0,1
100588,18,2007,0,1,1,2430.0,19000.0,666.0,9588.23,9714.14,16,3,0,0
100589,60,1964,13,2,0,1710.0,12000.0,624.0,38744.2,41891.83,8,0,1,0
100590,35,1990,3,2,1,,31000.0,434.0,5188.56,5667.52,12,0,1,1
100591,32,1993,12,1,0,1900.0,22000.0,692.0,6911.87,2988.0,5,5,0,1
100592,63,1962,8,1,0,1400.0,15500.0,652.0,8433.55,1795.34,4,4,1,1
100593,63,1961,16,1,0,1830.0,30500.0,642.0,9757.42,9024.97,4,0,0,0
100594,35,1990,11,1,1,1980.0,31500.0,698.0,18099.95,20942.28,18,11,0,0
100595,41,1984,20,4,1,2220.0,21000.0,649.0,28429.7,28612.59,25,5,0,0
100596,28,1997,3,1,1,3500.0,93500.0,757.0,146789.6,130531.88,24,13,0,0
100597,58,1966,9,1,0,2680.0,51500.0,641.0,10119.95,7631.39,4,0,1,1
100598,60,1965,17,1,0,2530.0,24500.0,700.0,0.0,0.0,3,0,0,0
100599,39,1986,3,1,1,3610.0,48500.0,,30708.64,27436.77,6,13,0,0
100600,67,1958,8,1,0,2260.0,27500.0,532.0,13170.27,13801.0,9,2,0,0
100601,60,1965,6,1,0,,20500.0,585.0,2290.91,2185.3,9,1,1,1
100602,44,1981,5,1,1,,26500.0,594.0,18458.3,2655.92,10,5,0,1
100603,57,1968,5,1,1,,27000.0,737.0,12187.37,12075.6,6,7,0,1
100604,21,2004,0,2,1,,14500.0,,9804.11,9416.46,10,3,0,0
100605,42,1983,0,2,1,2710.0,15000.0,697.0,0.0,0.0,19,20,0,0
100606,50,1975,11,3,1,3990.0,66500.0,736.0,,45704.65,20,11,0,0
100607,46,1979,3,1,0,1800.0,27000.0,628.0,,14548.22,7,0,0,0
100608,77,1948,1,1,1,2000.0,26000.0,629.0,39410.37,37251.02,10,0,0,0
100609,51,1974,16,1,0,1510.0,26500.0,710.0,11594.74,13014.55,1,0,0,0
100610,51,1974,0,2,0,,54000.0,,9106.0,8205.1,7,1,0,0
100611,26,1999,5,2,1,1230.0,15000.0,686.0,3138.05,3449.03,29,15,0,0
100612,43,1982,13,1,1,,12500.0,497.0,3290.5,2680.14,6,10,0,0
100613,34,1991,7,1,1,,17000.0,727.0,7634.28,8804.85,20,10,0,0
100614,81,1943,21,2,1,1050.0,6000.0,617.0,26712.73,23572.55,39,0,0,0
100615,40,1985,15,2,1,1530.0,16500.0,665.0,0.0,0.0,19,1,0,0
100616,48,1977,17,1,0,1450.0,16000.0,534.0,2794.92,2630.36,4,2,0,0
100617,64,1961,9,1,0,4320.0,124000.0,800.0,57103.05,47687.5,2,0,0,0
100618,56,1969,9,1,0,2300.0,46000.0,605.0,59163.37,61797.31,4,0,0,0
100619,25,1999,1,2,0,,29500.0,606.0,8375.7,8977.64,9,3,1,0
100620,56,1969,7,1,0,2020.0,29000.0,583.0,,16114.97,9,5,0,0
100621,57,1967,3,1,1,1230.0,14000.0,625.0,712.24,662.94,14,3,0,0
100622,43,1981,17,3,1,3080.0,93000.0,685.0,4110.5,4162.12,15,0,0,0
100623,53,1972,21,2,0,1200.0,12500.0,655.0,2676.87,2679.08,7,4,0,0
100624,48,1977,20,1,1,1390.0,11500.0,696.0,,3402.47,9,16,0,0
100625,25,2000,5,2,1,,22500.0,694.0,13299.76,7020.77,12,4,0,1
100626,38,1987,2,3,1,1350.0,32000.0,522.0,2694.05,2223.82,27,3,0,0
100627,46,1979,9,1,1,2730.0,62000.0,722.0,16404.93,17577.07,21,2,0,0
100628,37,1988,15,1,0,2080.0,16500.0,586.0,0.0,0.0,0,5,0,0
100629,54,1971,21,2,1,1710.0,14500.0,715.0,0.0,581.64,3,9,0,0
100630,61,1964,16,1,0,3050.0,32500.0,723.0,120458.17,34246.11,9,1,0,0
100631,50,1975,2,2,1,2470.0,41500.0,651.0,112021.15,107642.23,21,0,0,0
100632,40,1985,10,1,1,2790.0,28000.0,727.0,39548.76,36683.49,15,5,0,0
100633,66,1959,16,3,1,1060.0,20000.0,672.0,7485.95,8189.57,11,1,0,0
100634,48,1977,17,1,1,2980.0,53000.0,676.0,15305.79,14243.75,10,0,0,1
100635,51,1974,12,1,1,2220.0,21500.0,586.0,0.0,0.0,14,8,0,0
100636,35,1990,13,2,1,2080.0,19000.0,764.0,0.0,0.0,24,14,1,0
100637,43,1982,2,2,1,1370.0,11000.0,535.0,0.0,0.0,16,0,0,0
100638,61,1963,31,1,1,2760.0,85500.0,769.0,,4861.76,12,12,0,0
100639,57,1967,9,1,0,,26000.0,720.0,,11902.36,0,0,0,0
100640,43,1982,3,1,1,,16000.0,674.0,0.0,1854.15,9,7,0,0
100641,46,1979,3,2,1,3110.0,46500.0,715.0,8633.06,8616.63,24,10,0,0
100642,49,1975,10,1,1,4230.0,33500.0,776.0,29263.9,11945.35,3,21,0,0
100643,32,1992,7,1,1,1980.0,18500.0,638.0,0.0,0.0,7,6,0,0
100644,43,1981,6,3,1,1080.0,22000.0,548.0,783.4,627.0,26,4,0,0
100645,38,1987,0,1,0,3490.0,78000.0,676.0,49486.89,45561.21,9,1,0,0
100646,25,2000,3,1,0,1210.0,13500.0,676.0,499.42,473.85,3,5,0,0
100647,48,1976,23,3,1,3150.0,31000.0,766.0,31895.56,36153.1,27,4,0,1
100648,44,1981,10,3,1,2460.0,21000.0,669.0,36797.99,37366.88,48,11,1,0
100649,24,2001,0,1,1,2330.0,29000.0,570.0,2557.69,2586.81,16,11,0,0
100650,34,1991,4,2,1,1830.0,24000.0,749.0,6215.18,7178.94,15,11,0,0
100651,45,1979,0,2,1,1450.0,11000.0,,1744.24,1844.5,13,6,0,0
100652,18,2007,0,2,1,1280.0,12000.0,,0.0,0.0,25,22,0,0
100653,49,1975,4,2,1,1790.0,21500.0,770.0,34131.2,42235.48,14,9,0,0
100654,50,1974,28,1,0,1240.0,17500.0,670.0,47076.26,49480.35,5,0,0,1
100655,56,1969,21,2,1,3370.0,64000.0,750.0,0.0,0.0,48,1,0,0
100656,37,1988,7,1,1,1560.0,16500.0,643.0,941.32,835.56,12,9,0,0
100657,25,1999,3,1,1,,15000.0,,8148.07,7823.91,5,12,1,0
100658,55,1970,22,1,1,4490.0,76500.0,786.0,,80593.7,14,7,1,0
100659,25,2000,2,1,1,,15500.0,608.0,0.0,0.0,11,17,0,0
100660,54,1971,5,2,1,1120.0,20000.0,744.0,3406.37,2305.71,15,0,0,1
100661,36,1989,8,1,1,,15500.0,571.0,2240.16,2093.94,10,12,1,1
100662,31,1994,9,2,1,2670.0,25500.0,674.0,3475.03,2835.33,20,0,1,0
100663,50,1975,17,4,1,3240.0,54000.0,703.0,22762.5,22185.19,23,14,0,0
100664,63,1962,11,1,0,2710.0,31500.0,553.0,4164.22,3900.12,8,0,0,0
100665,44,1981,8,2,1,1910.0,34000.0,582.0,21841.04,20989.91,28,5,0,0
100666,42,1983,9,2,1,1070.0,13500.0,669.0,6966.39,6552.95,12,7,0,0
100667,21,2004,0,1,0,750.0,9000.0,610.0,3673.95,3262.82,4,3,0,0
100668,58,1967,23,2,1,1360.0,18000.0,538.0,10716.76,10457.91,18,5,2,0
100669,47,1978,16,1,1,,12500.0,582.0,1306.38,389.52,3,15,1,1
100670,42,1982,4,1,1,4200.0,22500.0,654.0,30951.18,12195.03,67,0,0,1
100671,66,1958,9,1,0,,11500.0,648.0,5441.16,5755.86,3,0,0,0
100672,22,2003,0,1,1,,19500.0,789.0,0.0,0.0,20,2,0,0
100673,38,1987,5,1,0,1420.0,10500.0,796.0,822.3,899.79,4,0,0,0
100674,46,1978,8,2,1,1820.0,21500.0,777.0,15708.48,13305.42,13,8,0,0
100675,42,1982,12,1,1,1430.0,26000.0,726.0,0.0,175.39,19,3,1,0
100676,18,2007,0,2,1,,8000.0,615.0,0.0,0.0,14,3,0,0
100677,51,1974,11,1,1,,35500.0,655.0,0.0,0.0,4,10,0,0
100678,46,1979,12,1,1,2240.0,27500.0,682.0,6716.39,6273.8,18,9,0,0
100679,61,1963,3,1,0,1610.0,11000.0,703.0,,10929.38,7,0,0,0
100680,77,1948,10,1,1,,7000.0,850.0,,18036.85,18,0,1,0
100681,43,1982,1,1,0,,79500.0,727.0,23711.63,12879.59,3,5,1,1
100682,52,1973,23,2,1,2620.0,25000.0,694.0,82042.63,83051.44,26,1,0,0
100683,50,1975,20,2,1,1830.0,31000.0,714.0,5737.44,6626.42,33,4,0,0
100684,49,1976,25,3,0,,19500.0,710.0,6547.87,6104.75,9,0,0,0
100685,44,1981,17,1,1,910.0,11000.0,653.0,3461.56,3901.88,22,0,0,0
100686,52,1973,0,1,1,2150.0,15500.0,591.0,,14290.47,17,1,0,0
100687,63,1962,11,1,0,,9500.0,717.0,39517.66,39863.69,7,0,0,0
100688,33,1992,3,2,1,1620.0,17000.0,540.0,981.72,837.72,8,6,0,0
100689,75,1950,23,1,1,1890.0,29500.0,728.0,,30286.62,34,0,0,0
100690,54,1971,7,1,0,,12500.0,615.0,4258.94,775.09,6,4,0,1
100691,51,1974,17,1,1,2650.0,26500.0,585.0,0.0,0.0,13,2,0,0
100692,18,2006,0,1,1,,11500.0,678.0,,0.0,19,4,0,0
100693,46,1979,6,1,1,,21000.0,608.0,0.0,0.0,7,14,1,0
100694,31,1993,7,2,1,1690.0,18000.0,754.0,10108.48,13037.43,15,3,0,0
100695,55,1969,16,4,1,2540.0,25000.0,713.0,23799.66,21726.11,37,0,1,0
100696,60,1965,6,1,1,2010.0,27500.0,680.0,5130.37,4508.19,13,0,0,0
100697,63,1962,2,2,0,1820.0,19500.0,,8251.73,8111.09,5,0,0,0
100698,44,1981,17,2,1,2340.0,50000.0,811.0,6781.48,7613.72,30,5,0,0
100699,45,1980,8,1,1,1870.0,31000.0,636.0,,1488.58,24,0,1,0
100700,53,1972,10,1,0,,17000.0,,2889.46,1972.15,2,0,0,1
100701,18,2007,0,2,1,2210.0,22500.0,614.0,4806.51,3975.56,16,6,0,0
100702,39,1986,12,1,0,1230.0,18000.0,700.0,5326.2,6458.98,1,0,0,0
100703,38,1987,5,1,1,1900.0,21500.0,706.0,9327.82,10060.4,27,16,0,0
100704,54,1971,9,3,0,3010.0,25500.0,699.0,11488.02,11327.6,5,3,0,0
100705,39,1986,3,1,1,2530.0,30500.0,731.0,19250.83,22178.33,21,0,0,0
100706,57,1968,9,2,1,,27000.0,800.0,111531.3,110495.11,19,5,1,0
100707,43,1982,9,1,0,2890.0,32500.0,600.0,39597.29,47472.19,1,2,1,0
100708,59,1966,19,1,1,,37500.0,788.0,16179.88,21919.17,22,10,1,0
100709,79,1946,6,2,1,,20000.0,622.0,38341.39,40076.11,14,0,1,0
100710,69,1956,9,1,1,2290.0,25000.0,804.0,67940.44,24958.36,24,5,1,0
100711,60,1965,19,2,1,2390.0,21500.0,734.0,,69152.15,10,0,0,0
100712,63,1962,29,3,1,2560.0,32000.0,683.0,0.0,0.0,27,0,0,0
100713,41,1984,13,1,0,,39500.0,725.0,,0.0,2,1,0,0
100714,34,1991,3,1,1,2270.0,36000.0,621.0,111492.47,140640.82,10,1,0,1
100715,33,1991,12,4,1,,10500.0,537.0,132.25,121.24,25,12,0,0
100716,49,1976,0,1,0,1690.0,25500.0,709.0,4305.59,1805.6,6,4,0,1
100717,68,1957,20,1,0,1110.0,10500.0,641.0,3905.55,4637.77,8,0,0,0
100718,35,1990,11,1,1,1910.0,24000.0,694.0,6144.03,7458.84,14,11,0,0
100719,53,1972,8,2,1,,48500.0,558.0,4266.32,475.62,11,0,1,1
100720,27,1997,0,1,1,,28500.0,711.0,13281.92,13096.52,32,9,1,1
100721,28,1997,0,1,0,,18000.0,578.0,153.51,186.54,2,2,0,1
100722,59,1966,8,1,1,1680.0,17500.0,648.0,8255.15,9647.04,2,6,1,0
100723,36,1989,6,2,1,3430.0,39000.0,645.0,55930.57,61198.97,23,1,1,0
100724,35,1990,14,3,1,3220.0,53000.0,758.0,6425.41,6689.96,54,5,0,0
100725,76,1948,18,1,0,2650.0,39000.0,718.0,85700.61,98263.72,3,0,0,0
100726,47,1978,13,1,1,2300.0,33000.0,625.0,,11970.05,20,7,1,0
100727,45,1980,6,1,1,1680.0,18500.0,592.0,365.2,397.04,24,0,0,0
100728,43,1981,8,1,1,2150.0,23000.0,739.0,,0.0,14,0,0,0
100729,52,1972,8,2,1,1790.0,10500.0,557.0,0.0,0.0,4,14,0,0
100730,35,1989,3,1,1,1000.0,9500.0,752.0,4098.2,3629.21,17,0,1,0
100731,47,1978,11,1,1,2250.0,35000.0,624.0,20342.64,20626.19,21,9,0,0
100732,62,1963,10,2,1,3500.0,57500.0,734.0,33712.12,37037.19,28,0,0,0
100733,41,1984,8,2,1,3060.0,50000.0,664.0,11979.38,11436.3,22,2,1,0
100734,18,2007,0,1,1,1710.0,26000.0,,12900.05,12060.22,36,8,0,0
100735,36,1989,7,2,1,1450.0,18000.0,730.0,19442.53,16832.28,16,14,0,0
100736,58,1966,16,1,0,1350.0,10000.0,654.0,0.0,2252.65,5,4,0,1
100737,63,1961,9,2,1,1990.0,34500.0,813.0,0.0,0.0,26,0,0,0
100738,51,1973,3,1,1,2340.0,36500.0,555.0,11989.32,5780.37,10,3,0,1
100739,67,1957,0,1,0,2400.0,22000.0,,93863.45,116968.82,4,0,1,0
100740,30,1994,2,2,1,1850.0,23500.0,664.0,0.0,0.0,14,11,0,0
100741,65,1960,17,1,1,,25000.0,785.0,186740.8,94572.37,11,0,0,1
100742,49,1976,3,1,0,,15000.0,676.0,4602.98,5059.41,9,0,0,1
100743,56,1969,3,1,1,,16000.0,602.0,75927.69,47196.94,10,2,0,1
100744,18,2007,0,2,1,,5500.0,590.0,0.0,1199.48,7,13,1,0
100745,59,1965,22,1,0,1480.0,21500.0,669.0,36646.37,37216.1,3,0,0,0
100746,49,1976,2,3,0,1980.0,14500.0,768.0,5767.91,5469.88,7,0,0,0
100747,75,1950,20,1,1,1000.0,14000.0,619.0,46492.68,44490.51,12,0,0,0
100748,49,1975,1,1,0,2410.0,50500.0,689.0,24632.86,39776.66,6,1,0,0
100749,31,1994,5,1,1,1880.0,24500.0,597.0,5323.72,4284.51,12,4,1,1
100750,34,1991,5,1,0,,10000.0,649.0,0.0,0.0,6,5,0,0
100751,52,1973,22,1,0,,30000.0,583.0,12805.27,5415.68,5,3,0,1
100752,51,1974,30,4,1,1890.0,21500.0,599.0,0.0,0.0,40,1,0,0
100753,36,1988,5,1,1,1310.0,14500.0,586.0,6818.56,6658.13,7,10,0,0
100754,30,1995,3,1,0,2340.0,45000.0,632.0,0.0,0.0,5,4,0,0
100755,69,1956,3,1,1,790.0,6500.0,816.0,25123.1,24542.65,18,6,0,0
100756,42,1983,6,2,1,1880.0,41500.0,567.0,4703.44,5033.91,13,0,0,0
100757,45,1980,16,1,1,2600.0,22500.0,661.0,30882.72,16216.37,23,0,0,0
100758,38,1987,11,2,1,,33000.0,667.0,18975.24,19061.6,15,11,1,0
100759,67,1958,15,1,0,1860.0,18500.0,826.0,47109.23,60737.3,6,0,0,0
100760,63,1962,0,1,0,,26500.0,591.0,0.0,0.0,3,5,1,0
100761,31,1994,11,1,1,1670.0,30500.0,762.0,,0.0,15,0,1,0
100762,45,1980,13,2,1,,8500.0,532.0,30008.44,24225.31,2,6,0,1
100763,32,1993,7,1,1,1400.0,44500.0,643.0,,6252.15,9,13,0,0
100764,74,1951,9,3,1,1310.0,20500.0,702.0,91077.66,102968.11,20,0,0,0
100765,53,1972,8,1,1,2850.0,51500.0,735.0,0.0,0.0,18,13,0,0
100766,42,1983,9,1,1,3210.0,31000.0,616.0,83162.95,73959.59,25,1,0,0
100767,41,1983,10,1,1,1770.0,29000.0,701.0,7788.87,8371.39,5,8,1,0
100768,54,1971,6,1,0,900.0,9500.0,666.0,883.68,942.34,5,0,0,1
100769,42,1982,19,3,1,2090.0,24000.0,806.0,34811.08,31860.4,16,0,0,0
100770,69,1956,22,2,1,1610.0,17500.0,814.0,13017.87,13260.55,11,0,0,0
100771,32,1993,5,2,0,,22500.0,667.0,0.0,0.0,2,2,0,1
100772,27,1998,3,1,1,1000.0,12500.0,,11020.71,10946.27,11,11,0,0
100773,67,1958,18,2,1,2000.0,43500.0,707.0,29741.7,30328.48,10,3,2,0
100774,40,1984,11,2,1,1360.0,28000.0,595.0,2161.64,2201.39,22,1,0,0
100775,67,1958,11,1,1,3350.0,78500.0,767.0,,74958.31,15,0,0,0
100776,59,1966,4,1,0,,92500.0,692.0,15337.79,3054.02,2,0,1,1
100777,26,1999,0,1,0,3480.0,85000.0,786.0,,21761.64,4,5,0,0
100778,37,1988,18,2,1,1710.0,21000.0,590.0,26641.57,24448.81,13,3,0,0
100779,47,1978,15,2,1,3340.0,32500.0,850.0,0.0,0.0,8,34,0,0
100780,43,1982,11,3,0,,20500.0,678.0,8395.31,2473.78,3,2,2,1
100781,51,1974,13,4,0,2030.0,16000.0,673.0,33162.93,30360.62,9,0,0,0
100782,37,1988,4,2,1,1760.0,16500.0,776.0,16820.31,15275.52,15,10,0,0
100783,45,1979,1,1,0,2810.0,24500.0,604.0,7318.25,7171.94,6,1,1,1
100784,61,1964,1,1,1,2870.0,36000.0,594.0,52072.21,57308.47,18,0,2,0
100785,66,1959,23,2,1,1890.0,22500.0,700.0,32688.86,12314.42,17,12,0,0
100786,34,1990,9,3,1,2740.0,26500.0,850.0,8517.41,8411.18,47,8,0,0
100787,43,1982,18,1,0,1780.0,18500.0,625.0,0.0,0.0,8,0,0,0
100788,44,1981,13,1,1,,51500.0,750.0,5963.98,5528.08,15,1,0,0
100789,26,1999,4,2,1,,12500.0,709.0,493.36,249.01,32,18,0,0
100790,60,1965,4,1,1,1130.0,15000.0,537.0,1734.99,2020.6,15,0,0,0
100791,54,1971,15,3,1,3010.0,27000.0,664.0,6209.02,7876.19,9,6,0,0
100792,54,1971,7,2,0,1620.0,22500.0,759.0,5106.77,4980.9,1,0,0,0
100793,44,1980,3,2,1,1970.0,17500.0,808.0,17340.18,13500.49,31,8,0,0
100794,59,1966,3,1,0,1970.0,30500.0,775.0,0.0,0.0,4,4,0,0
100795,60,1965,18,1,1,1860.0,22000.0,583.0,12099.45,14085.63,16,6,0,0
100796,63,1962,8,2,1,1560.0,8000.0,577.0,0.0,0.0,13,4,0,0
100797,43,1982,4,1,1,1370.0,8500.0,567.0,0.0,0.0,18,17,0,0
100798,51,1974,15,1,1,2060.0,17500.0,678.0,25011.61,24402.97,10,9,0,0
100799,40,1984,4,1,1,1330.0,20000.0,570.0,6832.58,7683.64,16,0,0,0
100800,41,1984,12,1,1,,33500.0,734.0,10341.97,9495.69,10,0,0,0
100801,61,1964,17,1,1,1730.0,20000.0,702.0,55609.96,50136.22,8,6,0,1
100802,47,1978,23,1,1,1490.0,18000.0,730.0,12363.3,12597.02,6,21,0,0
100803,44,1980,9,2,0,1790.0,19500.0,,2523.71,2178.11,4,1,1,1
100804,55,1970,0,2,0,3290.0,40500.0,709.0,5014.92,3455.47,6,0,0,1
100805,56,1969,31,3,0,800.0,13500.0,494.0,1678.36,1306.98,8,2,0,0
100806,35,1990,11,1,1,1550.0,15500.0,,6079.45,7042.27,19,28,0,0
100807,36,1988,4,1,1,1180.0,29500.0,608.0,0.0,0.0,8,8,0,0
100808,57,1968,6,1,1,,36500.0,643.0,0.0,0.0,25,8,0,0
100809,54,1971,24,1,0,2190.0,26500.0,720.0,14516.31,25789.55,7,4,0,0
100810,43,1982,6,1,0,2600.0,30500.0,615.0,,6256.68,6,0,0,0
100811,64,1961,4,1,1,3300.0,77500.0,709.0,72851.93,60446.67,4,8,3,0
100812,45,1980,0,2,1,1730.0,38500.0,601.0,24036.64,23031.71,18,4,2,0
100813,18,2007,0,1,1,1610.0,24000.0,,,0.0,17,4,0,1
100814,34,1990,8,2,1,1480.0,22500.0,600.0,7207.75,7700.85,8,7,0,0
100815,24,2001,5,1,1,,27500.0,,20675.88,20367.69,35,13,0,0
100816,63,1962,12,3,0,1940.0,16500.0,691.0,,9918.83,4,5,1,1
100817,54,1971,28,2,1,1750.0,20000.0,649.0,18489.44,10817.16,15,0,0,0
100818,48,1977,11,4,1,2910.0,29500.0,644.0,36656.69,50641.49,39,1,0,0
100819,18,2007,0,1,1,920.0,10500.0,,663.47,769.47,16,14,1,0
100820,24,2001,3,1,1,1720.0,16000.0,692.0,8087.78,8179.26,7,14,0,0
100821,44,1981,11,1,1,2060.0,26000.0,658.0,0.0,0.0,22,3,0,0
100822,19,2005,0,1,1,890.0,18500.0,,1573.87,3112.74,8,19,1,0
100823,60,1965,3,1,0,1520.0,21000.0,674.0,9682.93,10323.13,2,0,0,1
100824,44,1981,4,1,1,2700.0,32500.0,745.0,68916.08,68258.59,14,3,0,0
100825,44,1981,15,2,1,5040.0,53000.0,712.0,,175941.39,46,12,0,0
100826,45,1980,20,1,1,,62500.0,720.0,81964.65,100354.03,7,16,0,0
100827,32,1992,0,1,1,1590.0,16000.0,542.0,3019.61,3266.38,4,12,0,0
100828,30,1995,10,2,1,1360.0,12500.0,603.0,17024.61,14364.29,28,5,0,0
100829,18,2007,0,2,1,,23500.0,632.0,6515.52,7807.89,25,1,0,0
100830,46,1979,5,1,1,1980.0,24500.0,617.0,21886.02,13384.67,12,0,0,1
100831,52,1973,23,4,1,,12500.0,655.0,2362.7,2628.84,6,8,0,0
100832,42,1983,7,1,1,2080.0,17500.0,686.0,1546.89,1645.68,7,17,0,0
100833,42,1982,3,1,1,1650.0,16500.0,621.0,1781.2,1845.64,5,16,0,1
100834,32,1992,0,4,1,,33500.0,738.0,12800.89,15981.12,10,13,0,0
100835,50,1974,9,1,1,2530.0,48500.0,643.0,38439.15,33461.72,22,5,0,0
100836,18,2007,0,1,0,1250.0,10000.0,,0.0,0.0,5,2,0,1
100837,29,1996,4,2,0,,28000.0,709.0,27395.64,22940.77,5,2,0,0
100838,36,1989,4,2,1,3090.0,29500.0,560.0,,7845.06,43,6,1,0
100839,38,1986,13,2,1,4010.0,18500.0,632.0,25841.09,31874.5,33,0,0,0
100840,49,1976,7,1,1,2890.0,38500.0,610.0,23445.35,65525.8,19,0,0,0
100841,43,1981,22,1,1,1490.0,26000.0,739.0,0.0,0.0,18,0,0,0
100842,48,1977,11,2,1,2560.0,45500.0,593.0,2074.75,2014.61,25,5,0,0
100843,65,1959,8,3,1,2670.0,23000.0,713.0,85339.48,90478.02,24,3,0,0
100844,67,1958,0,1,0,2180.0,49000.0,746.0,6793.12,1223.47,3,2,0,0
100845,56,1969,17,2,1,2070.0,36000.0,813.0,42788.6,34518.1,13,6,1,0
100846,65,1960,10,4,1,2830.0,35500.0,,71476.71,74484.75,23,0,1,0
100847,72,1952,10,2,1,3740.0,49500.0,814.0,8617.51,3025.28,13,0,0,0
100848,52,1973,13,2,1,1990.0,23000.0,685.0,,4048.51,10,10,0,0
100849,25,2000,2,2,1,1340.0,11000.0,713.0,3227.07,2902.54,44,0,0,0
100850,61,1964,6,1,0,,35500.0,676.0,76007.4,98447.46,9,4,1,1
100851,31,1994,4,1,1,,34000.0,788.0,0.0,0.0,8,8,0,0
100852,74,1951,2,1,0,2160.0,24500.0,656.0,86089.84,102811.01,9,0,0,0
100853,72,1953,17,1,1,,12500.0,696.0,,6312.84,10,1,0,1
100854,38,1986,9,1,1,1500.0,14500.0,690.0,3182.01,3066.85,14,0,0,0
100855,30,1995,0,2,1,,8000.0,586.0,606.0,517.4,25,11,0,0
100856,36,1989,10,2,1,3340.0,34500.0,600.0,3368.93,4092.54,25,1,0,0
100857,45,1980,9,2,1,2440.0,21500.0,644.0,4389.19,5260.01,21,12,0,0
100858,65,1960,14,1,1,1980.0,15000.0,556.0,0.0,0.0,12,0,0,0
100859,27,1997,1,2,1,650.0,6500.0,591.0,249.77,198.21,16,1,0,0
100860,59,1966,5,1,1,3490.0,89500.0,786.0,118792.79,132145.31,10,7,1,0
100861,18,2006,0,1,1,1290.0,9000.0,,0.0,0.0,21,2,1,0
100862,64,1960,30,2,1,1180.0,26000.0,686.0,8997.99,10599.27,19,4,1,0
100863,45,1980,12,2,1,2070.0,20000.0,656.0,6629.88,7305.1,10,1,0,0
100864,49,1976,11,1,0,1700.0,21500.0,,82042.82,71117.36,6,3,0,0
100865,44,1981,23,3,1,3600.0,56500.0,754.0,44097.51,63784.86,31,0,0,0
100866,60,1965,23,1,1,3360.0,35500.0,556.0,77451.63,82946.64,28,9,0,0
100867,52,1973,8,3,1,,13000.0,784.0,7214.5,7489.58,28,11,1,0
100868,71,1954,5,1,1,2030.0,19000.0,659.0,153420.94,144341.41,18,0,0,0
100869,19,2006,0,1,1,2670.0,31500.0,824.0,16330.75,15282.69,40,32,0,0
100870,32,1993,8,1,1,1460.0,15000.0,678.0,25746.37,28774.38,17,5,0,0
100871,26,1999,2,1,0,,16000.0,658.0,3282.27,1103.11,3,3,0,1
100872,57,1968,32,3,1,2910.0,48000.0,712.0,26154.83,22181.74,44,0,0,0
100873,21,2004,1,1,1,1250.0,13500.0,,1449.51,1459.73,25,5,1,0
100874,82,1943,15,2,1,,24000.0,610.0,358695.44,308038.28,15,0,0,0
100875,47,1978,18,1,0,1580.0,14500.0,724.0,43390.57,42722.25,2,0,0,0
100876,64,1961,2,1,1,,22000.0,,54099.09,53409.05,21,0,0,0
100877,32,1993,10,1,1,1540.0,14500.0,707.0,21919.84,21077.19,4,7,0,0
100878,49,1976,12,4,1,2860.0,28000.0,664.0,,5799.21,16,5,1,1
100879,55,1970,21,1,1,,12000.0,658.0,0.0,0.0,3,6,0,1
100880,35,1989,1,1,1,5130.0,78000.0,,,229645.08,16,31,0,0
100881,43,1982,22,2,1,1790.0,36000.0,652.0,21942.41,25637.26,13,5,0,0
100882,69,1956,15,3,1,2510.0,12500.0,779.0,242049.58,275264.99,21,6,0,0
100883,65,1960,29,1,0,4030.0,61000.0,800.0,0.0,0.0,6,1,0,0
100884,55,1970,12,1,0,,24500.0,585.0,0.0,0.0,5,1,1,1
100885,76,1949,10,1,1,2030.0,25000.0,773.0,464457.29,490667.53,24,0,0,0
100886,18,2006,0,1,0,1210.0,16500.0,,0.0,0.0,8,0,0,1
100887,50,1975,22,1,1,2870.0,45500.0,738.0,15646.64,16635.6,15,13,0,0
100888,40,1984,0,2,0,1280.0,14500.0,464.0,90.41,108.26,0,0,0,0
100889,67,1958,28,1,0,2810.0,40000.0,596.0,65966.93,38416.35,8,2,0,1
100890,63,1962,26,1,1,,7500.0,626.0,27685.55,24313.21,13,0,0,1
100891,64,1961,11,1,0,2700.0,28000.0,704.0,,82996.66,6,0,0,0
100892,37,1988,2,1,1,1560.0,24500.0,567.0,2635.69,2308.12,23,6,0,0
100893,54,1971,12,2,1,2200.0,32000.0,692.0,18025.23,16038.17,11,0,0,0
100894,62,1963,0,1,0,1280.0,23500.0,614.0,4974.43,4640.92,6,0,1,1
100895,65,1960,15,1,1,1330.0,20500.0,663.0,17506.25,19122.27,12,3,0,0
100896,32,1993,5,1,1,2080.0,23000.0,677.0,19814.4,18405.04,17,4,1,0
100897,36,1989,11,2,1,1600.0,13500.0,633.0,6661.85,7684.91,23,8,0,0
100898,50,1975,14,1,0,,48000.0,577.0,16865.81,18263.28,9,0,0,0
100899,67,1958,7,2,1,3080.0,39500.0,545.0,149071.33,156875.89,19,0,2,0
100900,55,1970,8,3,1,1080.0,14500.0,,7765.36,7473.28,13,0,0,0
100901,67,1958,4,1,0,,24500.0,548.0,0.0,0.0,4,0,0,1
100902,18,2006,0,1,1,660.0,8500.0,,2409.32,2882.06,12,6,0,0
100903,42,1982,8,1,1,,30500.0,580.0,,16810.59,25,3,1,1
100904,53,1972,18,3,0,2380.0,34000.0,734.0,28475.51,26024.09,4,0,0,0
100905,50,1975,11,2,1,2830.0,41000.0,601.0,58718.67,64047.76,4,11,0,0
100906,18,2007,0,1,1,2030.0,29000.0,632.0,0.0,0.0,16,8,0,0
100907,63,1962,23,3,1,2290.0,21000.0,835.0,29780.92,28037.94,31,1,0,0
100908,51,1974,19,2,1,4710.0,79000.0,744.0,43259.9,56988.72,11,5,1,0
100909,39,1986,14,1,0,1650.0,21500.0,611.0,22961.89,23712.64,3,3,0,0
100910,64,1961,4,1,1,1660.0,27000.0,728.0,34949.82,15119.12,19,0,1,0
100911,20,2005,1,1,1,1410.0,12000.0,,,9067.77,7,7,0,0
100912,38,1987,9,2,1,1570.0,17000.0,725.0,928.74,919.22,26,10,0,0
100913,59,1966,25,2,1,3040.0,26000.0,637.0,61181.65,52638.93,43,0,0,0
100914,52,1973,4,3,1,5380.0,96000.0,850.0,331203.61,309564.2,24,7,0,0
100915,43,1982,6,1,1,2610.0,36000.0,693.0,322038.35,310861.77,27,0,0,0
100916,44,1980,19,3,1,1280.0,18000.0,529.0,0.0,0.0,17,9,0,0
100917,42,1983,0,1,0,3470.0,61000.0,676.0,110263.96,139942.63,7,0,1,0
100918,59,1966,16,2,0,,10000.0,717.0,0.0,0.0,8,0,0,0
100919,41,1984,20,2,1,1770.0,34500.0,614.0,151045.97,142875.2,45,3,1,0
100920,56,1968,13,1,0,2670.0,30000.0,614.0,52185.58,49708.09,5,2,0,1
100921,18,2007,0,1,1,1340.0,7000.0,736.0,4956.99,4735.34,15,2,0,0
100922,64,1961,0,1,1,1540.0,22500.0,586.0,0.0,505.39,1,6,0,0
100923,83,1942,23,2,0,1830.0,15000.0,768.0,22930.31,12157.43,3,0,0,0
100924,53,1972,19,2,1,,13500.0,650.0,11410.33,5627.95,4,16,0,1
100925,45,1980,3,1,1,,18000.0,504.0,,6363.3,8,7,0,0
100926,38,1987,14,3,1,1630.0,14500.0,542.0,8264.78,7464.99,32,0,0,0
100927,56,1969,14,2,1,2820.0,50500.0,676.0,179849.54,145554.29,16,1,1,0
100928,36,1988,11,3,1,1190.0,11000.0,838.0,1337.58,1268.61,24,5,0,0
100929,34,1991,9,1,0,1580.0,13000.0,453.0,4221.04,3823.61,3,2,0,0
100930,18,2006,0,2,1,1460.0,10500.0,,3016.35,3500.64,20,13,0,0
100931,50,1974,15,2,0,1540.0,38000.0,722.0,4991.88,5700.91,3,3,0,0
100932,42,1983,10,2,1,2650.0,29000.0,746.0,73558.57,81849.03,14,5,1,0
100933,42,1983,10,1,1,2130.0,33000.0,819.0,34074.7,36500.86,46,1,0,0
100934,46,1978,3,2,1,2580.0,34000.0,647.0,11258.68,26626.63,16,11,0,0
100935,35,1990,8,1,1,1590.0,18500.0,665.0,9333.69,12318.68,39,7,0,0
100936,49,1976,1,1,0,,17500.0,550.0,0.0,0.0,7,0,0,0
100937,30,1995,1,1,1,1580.0,20000.0,622.0,1998.36,2235.85,15,5,1,0
100938,44,1981,11,4,1,,54000.0,701.0,63032.53,50315.41,39,5,0,0
100939,42,1983,9,1,1,1720.0,39500.0,699.0,11394.95,10468.83,6,6,1,1
100940,20,2005,0,1,1,1240.0,19000.0,,2315.75,2883.48,10,7,0,1
100941,28,1996,1,1,1,,7000.0,,792.96,686.47,13,0,0,1
100942,37,1988,5,2,1,1920.0,15500.0,588.0,0.0,0.0,10,9,0,0
100943,38,1987,11,2,1,2790.0,13000.0,789.0,84014.93,115214.53,36,8,0,0
100944,50,1975,2,1,0,,24000.0,583.0,8015.26,9617.11,4,0,1,1
100945,40,1984,6,2,1,2190.0,25000.0,736.0,0.0,0.0,49,11,0,0
100946,45,1980,7,1,1,,11500.0,654.0,2167.4,1518.68,15,2,2,1
100947,40,1985,12,1,0,2450.0,55000.0,608.0,11441.2,7391.6,4,1,0,1
100948,18,2007,0,1,1,840.0,15500.0,612.0,8839.02,9346.82,15,13,0,0
100949,44,1981,9,1,0,1060.0,13000.0,665.0,2746.96,3176.31,3,1,0,0
100950,33,1992,10,2,1,1610.0,20000.0,643.0,3299.56,3485.84,27,4,0,0
100951,44,1981,17,1,1,,17000.0,709.0,6378.69,5238.34,13,0,0,0
100952,35,1990,1,1,0,,21500.0,685.0,8901.08,8080.59,4,3,0,0
100953,56,1969,2,2,0,2720.0,26000.0,753.0,30806.38,27966.28,1,0,0,1
100954,45,1980,1,3,1,1700.0,14000.0,,3549.81,2949.85,37,4,0,0
100955,57,1968,3,2,0,2120.0,14500.0,621.0,19466.48,6487.09,8,4,0,1
100956,58,1967,26,1,1,,10000.0,719.0,4494.61,10744.82,14,0,0,0
100957,38,1986,4,1,1,2120.0,26500.0,613.0,0.0,606.78,16,3,0,1
100958,58,1967,19,4,1,2980.0,35000.0,813.0,0.0,0.0,62,11,0,1
100959,49,1975,15,4,1,,29500.0,778.0,110996.4,33370.05,23,18,0,0
100960,30,1995,6,2,0,2580.0,27500.0,673.0,10925.87,9812.2,2,4,0,0
100961,44,1980,0,1,1,3740.0,24500.0,570.0,65599.42,66008.51,29,0,0,0
100962,47,1978,10,1,1,1200.0,13500.0,676.0,3430.1,3275.42,19,10,0,0
100963,65,1960,22,1,1,1940.0,12500.0,675.0,0.0,0.0,22,0,0,0
100964,41,1983,6,1,1,,17500.0,689.0,24681.44,18366.95,6,9,1,1
100965,70,1955,18,1,1,,12500.0,641.0,18071.95,13938.89,20,0,0,0
100966,58,1967,24,4,1,3210.0,65000.0,778.0,58071.26,62126.43,38,0,0,0
100967,18,2007,0,2,1,1460.0,19500.0,580.0,,133.64,32,12,0,0
100968,30,1994,6,1,1,1830.0,11500.0,648.0,6091.19,4428.15,12,2,0,1
100969,55,1970,3,1,0,1940.0,40500.0,677.0,4477.57,5081.3,1,0,0,0
100970,24,2000,1,1,1,1250.0,7000.0,641.0,400.15,1039.58,14,4,0,0
100971,53,1972,20,1,0,3440.0,80500.0,703.0,,0.0,7,0,0,0
100972,67,1958,7,1,1,,8000.0,693.0,12643.36,11622.92,11,3,0,0
100973,42,1983,16,2,1,1760.0,33000.0,663.0,,6620.19,11,2,0,1
100974,67,1958,17,3,1,2040.0,17500.0,701.0,0.0,0.0,17,0,0,0
100975,66,1959,13,1,1,1040.0,12000.0,513.0,0.0,0.0,13,0,0,0
100976,45,1980,1,2,1,3230.0,49500.0,595.0,27718.11,23573.77,32,0,0,0
100977,45,1980,15,2,1,,23000.0,692.0,119603.02,111179.72,13,0,0,0
100978,49,1976,7,2,0,,12000.0,701.0,2778.2,2853.88,9,4,0,0
100979,53,1971,2,3,1,2300.0,16500.0,685.0,3049.11,3057.85,11,21,0,0
100980,23,2002,0,1,0,940.0,11500.0,635.0,1055.71,1092.86,3,1,0,0
100981,44,1981,7,1,1,2120.0,34000.0,585.0,16487.87,18213.75,22,0,1,0
100982,21,2004,1,1,1,1510.0,13000.0,585.0,2885.52,2778.36,10,3,0,0
100983,41,1984,7,1,1,1890.0,25000.0,680.0,9878.57,10871.76,10,0,0,0
100984,43,1982,2,2,1,2380.0,40500.0,652.0,8189.83,9208.94,10,14,0,0
100985,19,2006,0,2,1,2470.0,68000.0,620.0,0.0,0.0,26,14,0,0
100986,27,1997,2,1,1,,20000.0,571.0,2704.53,2953.41,22,5,0,0
100987,40,1985,6,1,0,2160.0,12000.0,732.0,0.0,0.0,5,2,0,0
100988,78,1947,4,1,1,1700.0,19000.0,671.0,12362.57,13673.9,10,0,0,0
100989,25,2000,0,1,1,2140.0,24000.0,622.0,779.04,920.34,11,4,0,0
100990,48,1976,13,2,1,3570.0,26500.0,723.0,0.0,0.0,13,10,0,0
100991,33,1992,9,2,1,1740.0,20500.0,732.0,7689.11,8169.99,58,4,0,0
100992,40,1985,1,1,1,2700.0,36000.0,567.0,3801.46,1786.93,19,1,0,0
100993,61,1964,10,3,1,1500.0,18000.0,747.0,34189.27,35716.15,46,0,0,0
100994,51,1974,7,2,0,2500.0,28500.0,658.0,4335.81,4258.19,4,0,0,0
100995,52,1973,7,1,0,3490.0,42000.0,744.0,12389.96,22196.51,7,0,0,0
100996,53,1972,0,3,1,2480.0,51000.0,718.0,12860.34,14023.19,9,7,1,1
100997,55,1970,15,2,1,,44500.0,710.0,17855.47,17556.83,12,2,0,1
100998,18,2007,0,1,1,1120.0,13500.0,,4051.21,10737.28,9,25,0,0
100999,52,1972,22,1,1,5630.0,82500.0,850.0,0.0,0.0,16,0,0,0
101000,45,1980,17,2,1,1660.0,18500.0,522.0,12313.19,12340.83,5,13,0,0
101001,52,1973,19,2,1,2350.0,36000.0,704.0,12534.92,13252.4,20,0,0,0
101002,59,1966,18,1,1,2040.0,33500.0,599.0,0.0,0.0,7,9,1,0
101003,52,1973,6,1,1,,28500.0,646.0,7451.91,7487.55,3,7,1,0
101004,56,1969,3,2,1,1630.0,26000.0,643.0,11313.79,5135.14,28,4,0,0
101005,28,1997,1,1,1,2180.0,26000.0,570.0,15713.15,15774.38,8,14,0,0
101006,53,1972,3,1,0,,29000.0,586.0,25549.27,28557.07,7,1,1,1
101007,44,1981,2,1,1,3180.0,37500.0,627.0,15969.7,21452.47,34,2,0,0
101008,45,1980,7,1,0,2230.0,21500.0,644.0,15641.35,15701.91,5,1,0,0
101009,66,1959,14,3,1,2020.0,21500.0,,21660.49,16482.9,9,7,0,0
101010,39,1986,15,1,0,990.0,7500.0,583.0,2373.71,582.45,3,5,1,1
101011,36,1989,3,1,1,2860.0,31500.0,808.0,0.0,417.97,0,7,0,0
101012,26,1999,5,2,1,,24000.0,641.0,476.3,554.75,54,25,0,0
101013,42,1982,4,3,1,4230.0,121000.0,682.0,75404.77,80267.77,27,11,0,0
101014,62,1962,11,1,0,2320.0,26000.0,634.0,0.0,0.0,3,0,0,0
101015,21,2004,1,2,1,2040.0,31000.0,731.0,7599.11,7955.54,21,1,0,1
101016,50,1975,2,2,0,2300.0,23500.0,777.0,1901.11,1951.31,9,2,0,0
101017,18,2006,0,1,1,,27500.0,,0.0,0.0,22,8,0,1
101018,36,1989,9,4,1,2380.0,24500.0,655.0,3085.03,3910.81,20,1,0,0
101019,53,1972,8,2,1,1850.0,17500.0,748.0,26583.95,27611.46,6,16,1,0
101020,38,1987,8,3,1,,30500.0,558.0,0.0,0.0,30,3,0,1
101021,28,1997,2,2,1,1030.0,5500.0,521.0,1821.97,1591.92,7,14,0,0
101022,40,1985,16,2,1,2680.0,39500.0,664.0,23105.04,26226.25,17,0,0,0
101023,61,1964,23,1,0,2360.0,22500.0,817.0,27519.26,25319.57,4,0,0,0
101024,68,1957,22,2,0,1670.0,13500.0,568.0,20054.43,18785.41,7,0,1,0
101025,69,1956,6,2,1,3940.0,57000.0,609.0,35411.51,12277.12,21,0,0,1
101026,56,1969,19,2,1,2600.0,34000.0,675.0,21745.55,29454.28,16,0,0,0
101027,51,1974,11,1,0,,21500.0,522.0,5889.97,5349.54,9,0,0,1
101028,61,1964,6,1,1,,57000.0,674.0,27984.49,24910.68,10,8,1,1
101029,29,1995,7,2,1,880.0,7000.0,645.0,,677.09,14,13,0,0
101030,31,1994,3,3,1,1620.0,18000.0,,0.0,0.0,19,4,0,0
101031,65,1960,14,1,1,1910.0,17000.0,680.0,0.0,0.0,12,0,0,0
101032,59,1966,23,2,1,,17000.0,601.0,14388.3,18309.14,19,13,1,0
101033,59,1966,0,1,1,1730.0,25500.0,444.0,1619.68,445.05,11,2,1,0
101034,49,1975,20,3,1,3170.0,26500.0,720.0,63255.8,57002.3,1,6,0,0
101035,34,1991,3,1,1,1400.0,20000.0,,9560.27,8802.16,17,4,1,0
101036,30,1995,8,1,0,1930.0,24500.0,681.0,0.0,0.0,3,1,0,0
101037,60,1965,13,1,0,1430.0,12000.0,625.0,5167.79,6421.73,6,0,0,0
101038,62,1962,8,2,1,1390.0,13500.0,681.0,9228.33,9492.1,10,1,0,0
101039,29,1996,6,1,1,3070.0,30000.0,808.0,13919.32,12860.4,10,3,0,0
101040,35,1990,17,2,1,1870.0,28500.0,709.0,7009.62,7623.36,3,12,1,0
101041,44,1980,16,1,1,2960.0,19500.0,563.0,22509.36,20338.27,14,0,0,0
101042,59,1966,24,1,0,5280.0,35500.0,838.0,140845.93,317319.56,9,0,1,0
101043,41,1984,2,1,1,1390.0,22000.0,582.0,8268.3,7869.01,12,6,0,0
101044,33,1992,0,3,1,,10500.0,732.0,8449.57,7763.22,21,7,0,0
101045,61,1963,26,2,0,2150.0,31500.0,664.0,64874.81,69437.75,5,5,0,0
101046,55,1969,7,1,1,2360.0,14000.0,709.0,16862.28,9509.06,15,0,1,0
101047,36,1989,3,1,1,3010.0,28000.0,,5812.56,10372.58,15,2,0,0
101048,36,1989,0,1,1,780.0,5500.0,564.0,953.85,1003.05,7,19,0,0
101049,63,1962,25,1,1,2430.0,41500.0,665.0,47739.34,46100.35,34,8,1,0
101050,27,1998,8,1,1,2170.0,35000.0,,0.0,0.0,21,5,0,0
101051,42,1983,5,1,0,1860.0,25500.0,595.0,0.0,0.0,6,1,1,0
101052,53,1972,15,2,1,1370.0,41500.0,665.0,787.26,760.65,11,0,0,0
101053,48,1977,15,1,0,1410.0,10500.0,737.0,11190.36,23779.43,7,1,0,0
101054,60,1965,16,1,1,,31500.0,850.0,,0.0,16,0,0,0
101055,20,2005,0,2,1,1210.0,20500.0,620.0,0.0,0.0,15,11,0,0
101056,46,1978,14,1,1,4700.0,46500.0,747.0,51077.18,51125.43,6,6,0,1
101057,51,1974,23,1,1,5550.0,31500.0,799.0,574077.73,617208.41,19,1,0,0
101058,51,1973,13,1,1,2370.0,44500.0,666.0,19816.11,3780.52,18,2,0,1
101059,55,1970,0,1,1,,21500.0,633.0,20600.87,13994.31,21,4,0,1
101060,28,1997,7,2,1,,23500.0,491.0,428.63,506.49,16,8,0,0
101061,68,1957,22,2,1,680.0,13000.0,655.0,5341.88,4891.82,11,9,0,0
101062,53,1971,10,2,1,2440.0,34000.0,646.0,17513.11,20190.53,27,3,0,0
101063,54,1970,30,2,0,2340.0,28000.0,629.0,0.0,210.53,2,1,0,0
101064,37,1988,9,1,1,1520.0,15500.0,623.0,0.0,0.0,3,14,0,0
101065,49,1975,0,1,0,1940.0,37500.0,605.0,3003.06,3257.62,9,1,0,0
101066,66,1958,7,1,0,3010.0,32000.0,840.0,0.0,0.0,9,0,0,1
101067,46,1979,3,1,1,3400.0,27000.0,695.0,5993.69,7187.39,23,10,1,0
101068,49,1975,14,2,1,1460.0,8500.0,686.0,44516.91,18637.28,11,0,0,0
101069,51,1974,13,3,1,3380.0,63000.0,,36405.28,34964.77,25,12,0,0
101070,22,2002,1,2,1,1350.0,19500.0,648.0,372.19,1107.43,25,3,0,0
101071,43,1982,3,1,1,2380.0,17500.0,838.0,,11543.16,5,6,0,0
101072,56,1969,10,3,1,1190.0,13000.0,587.0,4423.96,3954.25,11,5,0,0
101073,39,1986,7,1,0,2630.0,26000.0,646.0,0.0,0.0,6,4,0,0
101074,45,1979,2,1,1,,16000.0,737.0,15484.24,15063.02,11,7,0,0
101075,46,1979,4,1,0,2630.0,27000.0,638.0,58894.76,60182.8,5,4,0,1
101076,22,2003,1,1,1,990.0,6500.0,598.0,1945.92,2163.6,11,2,0,0
101077,58,1966,2,2,1,,23000.0,655.0,,21553.53,13,0,0,1
101078,26,1998,2,2,1,1020.0,18500.0,524.0,1823.35,1619.71,11,22,0,0
101079,52,1973,19,1,1,,21500.0,812.0,94044.35,113613.25,21,11,0,0
101080,44,1981,11,2,1,2390.0,35500.0,700.0,30200.56,27077.48,14,0,0,0
101081,41,1984,16,1,1,3140.0,38500.0,563.0,10936.6,9698.35,23,2,1,0
101082,47,1977,15,2,1,3620.0,55000.0,653.0,48879.87,53390.89,51,9,0,0
101083,57,1968,23,4,1,5670.0,133000.0,687.0,,212007.98,22,3,0,0
101084,58,1967,10,3,1,1840.0,19500.0,633.0,36611.32,36197.67,39,3,0,0
101085,40,1984,3,2,0,1510.0,13000.0,626.0,2459.65,732.24,1,0,1,1
101086,44,1981,8,2,1,1600.0,17000.0,629.0,4460.34,4306.18,13,15,0,0
101087,33,1992,12,2,1,2840.0,17500.0,664.0,62537.46,52159.34,45,5,0,0
101088,24,2001,0,2,1,1670.0,19500.0,603.0,1226.87,1277.1,20,6,0,0
101089,60,1965,10,1,1,3450.0,32500.0,797.0,0.0,0.0,16,3,0,0
101090,30,1995,5,1,1,810.0,15500.0,617.0,5264.88,3861.17,10,1,0,1
101091,35,1990,10,2,1,2610.0,37500.0,739.0,2111.17,2268.17,18,4,0,0
101092,52,1973,11,3,1,,30000.0,714.0,6733.72,6459.67,21,2,0,0
101093,26,1998,2,1,1,,10000.0,597.0,3511.58,3282.04,13,10,0,0
101094,53,1971,8,1,0,2110.0,28500.0,758.0,21278.31,24687.85,3,3,0,1
101095,33,1991,4,1,1,1000.0,10500.0,627.0,3026.84,3365.28,11,8,1,0
101096,29,1995,6,2,1,1840.0,27500.0,564.0,,3442.91,42,1,0,0
101097,37,1988,6,2,1,1570.0,38000.0,641.0,6091.82,5524.58,57,10,1,1
101098,33,1992,2,2,1,1500.0,18000.0,,8242.25,7919.65,30,0,1,0
101099,50,1975,5,1,1,1890.0,20500.0,788.0,9558.93,6508.5,3,6,0,1
101100,67,1958,7,2,0,840.0,11500.0,594.0,3309.28,3945.59,9,0,0,0
101101,56,1969,26,2,1,,34500.0,726.0,76080.88,89457.06,13,14,0,0
101102,53,1972,19,4,1,,23500.0,653.0,111616.56,101732.55,8,11,1,0
101103,37,1987,18,2,1,2100.0,46500.0,676.0,11846.43,12061.07,14,3,0,0
101104,42,1983,3,3,0,2180.0,17500.0,507.0,0.0,0.0,3,0,0,0
101105,47,1978,2,1,1,1070.0,12000.0,646.0,2765.97,2300.15,23,0,0,1
101106,45,1980,9,2,1,3190.0,54000.0,719.0,53310.07,45706.0,18,2,0,0
101107,48,1977,6,1,1,4550.0,55000.0,704.0,66940.46,61764.77,13,5,0,0
101108,28,1997,2,1,0,,14500.0,658.0,15577.6,12475.98,4,0,0,1
101109,72,1952,19,2,1,2260.0,20500.0,617.0,35355.78,35567.85,13,0,0,0
101110,25,2000,5,2,1,,12000.0,697.0,8358.14,7228.74,13,4,2,1
101111,43,1981,17,1,0,,22500.0,641.0,14408.5,14863.41,5,4,1,1
101112,58,1967,1,2,1,2550.0,42000.0,578.0,,14679.46,21,4,0,0
101113,34,1991,6,2,1,,23000.0,657.0,9851.35,10679.33,26,3,0,0
101114,61,1963,7,1,1,1330.0,18500.0,644.0,5286.16,5433.87,3,11,0,0
101115,24,2000,1,2,1,1220.0,11500.0,651.0,2987.9,2847.33,29,6,0,0
101116,34,1991,6,1,1,,8000.0,597.0,3479.14,3681.02,17,0,0,0
101117,18,2006,0,2,1,2200.0,32500.0,,2511.81,2485.43,6,8,0,0
101118,61,1963,23,1,1,2840.0,40000.0,820.0,15667.11,17852.65,17,0,0,0
101119,27,1997,6,3,1,2630.0,29500.0,738.0,28943.48,26553.7,32,3,0,0
101120,35,1990,11,3,1,,25500.0,605.0,2402.48,2221.67,14,1,0,0
101121,57,1968,25,1,0,1890.0,19500.0,689.0,151553.93,145048.51,9,0,0,0
101122,50,1974,26,3,1,,63000.0,662.0,5306.14,5159.54,15,0,0,0
101123,61,1964,3,2,0,1120.0,6500.0,663.0,2282.5,1727.99,0,0,0,1
101124,55,1970,25,1,1,,54000.0,583.0,9133.55,2764.73,5,9,0,1
101125,58,1967,14,1,1,2940.0,25500.0,777.0,95155.93,102361.06,12,9,0,0
101126,38,1987,3,1,1,1520.0,7500.0,618.0,2781.15,2687.96,27,2,0,0
101127,44,1981,24,1,1,3090.0,33500.0,617.0,,11908.36,3,10,0,0
101128,56,1968,12,1,1,3200.0,38500.0,571.0,14014.08,13863.2,15,0,1,0
101129,56,1968,24,1,1,,10000.0,674.0,22656.07,21413.77,6,10,0,0
101130,59,1966,11,2,0,3320.0,82000.0,690.0,60863.32,38562.25,4,0,1,1
101131,34,1991,11,1,1,2250.0,17500.0,537.0,6104.03,4730.82,19,18,0,0
101132,29,1996,7,2,1,2030.0,41000.0,716.0,2948.53,2920.6,22,7,0,0
101133,26,1998,6,1,1,,25000.0,535.0,0.0,0.0,17,6,0,0
101134,38,1987,6,4,1,790.0,14000.0,713.0,339.2,363.04,42,0,0,0
101135,44,1981,6,1,0,1010.0,7500.0,684.0,1192.18,275.7,7,4,0,1
101136,27,1998,2,1,1,,17000.0,582.0,3840.36,915.7,15,0,0,1
101137,42,1982,5,3,1,2430.0,27500.0,775.0,7378.38,7124.84,18,0,1,0
101138,55,1970,18,1,1,,43000.0,704.0,22047.42,22861.74,18,0,0,0
101139,60,1965,8,1,0,2640.0,50000.0,671.0,12203.22,13295.09,7,0,0,0
101140,36,1989,2,1,1,1940.0,22000.0,503.0,4156.1,3646.01,12,6,0,0
101141,54,1970,5,1,0,,62500.0,828.0,150568.84,163345.94,4,0,0,1
101142,26,1998,8,1,1,1280.0,26000.0,669.0,1255.92,846.49,11,7,0,1
101143,35,1990,1,1,0,1050.0,14000.0,682.0,1508.28,1286.43,9,5,0,1
101144,47,1978,15,2,1,1860.0,27500.0,614.0,18142.64,10684.62,19,0,0,0
101145,35,1989,6,3,1,1430.0,21500.0,651.0,18145.15,14509.67,15,13,0,0
101146,33,1991,10,3,0,1030.0,22000.0,718.0,3741.68,3617.94,6,0,0,0
101147,49,1976,8,4,0,3820.0,55500.0,666.0,44941.6,46501.65,0,4,1,1
101148,30,1994,10,3,0,1060.0,21000.0,785.0,669.28,700.2,8,4,1,0
101149,47,1978,15,1,0,,20500.0,619.0,1524.69,442.93,8,0,0,0
101150,43,1982,6,1,1,3020.0,31000.0,649.0,25698.39,24608.67,16,0,0,0
101151,53,1972,8,1,0,1850.0,22500.0,699.0,22151.78,24930.27,7,0,0,0
101152,56,1969,24,1,1,2420.0,32000.0,662.0,15480.98,14828.03,6,12,0,0
101153,47,1978,2,2,1,3220.0,47500.0,608.0,0.0,0.0,26,13,0,0
101154,38,1987,6,2,1,2270.0,25500.0,695.0,1663.62,1749.7,18,0,1,0
101155,60,1965,22,3,1,1280.0,14500.0,842.0,6523.64,6544.55,17,21,0,0
101156,48,1976,9,1,0,3630.0,57500.0,598.0,,8302.16,9,0,0,0
101157,32,1993,0,1,1,1390.0,7500.0,557.0,4931.77,5895.75,8,14,0,0
101158,48,1976,24,1,1,1640.0,17000.0,637.0,40597.15,40009.42,12,1,0,0
101159,36,1988,3,1,1,,16000.0,518.0,8116.36,7870.4,18,7,0,0
101160,18,2007,0,1,0,1930.0,17500.0,,15087.94,12655.07,9,3,1,1
101161,31,1994,3,1,1,1620.0,19000.0,602.0,2187.45,2056.41,3,14,0,0
101162,39,1986,6,1,1,1480.0,26500.0,562.0,5406.92,5426.2,17,4,0,0
101163,38,1987,4,1,1,1040.0,10500.0,747.0,,4853.47,10,0,2,1
101164,22,2002,3,1,1,720.0,13000.0,568.0,632.94,584.62,17,6,0,0
101165,40,1984,12,2,1,1600.0,22000.0,826.0,42312.45,45565.47,26,0,0,0
101166,51,1973,21,2,1,1830.0,30000.0,655.0,2064.49,1847.99,18,0,1,0
101167,28,1997,7,1,1,,19500.0,673.0,5100.81,4996.57,22,37,0,0
101168,49,1976,4,2,1,4330.0,42500.0,735.0,14669.03,3425.73,9,6,1,0
101169,18,2007,0,2,1,790.0,5500.0,,0.0,0.0,6,15,1,1
101170,53,1972,4,1,1,2650.0,27500.0,629.0,7902.72,8787.71,1,19,0,0
101171,36,1989,10,2,1,4040.0,58000.0,812.0,,93821.3,23,1,0,0
101172,25,2000,1,2,1,,33500.0,664.0,5929.02,8035.28,16,8,1,0
101173,62,1963,5,2,1,2140.0,22000.0,704.0,11829.86,11939.82,35,0,0,0
101174,52,1972,18,3,0,1970.0,20500.0,823.0,63417.75,44398.25,8,3,1,0
101175,59,1966,15,4,1,,27000.0,715.0,5230.29,4303.74,11,0,0,0
101176,50,1975,1,1,1,2710.0,29500.0,685.0,5078.67,5175.92,4,26,0,0
101177,50,1975,3,2,1,3460.0,52000.0,693.0,0.0,0.0,38,4,1,0
101178,39,1986,12,1,1,1840.0,23000.0,624.0,7676.1,6207.27,22,4,0,0
101179,51,1974,3,1,1,,32000.0,758.0,17603.25,15858.94,25,4,0,0
101180,44,1981,5,3,1,4380.0,77000.0,695.0,230306.67,241988.89,5,6,1,0
101181,35,1990,9,3,1,,10000.0,691.0,,0.0,18,17,0,0
101182,42,1983,6,2,1,2570.0,63500.0,601.0,12788.45,13914.57,6,8,0,0
101183,26,1999,3,2,1,1950.0,19000.0,694.0,33001.69,29128.17,27,6,0,0
101184,45,1979,8,1,1,2040.0,15500.0,540.0,0.0,0.0,35,8,0,0
101185,52,1972,11,1,1,3540.0,33000.0,,28766.77,36533.27,15,3,1,0
101186,47,1978,15,2,1,3150.0,30000.0,711.0,173520.98,39182.61,18,11,0,0
101187,53,1971,6,1,1,1450.0,28500.0,663.0,11160.63,9644.96,1,13,0,0
101188,40,1984,10,2,1,3180.0,45000.0,597.0,10864.3,11899.3,47,7,0,0
101189,45,1979,3,1,1,2070.0,14000.0,802.0,32771.25,50162.43,24,2,0,0
101190,45,1979,14,2,1,,17000.0,577.0,3819.64,4084.05,9,9,0,0
101191,74,1951,13,2,1,1200.0,18000.0,677.0,79048.12,75226.09,23,0,1,0
101192,25,2000,1,2,1,,11500.0,578.0,,2998.85,11,7,0,0
101193,75,1950,4,2,0,,8500.0,563.0,13986.6,13460.79,3,4,0,0
101194,34,1991,4,1,1,2350.0,25000.0,481.0,9107.73,9721.08,38,3,0,0
101195,40,1984,9,1,0,,28500.0,737.0,1824.55,1505.16,9,0,0,0
101196,49,1975,3,1,0,1300.0,19000.0,559.0,752.37,709.48,2,0,0,0
101197,54,1971,12,2,1,1770.0,17000.0,720.0,2741.93,2333.53,11,2,0,0
101198,45,1980,12,3,1,,56500.0,639.0,14882.52,13355.96,25,4,0,0
101199,48,1977,3,1,0,4290.0,67000.0,629.0,24267.93,24500.57,3,0,0,0
101200,66,1959,25,2,0,1170.0,10500.0,666.0,72747.05,64561.53,4,2,2,1
101201,84,1940,16,2,1,,14500.0,700.0,,126.03,13,0,0,0
101202,51,1974,3,2,1,1210.0,12500.0,641.0,0.0,0.0,16,13,0,0
101203,55,1969,12,2,1,3470.0,29500.0,730.0,33689.69,35013.06,29,6,0,0
101204,44,1980,14,1,0,,21000.0,675.0,8843.34,10420.03,9,0,0,0
101205,70,1955,15,1,0,1060.0,12000.0,761.0,24928.58,22061.51,4,5,0,0
101206,43,1982,6,2,1,3750.0,52500.0,749.0,39628.79,32608.05,24,10,0,0
101207,53,1972,20,3,0,2400.0,22500.0,642.0,13860.33,13708.69,6,0,0,0
101208,29,1996,1,2,1,1250.0,14500.0,657.0,4128.29,3919.39,12,8,0,0
101209,18,2007,0,1,1,1040.0,12500.0,,3446.95,3612.76,0,8,1,0
101210,79,1945,6,2,1,1850.0,13500.0,637.0,131457.78,119851.47,13,6,2,0
101211,61,1964,20,1,1,2480.0,25000.0,696.0,114204.98,94435.72,10,0,0,0
101212,59,1966,1,1,0,3170.0,29500.0,655.0,84670.88,112177.46,6,0,0,0
101213,31,1994,4,1,1,1050.0,13000.0,520.0,,0.0,16,11,1,0
101214,21,2004,0,1,1,1240.0,27500.0,,2886.85,3023.46,6,7,0,0
101215,42,1983,11,1,1,,8500.0,,0.0,0.0,12,7,0,0
101216,47,1978,6,2,0,,34000.0,663.0,1685.67,451.15,4,0,0,1
101217,56,1969,21,3,1,1580.0,21000.0,684.0,2187.64,2112.24,13,0,0,0
101218,45,1980,20,1,0,1810.0,11000.0,761.0,9755.89,8397.04,9,5,0,1
101219,64,1960,5,4,1,1840.0,24500.0,653.0,15717.27,16178.98,18,4,0,0
101220,50,1975,13,2,1,2860.0,46000.0,622.0,7757.85,7630.14,8,6,0,0
101221,50,1974,4,2,1,1650.0,17000.0,618.0,0.0,0.0,8,7,0,0
101222,62,1963,22,1,0,4690.0,74500.0,617.0,0.0,0.0,4,0,0,0
101223,35,1990,7,2,1,2470.0,35500.0,722.0,8231.97,7706.83,12,11,0,0
101224,51,1974,11,1,0,2490.0,32000.0,718.0,8187.04,7661.44,4,0,0,0
101225,37,1988,2,1,1,1590.0,23000.0,566.0,1475.63,1202.95,22,23,0,0
101226,35,1990,6,1,1,1350.0,18000.0,593.0,4877.04,9446.65,26,0,0,0
101227,68,1957,6,3,1,1540.0,22500.0,662.0,63987.15,63338.02,10,0,0,0
101228,61,1964,21,3,1,2130.0,20000.0,707.0,50634.64,49945.14,23,2,1,0
101229,53,1971,14,2,0,,19000.0,534.0,,37012.53,5,1,0,0
101230,65,1960,26,1,1,2180.0,13500.0,705.0,22509.78,21687.76,11,0,0,0
101231,51,1973,21,3,1,2660.0,25000.0,589.0,0.0,0.0,26,0,0,0
101232,65,1960,18,1,0,1950.0,16500.0,527.0,98358.85,87821.78,4,0,0,0
101233,33,1992,5,1,1,1410.0,14500.0,613.0,,0.0,12,3,0,0
101234,43,1982,7,1,0,2550.0,46500.0,666.0,138983.09,143519.7,3,2,0,0
101235,51,1973,17,1,1,,35500.0,651.0,121829.94,120203.1,9,9,1,0
101236,30,1995,5,1,1,,12000.0,628.0,791.9,801.67,8,6,0,0
101237,35,1989,1,1,1,710.0,13000.0,682.0,337.71,308.98,11,2,1,0
101238,27,1998,1,1,1,1960.0,19000.0,704.0,,5411.59,22,3,0,0
101239,55,1970,27,1,1,3190.0,24500.0,746.0,83955.15,79989.5,11,0,0,0
101240,38,1987,8,1,1,2850.0,39500.0,652.0,0.0,1498.88,36,3,0,0
101241,49,1976,14,1,0,1380.0,17500.0,619.0,8688.68,7702.17,4,0,0,1
101242,53,1971,11,3,1,2350.0,56500.0,795.0,27238.17,26254.16,9,11,0,1
101243,43,1982,8,1,1,2010.0,36500.0,672.0,2439.17,3131.93,14,6,1,0
101244,46,1979,6,1,0,1920.0,22000.0,558.0,0.0,0.0,6,2,0,1
101245,47,1978,7,1,1,2770.0,30500.0,615.0,,1003.51,15,0,0,0
101246,52,1973,17,1,0,,4500.0,650.0,0.0,0.0,4,0,0,1
101247,65,1960,12,3,1,1970.0,9500.0,654.0,22617.98,20214.67,34,0,0,0
101248,29,1996,3,2,1,1660.0,16000.0,655.0,7506.79,7766.58,29,10,0,0
101249,47,1978,1,1,0,3280.0,41000.0,715.0,8808.22,7042.14,4,0,0,1
101250,27,1998,2,1,1,,23000.0,630.0,,0.0,26,0,1,0
101251,67,1958,5,1,0,2420.0,58500.0,,0.0,0.0,4,5,0,0
101252,18,2007,0,2,1,2820.0,46500.0,748.0,4566.75,4873.15,25,21,0,0
101253,48,1977,1,1,0,2880.0,33000.0,705.0,88362.82,84606.71,4,5,0,0
101254,39,1986,1,1,1,,27500.0,666.0,74151.6,75766.41,20,5,0,1
101255,37,1988,2,1,1,1580.0,27000.0,586.0,12214.28,13510.61,14,5,0,0
101256,56,1969,5,1,1,1930.0,32000.0,644.0,3569.55,3485.22,20,0,0,0
101257,53,1972,3,2,1,1630.0,70500.0,,,6111.83,15,13,0,0
101258,31,1994,7,1,0,,11000.0,560.0,2958.62,2228.98,6,0,0,1
101259,52,1973,13,1,0,,18500.0,620.0,27525.17,25848.33,0,1,0,1
101260,49,1976,2,1,0,1800.0,19000.0,545.0,10195.22,1052.56,3,0,1,1
101261,34,1991,7,2,1,1750.0,31000.0,611.0,3277.1,3998.68,5,7,0,0
101262,24,2001,4,1,1,2310.0,59500.0,689.0,0.0,0.0,25,9,0,0
101263,57,1968,19,1,1,2110.0,27500.0,681.0,,16862.97,11,0,0,0
101264,55,1970,10,3,1,4370.0,48500.0,749.0,32445.91,34493.19,12,0,0,0
101265,53,1972,3,1,0,,15000.0,593.0,1758.96,941.04,8,0,0,1
101266,37,1988,9,1,1,,26500.0,613.0,7528.76,7156.9,5,13,1,1
101267,63,1962,7,1,1,,13000.0,774.0,69204.77,76383.35,17,0,1,0
101268,90,1935,5,1,0,1780.0,21500.0,678.0,28704.47,54631.91,9,0,0,0
101269,48,1976,13,3,1,1710.0,19500.0,687.0,3661.64,3629.53,14,5,0,0
101270,53,1972,12,3,1,,25000.0,733.0,40936.55,39300.93,41,4,0,0
101271,33,1992,5,1,1,3650.0,90500.0,682.0,106769.19,23982.77,17,14,0,1
101272,33,1991,6,2,1,1800.0,20500.0,711.0,13593.87,13691.9,10,5,1,0
101273,71,1953,15,1,0,880.0,13500.0,762.0,56410.88,49425.08,1,0,0,0
101274,79,1946,22,2,0,1230.0,7000.0,643.0,23178.71,23473.35,2,0,2,0
101275,41,1984,7,1,1,,30000.0,575.0,0.0,0.0,1,8,0,1
101276,35,1990,2,1,1,,27500.0,762.0,8187.45,7860.66,12,2,0,1
101277,31,1994,8,1,1,1090.0,10000.0,649.0,3881.59,3629.17,13,0,0,1
101278,36,1988,12,1,1,1920.0,24000.0,617.0,7732.2,6849.94,22,2,0,0
101279,46,1979,16,1,1,1870.0,18000.0,705.0,0.0,0.0,8,13,0,0
101280,26,1998,5,1,0,2250.0,25000.0,,0.0,0.0,2,4,0,0
101281,34,1991,7,1,1,2720.0,42500.0,740.0,76880.3,68074.96,18,6,0,0
101282,59,1965,15,1,1,1810.0,21000.0,732.0,33145.18,40029.08,11,4,0,0
101283,42,1982,6,1,1,1040.0,11000.0,724.0,3580.21,3804.36,22,10,0,0
101284,33,1992,3,2,1,,19500.0,595.0,0.0,0.0,39,10,0,0
101285,27,1998,1,2,1,1920.0,23500.0,624.0,,0.0,10,1,1,0
101286,61,1964,15,1,0,,37000.0,601.0,14020.77,7113.34,4,4,1,1
101287,29,1996,0,1,1,2480.0,33500.0,621.0,2725.37,2856.02,32,0,0,0
101288,43,1981,6,3,1,3560.0,38500.0,762.0,0.0,0.0,20,11,0,0
101289,60,1965,1,1,1,,22500.0,625.0,22316.82,5359.24,13,1,1,0
101290,53,1972,11,2,0,,34500.0,753.0,5859.45,5682.4,2,0,1,0
101291,49,1976,8,1,1,1840.0,22500.0,606.0,11506.1,3704.14,21,3,0,0
101292,49,1976,23,4,1,,75500.0,815.0,58695.14,53645.57,50,12,0,0
101293,31,1994,6,2,1,1250.0,12000.0,586.0,1727.8,2118.8,14,5,0,0
101294,34,1991,5,1,1,740.0,5500.0,455.0,3496.87,4096.41,12,4,1,0
101295,38,1987,5,1,1,890.0,7500.0,541.0,,2357.57,14,8,0,0
101296,18,2007,0,1,1,1530.0,26000.0,692.0,8024.7,6443.29,10,10,1,1
101297,39,1986,15,2,0,,32500.0,577.0,8039.68,8850.75,4,4,0,0
101298,43,1982,14,1,0,3000.0,47000.0,745.0,8057.74,8462.58,4,4,0,0
101299,44,1981,12,1,1,2990.0,55500.0,775.0,31570.0,35489.5,17,8,0,0
101300,43,1982,6,2,0,,34000.0,729.0,3262.88,3455.55,8,5,0,0
101301,48,1977,14,2,1,2130.0,34500.0,762.0,118635.74,134323.44,13,1,0,0
101302,49,1976,14,1,1,,25500.0,639.0,49248.64,51461.18,46,6,0,0
101303,69,1956,2,1,0,740.0,11000.0,582.0,14038.79,13399.82,9,5,0,0
101304,47,1977,12,1,1,,48500.0,623.0,7019.05,7197.54,18,2,0,0
101305,58,1967,24,1,0,2040.0,30500.0,701.0,,9086.18,3,2,0,0
101306,36,1989,3,2,1,2220.0,23500.0,549.0,10270.84,12180.72,26,3,0,0
101307,50,1975,15,1,0,2280.0,19500.0,718.0,38596.74,36821.94,4,0,0,0
101308,49,1976,23,1,1,5230.0,52500.0,741.0,36535.04,30897.43,33,13,0,0
101309,41,1984,11,2,1,1660.0,17500.0,620.0,5449.96,5103.43,19,4,0,0
101310,19,2006,1,2,1,,16000.0,,6935.96,7313.23,10,6,0,0
101311,25,2000,4,1,1,,7500.0,590.0,2235.39,1881.05,22,1,1,1
101312,52,1972,9,1,1,4200.0,44000.0,649.0,13786.36,15114.31,23,0,1,0
101313,44,1981,12,1,1,1010.0,7500.0,648.0,,387.73,8,9,0,0
101314,41,1984,7,2,0,1690.0,22500.0,663.0,5489.07,5112.26,8,1,0,0
101315,35,1990,8,1,1,1010.0,11500.0,644.0,9626.99,7820.77,14,1,0,1
101316,46,1979,10,3,0,,14000.0,664.0,5845.74,6735.21,9,0,0,0
101317,54,1970,13,3,1,,25500.0,539.0,6235.68,2454.48,23,4,0,0
101318,73,1952,12,2,1,,16500.0,664.0,,64007.1,11,0,0,0
101319,45,1980,24,2,1,3560.0,72000.0,610.0,294829.44,310058.97,10,8,0,0
101320,42,1982,19,2,1,1440.0,17000.0,687.0,47410.77,48259.45,50,8,0,0
101321,49,1976,12,1,0,2440.0,49500.0,624.0,25320.24,19421.43,5,4,0,1
101322,63,1961,13,1,1,,22000.0,778.0,10287.57,6078.25,35,14,1,0
101323,80,1944,2,1,0,670.0,10000.0,443.0,41253.42,42617.2,3,0,0,0
101324,54,1971,3,1,1,1520.0,14000.0,611.0,4018.0,3813.82,11,0,0,0
101325,24,2001,3,1,1,940.0,14500.0,573.0,0.0,0.0,24,9,1,0
101326,46,1979,22,4,1,1750.0,17000.0,681.0,0.0,0.0,37,9,0,0
101327,28,1997,1,2,1,2010.0,39500.0,711.0,14302.71,15014.32,34,19,0,0
101328,31,1994,6,2,1,690.0,5500.0,514.0,5419.99,6164.69,12,1,0,1
101329,72,1953,6,1,0,1210.0,23000.0,608.0,,4412.19,4,0,0,0
101330,40,1985,6,4,1,2300.0,22000.0,541.0,0.0,0.0,21,5,0,0
101331,35,1990,11,2,0,,11000.0,,312.52,387.54,2,4,0,0
101332,66,1959,26,1,0,1330.0,12500.0,680.0,28448.46,5089.51,3,0,0,1
101333,47,1978,6,2,1,1700.0,22000.0,539.0,0.0,0.0,39,4,1,0
101334,28,1996,3,1,1,,13000.0,707.0,509.62,617.84,5,9,0,0
101335,46,1979,19,2,1,2230.0,18500.0,687.0,,8326.69,31,38,0,0
101336,25,2000,4,1,1,1000.0,17500.0,544.0,806.09,563.93,10,4,0,1
101337,33,1991,3,2,1,,12000.0,642.0,1494.95,1495.09,8,8,1,0
101338,48,1977,0,1,1,2760.0,35000.0,593.0,6868.65,6305.82,30,29,1,0
101339,18,2006,0,1,0,,14500.0,510.0,962.07,1855.29,2,2,1,0
101340,56,1968,2,1,0,1580.0,14000.0,645.0,1854.18,2243.47,6,2,1,1
101341,49,1976,14,1,1,2380.0,29500.0,604.0,31931.24,30005.1,11,8,0,0
101342,58,1967,22,2,0,,24500.0,711.0,66593.8,180047.14,8,0,1,0
101343,40,1985,10,1,0,4440.0,38000.0,702.0,103485.23,19078.73,6,2,0,0
101344,52,1972,1,1,1,2290.0,15500.0,706.0,14144.24,14021.78,12,2,0,0
101345,31,1994,6,2,1,2230.0,25000.0,,3407.32,3442.82,28,2,0,0
101346,32,1993,4,2,0,1920.0,17000.0,655.0,1081.46,855.51,8,0,0,1
101347,47,1978,3,1,1,1890.0,17000.0,698.0,13864.62,14927.26,46,5,0,0
101348,46,1978,3,1,0,1390.0,20500.0,547.0,1282.79,786.44,8,0,0,1
101349,46,1978,17,2,1,4070.0,44500.0,629.0,145822.26,147156.58,14,4,0,0
101350,66,1958,14,2,1,2230.0,28000.0,682.0,213736.07,234295.28,12,0,0,0
101351,42,1983,6,1,1,,20500.0,621.0,367.27,399.44,3,15,0,1
101352,52,1972,28,2,1,,29500.0,782.0,32663.24,31139.4,15,1,0,0
101353,51,1973,14,2,0,,24500.0,715.0,0.0,0.0,6,4,0,0
101354,48,1977,22,2,1,2610.0,22500.0,614.0,17273.9,15922.2,10,3,1,1
101355,52,1973,19,3,0,1850.0,28500.0,642.0,9682.92,8019.49,9,1,1,1
101356,20,2005,0,1,1,1480.0,37000.0,,3277.83,3692.71,17,7,0,0
101357,37,1988,3,1,1,2790.0,23000.0,720.0,,6614.58,14,5,0,0
101358,62,1963,18,2,1,2120.0,18500.0,657.0,72315.88,78513.54,11,2,0,0
101359,41,1984,15,2,0,1140.0,17000.0,598.0,5933.98,4796.34,8,1,0,1
101360,56,1969,23,1,1,,39000.0,750.0,48924.49,44764.48,15,3,0,0
101361,53,1972,21,3,1,,17500.0,663.0,32603.67,31071.76,6,13,2,1
101362,18,2006,0,1,1,1650.0,17000.0,726.0,1694.5,1527.64,43,25,0,0
101363,26,1998,1,1,0,1860.0,50500.0,,6605.09,6352.85,5,5,1,1
101364,36,1988,4,2,1,1440.0,14000.0,635.0,366.05,409.3,9,9,0,0
101365,36,1989,7,2,1,,58500.0,796.0,10928.1,6231.76,15,5,1,0
101366,39,1986,1,2,1,720.0,5000.0,562.0,0.0,448.14,16,1,1,0
101367,39,1986,9,2,1,1070.0,12500.0,604.0,1094.75,1072.47,12,4,0,0
101368,33,1992,5,2,0,,40500.0,620.0,0.0,0.0,1,4,1,1
101369,36,1989,8,1,1,2010.0,23000.0,712.0,48712.29,47933.07,18,0,0,0
101370,18,2006,0,1,1,2400.0,19500.0,,0.0,2154.38,14,3,0,0
101371,75,1949,22,1,0,1400.0,20500.0,790.0,355021.48,350161.94,7,0,0,0
101372,67,1958,3,2,1,,25000.0,639.0,,65643.88,24,17,1,0
101373,59,1965,8,1,1,3930.0,61500.0,723.0,0.0,0.0,15,7,0,0
101374,44,1981,16,1,0,3090.0,37500.0,770.0,39330.69,30135.74,6,1,0,0
101375,32,1993,4,1,1,3020.0,51000.0,780.0,45968.49,46462.38,22,6,1,0
101376,82,1943,10,1,0,1740.0,28000.0,810.0,0.0,0.0,7,0,0,0
101377,31,1994,4,2,1,,20000.0,740.0,7499.09,6304.32,14,1,0,1
101378,67,1958,4,3,1,1520.0,23000.0,642.0,0.0,0.0,16,7,0,0
101379,50,1975,4,1,1,,18500.0,678.0,8412.34,6940.17,19,1,2,1
101380,32,1993,7,2,1,2050.0,30500.0,661.0,2295.32,2571.38,6,6,0,0
101381,33,1992,7,1,1,960.0,13000.0,650.0,361.77,340.53,44,4,0,0
101382,39,1986,5,2,1,1580.0,24000.0,647.0,8223.37,9877.26,16,3,0,0
101383,36,1989,3,2,1,2580.0,12500.0,749.0,3992.94,3636.69,38,16,0,0
101384,24,2001,1,1,0,,8500.0,595.0,4140.41,1720.87,1,4,0,0
101385,52,1972,31,1,1,1510.0,21000.0,619.0,11975.95,11390.12,13,5,0,0
101386,32,1992,12,1,1,2950.0,39500.0,689.0,302801.95,377609.16,33,9,0,0
101387,57,1968,10,1,0,1980.0,27000.0,660.0,6428.96,3841.58,9,0,0,0
101388,43,1982,11,3,0,4570.0,39500.0,704.0,3884.99,3197.89,4,2,1,1
101389,48,1977,10,2,1,1970.0,21500.0,593.0,16234.8,15283.57,10,0,1,0
101390,47,1978,2,1,1,2920.0,38000.0,,10499.18,12271.48,6,7,0,0
101391,40,1985,2,3,0,,4500.0,530.0,177.07,187.67,9,2,1,0
101392,44,1981,9,1,1,,35000.0,629.0,39819.5,42227.79,24,7,0,0
101393,48,1976,5,2,1,4540.0,40500.0,664.0,54609.96,56868.22,20,3,0,0
101394,80,1945,8,1,1,,31000.0,675.0,8405.4,9323.96,11,0,1,0
101395,26,1998,3,1,0,650.0,12000.0,655.0,765.28,787.43,8,4,0,0
101396,35,1989,7,1,1,,24000.0,,0.0,0.0,20,5,0,0
101397,40,1984,9,1,1,1950.0,20000.0,528.0,25893.09,24901.64,26,0,1,0
101398,27,1998,6,1,1,,31000.0,510.0,871.13,915.48,25,5,2,0
101399,25,1999,2,3,0,2240.0,19000.0,821.0,23143.94,21839.25,9,0,0,0
101400,22,2002,1,2,1,3360.0,59500.0,636.0,24770.81,8288.78,30,6,0,0
101401,44,1981,1,1,1,,28500.0,622.0,1135.29,821.61,23,7,0,0
101402,37,1988,10,1,1,1590.0,12500.0,600.0,6991.7,7465.71,16,9,0,0
101403,48,1976,19,2,1,2220.0,26500.0,628.0,7056.42,7081.79,20,0,0,0
101404,24,2001,5,1,1,,16000.0,592.0,0.0,0.0,19,11,0,0
101405,32,1993,4,1,1,,33000.0,645.0,,6215.98,14,28,1,0
101406,59,1966,9,2,1,2990.0,19000.0,679.0,51196.74,47521.14,14,11,0,0
101407,56,1969,21,2,1,2130.0,41000.0,573.0,30004.65,32851.7,15,6,0,0
101408,22,2002,1,1,1,2880.0,47500.0,595.0,1551.53,1228.34,16,14,1,0
101409,58,1967,3,1,1,3300.0,40500.0,657.0,68858.92,62108.27,15,7,0,0
101410,37,1988,6,2,1,1760.0,11500.0,603.0,26774.89,22401.58,15,8,0,0
101411,28,1996,4,1,1,1840.0,14500.0,646.0,6006.18,2950.18,4,6,1,0
101412,56,1969,18,2,1,2580.0,33000.0,663.0,9648.91,10196.2,34,0,0,0
101413,59,1966,21,1,0,,31000.0,617.0,20422.2,20528.61,6,2,0,1
101414,18,2007,0,1,1,,8500.0,,564.35,1684.29,8,8,0,0
101415,58,1967,6,2,1,2040.0,16000.0,588.0,730.79,684.49,17,1,0,0
101416,37,1987,3,1,0,1000.0,14000.0,462.0,1840.2,1840.07,3,5,0,0
101417,37,1988,7,1,1,2130.0,18000.0,811.0,34715.91,35351.04,24,5,0,1
101418,39,1986,7,1,1,2060.0,11500.0,537.0,0.0,1687.55,27,12,0,0
101419,61,1964,16,2,1,2420.0,22000.0,801.0,21077.94,7901.07,21,0,0,0
101420,64,1961,20,1,1,,26500.0,615.0,96041.61,13664.39,8,9,0,0
101421,50,1975,10,2,1,3110.0,44500.0,630.0,0.0,0.0,17,0,0,0
101422,56,1968,2,2,1,,36000.0,603.0,3846.05,3960.08,29,13,0,0
101423,76,1949,3,2,0,1050.0,20000.0,679.0,12123.5,12355.02,3,0,1,0
101424,44,1981,12,1,1,,15500.0,740.0,,7754.65,3,10,2,1
101425,29,1996,2,2,1,730.0,8000.0,541.0,916.18,982.46,14,9,0,0
101426,52,1973,6,2,0,4930.0,48500.0,768.0,98706.75,63735.4,1,1,0,1
101427,55,1970,10,2,1,3050.0,23000.0,701.0,86819.97,81928.43,26,4,0,0
101428,42,1983,4,2,1,,34000.0,685.0,,3794.05,7,17,0,0
101429,42,1983,9,1,0,2440.0,31000.0,711.0,3603.65,3591.41,1,0,0,1
101430,77,1948,0,1,0,2460.0,38000.0,807.0,0.0,0.0,3,0,0,1
101431,41,1984,11,3,0,3080.0,35500.0,651.0,,30798.69,2,4,0,1
101432,31,1993,8,2,1,1270.0,12500.0,691.0,17476.69,20041.73,12,5,0,0
101433,18,2007,0,3,1,2060.0,28500.0,722.0,1741.62,1829.38,15,3,0,0
101434,57,1968,11,2,0,1190.0,8000.0,561.0,0.0,0.0,9,0,0,1
101435,64,1960,12,1,1,2310.0,22500.0,622.0,0.0,0.0,9,7,0,1
101436,27,1997,4,1,0,,17500.0,546.0,7704.53,1240.93,0,3,0,1
101437,53,1972,4,1,1,2110.0,20000.0,690.0,16717.35,14787.36,17,0,0,0
101438,39,1986,1,1,0,620.0,13000.0,568.0,4034.4,3754.47,0,0,0,0
101439,46,1978,8,2,1,,38500.0,706.0,0.0,0.0,11,0,0,0
101440,36,1989,8,4,1,,25500.0,573.0,7544.21,7416.07,10,6,0,0
101441,44,1981,5,2,1,3060.0,34000.0,702.0,11318.46,10339.84,33,14,0,0
101442,58,1967,11,2,0,3510.0,23000.0,709.0,6919.89,5866.46,2,0,0,0
101443,37,1988,0,1,1,,32000.0,596.0,5115.81,3866.25,12,0,0,1
101444,34,1991,2,2,1,1480.0,24000.0,613.0,13554.26,12887.14,4,7,1,0
101445,30,1995,2,1,0,1680.0,11500.0,677.0,21492.8,21598.8,1,2,0,0
101446,62,1963,28,2,0,1760.0,48000.0,653.0,,61319.36,1,0,0,1
101447,32,1993,1,1,1,1160.0,13500.0,522.0,1213.34,1868.14,10,3,0,0
101448,54,1971,14,3,1,3630.0,16500.0,752.0,30990.99,32181.26,10,0,0,0
101449,26,1999,1,1,1,1920.0,12500.0,533.0,,710.93,15,7,0,0
101450,18,2007,0,1,0,1020.0,14000.0,675.0,4840.62,4932.85,4,1,0,0
101451,36,1988,3,1,0,,23000.0,623.0,16647.89,15796.16,7,1,1,0
101452,48,1977,14,2,0,,16000.0,722.0,0.0,647.36,6,1,0,1
101453,61,1964,26,1,1,2860.0,31000.0,753.0,111805.03,130470.08,17,6,0,0
101454,57,1968,2,1,1,880.0,14000.0,584.0,0.0,213.06,16,7,1,0
101455,50,1975,15,2,1,1620.0,21000.0,533.0,,986.37,15,4,0,1
101456,18,2007,0,1,1,1200.0,17000.0,597.0,489.1,484.97,11,4,0,0
101457,52,1973,8,2,1,2810.0,31000.0,798.0,46069.16,54799.38,30,3,0,0
101458,23,2002,1,1,1,,16500.0,482.0,147.75,140.98,12,1,0,0
101459,34,1990,7,1,1,1190.0,19500.0,598.0,,1837.95,16,5,0,0
101460,71,1954,0,1,1,1570.0,8500.0,742.0,7951.61,7396.5,12,0,0,0
101461,60,1965,25,3,1,3360.0,41000.0,806.0,727288.32,836024.79,10,0,0,1
101462,29,1996,10,2,0,,18000.0,644.0,3567.56,3303.94,8,4,0,0
101463,40,1985,5,1,1,3080.0,42500.0,663.0,9080.51,10780.72,22,12,1,0
101464,57,1967,3,2,0,,28500.0,706.0,,3859.84,7,2,0,1
101465,43,1982,16,1,0,1640.0,28000.0,704.0,5892.73,6165.84,9,0,0,0
101466,42,1983,5,3,0,720.0,8000.0,668.0,3239.92,917.75,7,0,0,0
101467,28,1997,1,1,1,1320.0,11500.0,603.0,709.98,647.06,7,6,0,0
101468,53,1971,3,1,0,2650.0,60000.0,,,13042.03,2,0,0,0
101469,55,1970,6,1,1,1330.0,7000.0,671.0,0.0,0.0,11,6,0,0
101470,33,1991,7,3,1,1700.0,26000.0,447.0,51435.76,66629.83,26,2,0,0
101471,18,2007,0,1,1,,33500.0,670.0,0.0,0.0,17,7,1,1
101472,72,1953,19,1,1,,26000.0,722.0,54388.16,43076.63,4,6,0,1
101473,34,1990,4,1,1,1060.0,9500.0,700.0,1903.18,1802.66,12,10,0,0
101474,51,1974,26,3,1,3090.0,46000.0,637.0,10335.47,4378.45,27,26,1,0
101475,32,1993,1,1,0,4320.0,43500.0,761.0,0.0,0.0,5,3,1,1
101476,34,1991,2,3,1,3710.0,23500.0,748.0,9144.71,9913.81,9,8,0,0
101477,59,1966,25,2,0,,36500.0,823.0,242877.5,233020.85,6,4,0,0
101478,40,1985,4,2,1,3980.0,43000.0,715.0,0.0,0.0,36,5,0,0
101479,57,1968,7,2,1,3040.0,28000.0,791.0,5383.35,4756.32,14,10,0,0
101480,57,1968,12,3,0,2380.0,34500.0,685.0,0.0,0.0,3,0,0,0
101481,37,1988,3,2,1,1300.0,8500.0,679.0,0.0,0.0,6,7,0,0
101482,49,1976,20,1,1,,9500.0,634.0,981.18,764.58,10,15,0,0
101483,57,1968,19,1,1,,41000.0,775.0,0.0,0.0,17,7,0,0
101484,64,1961,2,2,0,1710.0,16500.0,686.0,7760.87,8607.24,6,0,1,0
101485,41,1983,12,2,1,1870.0,24000.0,,2252.78,2200.93,14,2,0,0
101486,45,1980,14,2,0,2310.0,44500.0,675.0,,441.35,3,0,0,0
101487,31,1994,0,2,1,1750.0,31500.0,532.0,1381.01,1350.13,21,7,0,0
101488,57,1968,30,4,0,1700.0,26500.0,600.0,7072.09,7485.3,5,0,1,1
101489,47,1978,9,3,1,1970.0,21000.0,583.0,8579.09,9223.11,36,8,0,0
101490,25,2000,2,2,1,,14000.0,632.0,3001.72,3393.16,35,22,1,0
101491,40,1985,10,2,1,,32000.0,643.0,4768.29,5150.7,5,10,1,1
101492,43,1982,4,1,0,2340.0,42000.0,447.0,2262.85,2031.97,5,0,0,0
101493,36,1989,8,1,1,2120.0,28500.0,,0.0,0.0,18,0,0,0
101494,34,1990,10,2,1,1390.0,32500.0,724.0,5639.6,4868.35,32,1,1,1
101495,21,2004,1,1,1,3610.0,40500.0,683.0,72179.22,97581.78,22,17,0,0
101496,47,1978,19,4,1,2850.0,38500.0,610.0,18649.61,20851.66,21,0,0,0
101497,39,1985,7,1,1,3600.0,31000.0,797.0,35983.68,38331.75,61,23,0,0
101498,59,1965,4,1,1,3550.0,34000.0,765.0,0.0,0.0,2,12,1,1
101499,44,1981,7,1,0,,47500.0,725.0,0.0,79.93,7,2,0,1
101500,58,1966,33,1,0,1310.0,27500.0,577.0,7986.93,6798.47,6,0,0,0
101501,27,1998,1,1,1,,8500.0,610.0,6896.8,6893.71,58,6,0,0
101502,51,1974,0,2,1,,18000.0,669.0,1924.49,1749.65,18,4,0,0
101503,56,1968,7,2,1,1020.0,16000.0,560.0,8942.51,6648.35,6,7,0,1
101504,56,1969,19,1,1,,26500.0,700.0,255793.77,245389.58,15,3,1,0
101505,41,1984,6,1,1,,25500.0,700.0,4801.03,4215.85,13,3,2,0
101506,32,1993,8,3,1,1120.0,9000.0,666.0,0.0,0.0,27,7,0,0
101507,70,1955,16,3,1,1260.0,11000.0,711.0,,11548.47,14,9,0,0
101508,42,1983,2,1,1,1970.0,15000.0,566.0,12171.87,6090.37,20,11,0,0
101509,28,1997,5,1,0,1390.0,14500.0,642.0,1428.36,1286.38,6,2,0,0
101510,42,1983,14,2,1,2400.0,32500.0,602.0,33467.29,32016.15,19,4,0,0
101511,50,1975,7,1,1,2170.0,27500.0,670.0,5189.32,4112.8,5,12,1,0
101512,35,1989,4,2,1,1650.0,20500.0,678.0,0.0,0.0,22,7,1,0
101513,52,1973,25,2,0,4840.0,46000.0,716.0,152701.3,136108.29,8,2,0,0
101514,59,1966,7,1,0,,50500.0,653.0,0.0,167.51,5,0,0,1
101515,45,1979,19,3,1,,54500.0,736.0,163457.39,141067.76,49,2,0,0
101516,61,1963,9,2,1,2690.0,42500.0,707.0,,12243.32,40,1,2,0
101517,44,1981,4,2,1,1220.0,21500.0,604.0,1316.13,1071.65,3,11,0,0
101518,39,1986,14,3,1,1950.0,30000.0,737.0,78462.21,65249.33,12,11,0,0
101519,69,1956,17,3,0,1970.0,20000.0,734.0,0.0,0.0,5,0,0,0
101520,55,1969,10,4,1,3500.0,60000.0,655.0,98118.66,91891.22,54,0,0,1
101521,47,1978,8,1,1,1180.0,14500.0,726.0,854.06,542.26,20,2,1,1
101522,19,2005,0,1,1,1950.0,15500.0,,,4303.76,27,7,0,0
101523,25,2000,2,1,1,1780.0,13000.0,600.0,2262.18,2205.52,12,8,1,0
101524,21,2003,1,2,1,1660.0,21000.0,561.0,1302.77,1133.63,42,3,0,0
101525,45,1980,0,2,1,,21500.0,523.0,0.0,0.0,8,10,0,0
101526,45,1980,8,1,1,,24500.0,649.0,948.98,940.07,7,11,0,0
101527,52,1973,1,1,1,,33500.0,636.0,1593.82,1543.99,11,1,0,1
101528,61,1964,27,1,1,2050.0,20500.0,648.0,18805.6,17471.8,14,11,0,0
101529,23,2001,1,1,1,,15500.0,696.0,9277.68,9871.01,10,8,0,1
101530,26,1999,3,1,1,3160.0,39000.0,619.0,7349.15,7879.58,19,8,0,0
101531,32,1992,10,1,1,930.0,11500.0,643.0,9471.19,11388.54,55,4,0,0
101532,52,1972,5,1,0,1820.0,22000.0,722.0,44764.35,33917.51,8,5,1,0
101533,50,1974,3,1,0,1770.0,19500.0,697.0,,10860.21,7,3,0,0
101534,30,1994,7,3,1,3900.0,30500.0,656.0,29813.46,17825.63,12,8,0,0
101535,35,1989,6,2,1,2190.0,18000.0,676.0,4003.11,3846.51,22,5,1,0
101536,51,1974,20,2,1,3870.0,22500.0,723.0,951279.84,913335.72,17,3,0,0
101537,47,1978,11,1,0,3410.0,31500.0,716.0,11249.29,5229.23,6,0,1,1
101538,61,1963,11,1,0,2760.0,27500.0,784.0,174781.48,150094.87,8,0,0,0
101539,33,1992,4,1,1,1880.0,26500.0,616.0,,689.61,17,8,0,0
101540,44,1980,9,2,1,1460.0,15500.0,576.0,2975.19,940.66,16,8,0,0
101541,31,1994,5,1,0,,11000.0,623.0,11583.36,9824.85,8,4,1,0
101542,63,1962,8,2,0,,43500.0,651.0,131808.11,145652.85,2,2,0,0
101543,61,1964,8,1,1,2800.0,20000.0,665.0,0.0,0.0,7,6,0,0
101544,53,1971,23,2,0,2120.0,39500.0,596.0,6186.25,6316.75,3,0,0,0
101545,60,1964,6,2,1,3040.0,34000.0,679.0,14038.71,14741.89,25,6,0,0
101546,66,1959,7,2,0,3110.0,37500.0,633.0,68396.83,57673.3,4,0,0,1
101547,67,1958,18,1,1,2380.0,25500.0,691.0,7811.19,7341.67,27,0,0,0
101548,71,1954,3,1,0,2780.0,24500.0,812.0,21640.4,20737.94,5,0,0,0
101549,35,1990,5,2,1,,19500.0,613.0,3729.66,3545.86,17,9,0,0
101550,34,1991,4,1,1,2060.0,34000.0,777.0,26767.36,28529.32,30,0,0,0
101551,65,1960,19,1,0,1220.0,13500.0,485.0,4205.88,6094.73,7,0,0,0
101552,40,1985,2,2,0,2160.0,38500.0,701.0,613.36,546.26,9,3,0,0
101553,19,2006,0,1,0,,27000.0,,4970.88,4236.89,4,5,0,0
101554,39,1985,6,1,0,3160.0,34500.0,,13306.87,8738.31,6,5,0,1
101555,61,1964,5,1,0,970.0,10000.0,685.0,1100.56,952.67,3,3,0,0
101556,39,1985,8,2,1,5870.0,55500.0,709.0,,70854.49,44,0,0,0
101557,57,1968,8,1,0,,22500.0,642.0,7862.75,7731.94,6,0,0,0
101558,50,1974,6,2,1,2350.0,22000.0,764.0,2132.54,2126.12,12,0,0,0
101559,26,1999,6,2,1,3950.0,57500.0,747.0,47353.42,45511.76,59,15,0,0
101560,53,1972,2,2,0,2340.0,23000.0,718.0,13639.18,16022.81,5,0,0,1
101561,46,1978,9,1,0,2460.0,26000.0,655.0,35630.3,40863.84,8,5,0,0
101562,38,1987,10,1,0,1200.0,16000.0,581.0,1541.39,1555.16,4,2,0,0
101563,25,1999,4,2,1,1320.0,17000.0,538.0,150.87,191.26,2,9,0,0
101564,70,1954,11,1,0,2030.0,23000.0,662.0,,71720.37,5,0,0,0
101565,32,1992,8,1,1,1130.0,8000.0,489.0,2066.79,2360.5,6,11,0,0
101566,18,2007,0,1,1,,34000.0,696.0,0.0,0.0,24,9,0,0
101567,58,1967,27,3,1,3690.0,25000.0,711.0,68613.13,80431.44,19,0,0,0
101568,39,1986,6,1,1,2610.0,24500.0,585.0,17981.81,17717.53,16,12,0,0
101569,64,1960,12,1,1,1620.0,34000.0,628.0,5267.14,6444.64,12,6,0,0
101570,44,1981,3,2,1,2670.0,38000.0,757.0,21212.57,24120.03,28,3,0,0
101571,46,1978,3,3,0,,13500.0,653.0,27128.72,3918.23,1,5,2,1
101572,55,1970,2,1,1,2280.0,20000.0,714.0,3924.12,3957.97,10,3,0,0
101573,48,1976,14,4,1,,26500.0,746.0,2352.83,2084.47,22,4,0,1
101574,48,1977,0,1,0,1420.0,15000.0,636.0,6319.41,867.35,0,2,0,1
101575,62,1963,15,1,1,2860.0,47500.0,627.0,167407.32,58101.13,21,0,0,0
101576,32,1992,5,2,1,1670.0,13500.0,765.0,78067.7,71319.71,22,8,0,0
101577,54,1971,12,2,0,1060.0,10500.0,610.0,6542.74,6062.31,6,4,0,0
101578,50,1975,4,1,1,,21500.0,685.0,,8441.26,2,6,0,1
101579,22,2002,2,1,0,,13000.0,,0.0,0.0,5,3,0,1
101580,63,1961,29,2,1,1500.0,9500.0,787.0,30091.12,26414.64,16,6,0,0
101581,57,1968,6,2,1,1900.0,31500.0,613.0,18568.42,19548.51,19,0,0,0
101582,69,1956,4,1,1,3250.0,31500.0,714.0,132251.53,24472.85,27,2,1,0
101583,39,1986,3,1,1,,18500.0,,33348.47,29389.12,22,0,0,0
101584,30,1995,7,1,1,1150.0,12500.0,651.0,1221.71,1306.29,34,6,0,0
101585,90,1934,30,1,1,,14000.0,605.0,29567.82,26975.17,10,0,0,1
101586,31,1994,7,1,1,1180.0,19000.0,742.0,7200.42,4564.12,12,9,1,1
101587,34,1991,6,1,1,1450.0,11000.0,823.0,8240.94,5856.44,23,12,2,0
101588,54,1971,22,4,1,2160.0,21500.0,627.0,7156.88,8701.11,30,2,0,0
101589,40,1985,19,3,1,,37500.0,621.0,36515.26,22387.26,42,5,0,1
101590,52,1973,24,1,0,2490.0,16500.0,631.0,9549.72,9646.37,9,2,0,0
101591,26,1998,2,1,1,,11500.0,781.0,0.0,0.0,6,19,0,0
101592,21,2004,0,1,0,,27500.0,561.0,7806.99,2774.48,4,4,0,1
101593,38,1987,5,1,1,2060.0,29500.0,570.0,7778.35,9566.01,11,0,0,0
101594,56,1969,7,3,1,,29500.0,744.0,189898.22,222069.8,32,18,0,0
101595,46,1979,2,1,1,,34000.0,,17906.07,3774.45,12,8,0,1
101596,64,1960,25,1,1,2650.0,29500.0,659.0,,3917.89,48,1,0,0
101597,42,1983,10,1,1,1590.0,22000.0,606.0,1432.44,1441.51,14,4,0,0
101598,49,1976,6,2,0,1700.0,14000.0,595.0,1795.58,1220.8,0,2,0,1
101599,32,1993,4,1,1,1470.0,14000.0,536.0,2679.7,2118.43,5,18,0,0
101600,24,2000,0,2,1,2130.0,31500.0,628.0,17146.31,17302.13,25,8,0,0
101601,28,1996,1,2,1,1330.0,25000.0,695.0,9628.72,8814.12,21,2,0,0
101602,34,1990,1,1,0,2670.0,44500.0,629.0,1351.24,1440.89,2,2,1,0
101603,75,1949,9,1,1,4010.0,65000.0,806.0,638144.31,504424.96,40,0,0,0
101604,27,1998,3,2,1,1150.0,9000.0,610.0,3048.32,2808.37,23,15,0,0
101605,33,1992,3,1,1,1400.0,14000.0,643.0,,4529.98,15,3,0,0
101606,67,1957,20,3,0,1630.0,14500.0,716.0,85174.41,94578.4,6,0,1,0
101607,36,1989,10,1,0,3240.0,36500.0,804.0,,5863.11,5,1,0,0
101608,55,1970,21,1,0,2780.0,26500.0,737.0,63332.0,63958.4,9,0,0,0
101609,18,2007,0,1,1,900.0,21000.0,,695.31,572.99,22,9,0,0
101610,31,1994,5,3,1,,29500.0,643.0,6504.19,6104.82,15,19,0,0
101611,54,1971,11,1,1,4690.0,98500.0,739.0,0.0,538.55,13,5,0,1
101612,21,2003,0,2,1,2290.0,32000.0,598.0,16641.86,16275.94,12,12,0,0
101613,49,1976,13,1,1,,54500.0,850.0,49082.99,8520.12,27,8,1,1
101614,46,1979,10,3,1,1440.0,16000.0,744.0,1805.94,1528.56,11,0,0,0
101615,38,1987,10,1,1,3830.0,26000.0,799.0,257726.74,342950.78,36,1,1,1
101616,42,1983,4,1,1,1060.0,11500.0,642.0,0.0,0.0,15,2,0,0
101617,57,1967,0,1,0,,56500.0,648.0,0.0,0.0,9,1,0,1
101618,45,1980,15,1,1,2640.0,41500.0,638.0,24524.82,27267.89,3,14,0,1
101619,61,1964,4,2,0,950.0,9000.0,610.0,6654.2,5593.9,7,0,0,0
101620,58,1966,15,1,0,,33000.0,709.0,16425.83,14544.24,3,3,1,0
101621,69,1956,21,1,1,1090.0,11000.0,549.0,,13984.61,11,0,0,0
101622,40,1985,2,1,1,2520.0,34500.0,728.0,7149.01,8568.85,13,7,0,0
101623,48,1977,15,4,1,3940.0,60500.0,701.0,261619.45,303211.95,35,2,0,0
101624,30,1995,8,1,1,1140.0,9000.0,602.0,,625.98,7,7,1,1
101625,55,1970,0,1,1,2040.0,31000.0,645.0,44597.39,54467.12,11,8,0,0
101626,35,1989,8,1,1,2130.0,13500.0,638.0,,15751.14,5,7,0,0
101627,55,1969,13,1,0,3150.0,30500.0,716.0,19310.82,19917.09,9,0,0,1
101628,42,1982,7,3,1,3210.0,25500.0,768.0,49283.07,42980.61,4,15,0,0
101629,43,1982,4,2,0,2880.0,34500.0,798.0,,0.0,3,5,0,0
101630,49,1976,1,1,0,,19500.0,647.0,0.0,0.0,6,0,0,0
101631,35,1989,4,2,1,1790.0,19500.0,436.0,0.0,800.17,17,5,0,1
101632,36,1988,13,1,1,1610.0,17500.0,634.0,4173.61,4989.89,11,0,0,0
101633,37,1988,0,1,1,,48500.0,800.0,10710.88,11142.55,17,0,1,0
101634,38,1986,5,3,1,,39000.0,,0.0,0.0,15,11,0,1
101635,55,1970,20,3,1,2950.0,25500.0,835.0,,39949.55,12,5,0,0
101636,40,1985,14,2,0,1500.0,11000.0,679.0,0.0,181.23,8,0,0,0
101637,37,1987,3,1,1,1350.0,22000.0,555.0,7270.04,7432.57,46,7,0,0
101638,58,1967,5,2,0,2060.0,32000.0,575.0,63662.83,73616.74,4,0,0,1
101639,56,1969,14,1,0,1910.0,30000.0,708.0,3150.47,3482.36,8,0,0,0
101640,43,1982,11,2,1,,27000.0,850.0,0.0,0.0,7,23,0,0
101641,83,1942,4,1,1,,22500.0,655.0,48596.03,46072.92,10,0,0,0
101642,30,1995,0,3,1,2480.0,26000.0,705.0,8484.6,8257.31,18,3,0,0
101643,70,1955,7,1,1,1490.0,25500.0,594.0,1888.29,1769.33,10,3,1,0
101644,50,1975,19,2,1,1380.0,17500.0,698.0,,1481.25,19,16,0,0
101645,61,1963,5,1,1,2220.0,27500.0,617.0,12527.88,15417.57,16,0,0,0
101646,41,1984,10,1,1,2130.0,24000.0,693.0,350610.46,395698.46,27,19,0,0
101647,63,1962,9,2,0,2820.0,40000.0,739.0,41959.16,44470.98,4,0,0,0
101648,31,1994,3,1,1,1780.0,19500.0,814.0,0.0,448.98,17,7,0,0
101649,58,1967,4,2,1,,61000.0,728.0,26853.77,28644.97,23,0,0,0
101650,50,1975,23,2,0,2250.0,36000.0,742.0,8990.96,4072.94,3,4,0,0
101651,59,1965,7,1,0,1560.0,38500.0,744.0,0.0,0.0,9,2,0,0
101652,39,1986,14,2,1,2740.0,50500.0,740.0,149961.31,72533.1,15,6,0,0
101653,52,1972,24,1,1,1870.0,21000.0,665.0,14861.7,14506.82,28,2,0,0
101654,34,1991,4,1,1,2440.0,26000.0,729.0,48551.74,58000.99,28,12,0,0
101655,40,1985,14,1,1,,19000.0,686.0,0.0,0.0,11,6,0,0
101656,42,1983,23,1,0,1510.0,21500.0,630.0,4679.16,3858.86,5,2,0,0
101657,37,1988,2,2,1,1780.0,16000.0,715.0,10907.86,10989.57,18,17,0,0
101658,38,1987,4,1,0,2350.0,62500.0,703.0,,4095.18,5,3,1,1
101659,27,1997,6,1,0,2970.0,37000.0,719.0,19059.36,21162.86,8,4,0,1
101660,44,1981,17,1,0,1600.0,17000.0,763.0,2808.9,2427.37,9,2,0,1
101661,68,1957,27,2,0,1630.0,22000.0,582.0,16408.03,18220.77,9,0,0,0
101662,88,1937,15,2,1,,11500.0,584.0,0.0,0.0,16,0,0,0
101663,33,1992,4,2,1,1560.0,19500.0,575.0,11010.96,9562.71,19,5,1,1
101664,34,1991,7,2,0,2380.0,20000.0,547.0,7396.66,6568.44,9,0,1,0
101665,51,1973,18,2,1,,19000.0,634.0,6356.28,6977.52,0,9,1,1
101666,53,1972,13,2,1,1950.0,16000.0,566.0,22178.67,23648.09,10,1,0,0
101667,26,1998,4,1,1,,15000.0,773.0,6027.05,5862.01,7,28,0,1
101668,18,2007,0,1,1,,21500.0,675.0,0.0,0.0,15,3,0,0
101669,50,1975,16,2,0,1840.0,11500.0,632.0,1388.52,1414.02,4,0,0,1
101670,66,1958,14,1,1,,38500.0,687.0,12392.83,10164.46,30,0,0,0
101671,67,1958,14,3,1,1150.0,8500.0,666.0,31859.8,30648.51,13,0,0,0
101672,46,1979,6,2,0,2030.0,31000.0,695.0,18394.9,18338.05,6,5,0,0
101673,67,1958,15,3,1,1980.0,33000.0,695.0,6027.3,6178.22,26,0,0,0
101674,43,1982,14,3,1,1170.0,13500.0,605.0,19410.74,19874.86,18,5,0,0
101675,25,2000,3,1,1,1250.0,8500.0,639.0,356.79,421.19,4,15,1,0
101676,44,1980,16,1,0,,21500.0,653.0,11246.35,12383.03,4,0,0,0
101677,61,1964,11,1,0,2090.0,23000.0,715.0,370963.52,410834.42,1,0,0,0
101678,48,1976,13,1,0,3290.0,67500.0,745.0,80315.07,39238.78,7,5,0,1
101679,37,1988,2,1,0,,37000.0,504.0,0.0,0.0,9,0,1,0
101680,47,1978,4,2,1,,70000.0,608.0,,22920.51,3,10,0,0
101681,51,1974,22,1,0,3830.0,49000.0,640.0,4052.68,4408.98,7,0,0,0
101682,48,1976,0,1,1,,24000.0,755.0,9450.95,7913.02,14,0,1,1
101683,50,1974,9,1,0,1640.0,31000.0,,0.0,0.0,8,4,2,1
101684,52,1972,5,1,1,1580.0,21500.0,623.0,2369.47,2743.05,14,0,0,0
101685,62,1963,7,1,0,,47500.0,600.0,,29785.64,1,0,0,1
101686,48,1977,9,2,1,1770.0,16500.0,786.0,25075.02,29513.73,23,0,0,0
101687,44,1980,23,3,0,820.0,7500.0,493.0,3184.44,2096.32,8,4,1,1
101688,51,1973,2,1,0,,7000.0,550.0,0.0,0.0,3,0,0,1
101689,55,1970,10,2,0,2830.0,29500.0,705.0,14245.57,13405.52,4,0,0,0
101690,20,2004,0,2,1,1260.0,12500.0,584.0,939.06,1016.24,27,5,0,0
101691,63,1961,12,3,1,4150.0,70500.0,850.0,33538.35,6237.52,12,0,0,0
101692,71,1953,8,1,1,1440.0,20000.0,705.0,15463.48,1627.44,15,0,0,0
101693,46,1979,17,2,0,1750.0,18500.0,758.0,12963.61,10266.43,9,5,1,0
101694,55,1970,14,1,1,1350.0,25500.0,636.0,11693.12,10919.0,17,0,0,1
101695,35,1989,11,1,1,,9000.0,440.0,8061.33,8080.66,24,9,0,0
101696,56,1969,11,1,1,2160.0,18000.0,665.0,59564.42,27593.38,6,7,1,1
101697,33,1992,10,2,1,1660.0,12500.0,588.0,5353.23,4900.22,18,5,0,0
101698,49,1976,17,2,1,1950.0,33000.0,521.0,8692.39,8104.81,17,0,0,0
101699,55,1969,16,2,0,1420.0,13000.0,599.0,14759.23,12630.57,5,5,1,0
101700,34,1991,7,1,1,,18000.0,518.0,973.84,1006.58,5,12,0,0
101701,29,1996,0,2,1,,26500.0,678.0,0.0,0.0,24,1,1,1
101702,41,1984,11,1,1,1290.0,27000.0,483.0,22352.34,22864.9,4,14,0,0
101703,37,1987,3,1,1,2320.0,42000.0,548.0,,3490.07,17,8,1,0
101704,41,1984,11,2,1,2950.0,31000.0,662.0,,16808.74,15,4,0,0
101705,29,1996,6,3,1,,19500.0,647.0,223.28,203.71,28,4,0,0
101706,62,1962,1,1,0,3050.0,40500.0,620.0,0.0,0.0,8,1,0,0
101707,42,1983,4,2,1,4180.0,57000.0,813.0,,0.0,25,0,0,0
101708,53,1972,6,1,0,2070.0,24500.0,600.0,4443.19,4382.49,4,0,0,1
101709,22,2002,0,2,1,1200.0,16500.0,653.0,1155.72,1447.6,16,9,0,0
101710,37,1988,5,2,1,3650.0,52000.0,,11630.49,13128.92,13,11,0,0
101711,70,1955,24,1,1,940.0,8500.0,625.0,10893.87,11948.72,10,6,0,0
101712,33,1991,4,1,1,,31000.0,666.0,1289.61,1285.96,5,7,0,0
101713,50,1974,25,1,0,,36500.0,708.0,0.0,0.0,7,4,0,0
101714,77,1948,1,1,1,6370.0,103500.0,778.0,337423.7,283826.51,27,0,0,0
101715,46,1979,10,1,1,1930.0,17000.0,715.0,0.0,0.0,1,6,1,1
101716,68,1957,16,2,1,3560.0,33000.0,719.0,52268.48,61882.75,22,0,0,0
101717,32,1993,1,1,1,1810.0,19500.0,694.0,40660.76,12072.43,23,2,0,1
101718,39,1986,0,1,1,1440.0,20000.0,726.0,0.0,0.0,18,9,0,0
101719,45,1980,15,1,1,1290.0,11000.0,615.0,5118.75,5077.1,16,0,0,0
101720,38,1987,1,2,1,,31000.0,,6921.22,8142.23,35,0,1,0
101721,51,1974,8,1,0,2870.0,41000.0,747.0,,0.0,4,0,1,1
101722,19,2006,1,1,1,1750.0,12000.0,604.0,7437.36,8438.37,31,12,2,0
101723,30,1995,1,1,1,1470.0,15500.0,534.0,95.83,31.56,1,11,0,1
101724,65,1959,17,2,1,,21500.0,712.0,27297.54,26669.68,7,10,1,0
101725,48,1977,5,1,0,,8000.0,500.0,7650.28,7732.84,5,1,0,1
101726,53,1972,4,2,1,5740.0,82000.0,804.0,39125.86,38976.57,31,0,0,0
101727,71,1954,7,2,0,2250.0,22000.0,603.0,0.0,0.0,6,0,1,0
101728,20,2004,2,3,1,,32500.0,,20386.51,21584.62,30,0,0,0
101729,18,2007,0,1,1,1670.0,14000.0,669.0,1587.17,1478.85,20,16,0,0
101730,72,1953,16,2,1,2430.0,27000.0,682.0,0.0,0.0,14,0,0,0
101731,25,2000,0,2,1,,10000.0,,1262.21,1117.09,8,6,0,0
101732,47,1978,11,1,1,2970.0,26500.0,778.0,146533.98,138124.43,8,11,0,0
101733,21,2004,1,1,0,730.0,16000.0,,3387.75,2863.34,6,0,0,1
101734,18,2007,0,1,1,1340.0,24000.0,591.0,687.32,700.85,10,6,1,0
101735,45,1980,12,1,0,1660.0,17500.0,574.0,15251.79,13404.02,7,0,1,0
101736,53,1971,10,1,1,2910.0,19500.0,614.0,,0.0,6,6,0,0
101737,33,1992,13,1,1,,19000.0,598.0,2068.34,1582.53,11,3,1,0
101738,18,2007,0,1,1,,7500.0,628.0,0.0,0.0,27,2,0,0
101739,50,1975,12,3,0,2430.0,37000.0,761.0,6997.6,5937.14,7,0,0,0
101740,74,1951,7,1,0,1730.0,26000.0,644.0,,39392.78,6,0,0,0
101741,20,2005,0,1,1,1520.0,23000.0,,632.34,653.83,15,18,1,0
101742,57,1968,12,1,0,2120.0,32000.0,779.0,138406.51,142427.12,5,1,0,0
101743,50,1975,19,3,1,4010.0,99500.0,821.0,44953.14,52285.23,55,3,0,0
101744,18,2007,0,1,1,1170.0,6500.0,,,0.0,34,3,0,0
101745,61,1963,3,1,1,3790.0,24500.0,677.0,78044.29,88372.95,34,5,0,0
101746,48,1976,2,1,1,3860.0,95000.0,,6724.24,7417.82,18,0,1,0
101747,43,1981,4,1,1,3260.0,34000.0,,7403.87,22123.75,12,0,0,0
101748,65,1960,20,2,0,2320.0,39000.0,699.0,14166.24,14870.67,2,0,0,1
101749,46,1979,7,3,0,2560.0,26500.0,631.0,118839.26,106635.2,8,1,0,0
101750,65,1959,26,3,1,1400.0,10500.0,776.0,,32653.24,15,6,0,0
101751,85,1940,7,2,0,1260.0,17500.0,607.0,2501.89,2049.41,7,0,0,0
101752,49,1976,1,2,1,,31000.0,626.0,8680.11,8254.99,32,10,0,0
101753,52,1973,17,4,1,2600.0,28500.0,719.0,17209.92,19594.2,17,0,0,0
101754,37,1988,1,2,1,2140.0,39000.0,809.0,17232.09,17837.23,16,9,0,0
101755,69,1956,5,2,0,620.0,8500.0,638.0,5585.97,5694.17,9,0,0,0
101756,27,1998,3,2,1,900.0,8500.0,572.0,1765.75,1753.97,14,2,0,0
101757,38,1987,5,1,1,1920.0,26500.0,745.0,33585.97,29978.14,26,9,0,1
101758,45,1980,0,1,0,,70000.0,707.0,17356.27,17373.29,2,3,0,1
101759,43,1982,11,2,1,2630.0,27500.0,578.0,24060.63,19858.07,19,8,0,0
101760,35,1990,0,1,1,,29500.0,556.0,0.0,0.0,33,5,0,0
101761,59,1966,6,4,1,1740.0,16500.0,596.0,3665.92,3681.28,12,0,1,0
101762,41,1983,2,1,0,1660.0,15500.0,585.0,3624.28,3396.69,7,0,0,1
101763,18,2006,0,3,1,1250.0,22500.0,,5974.61,6209.29,14,13,0,0
101764,63,1962,6,1,0,3230.0,43000.0,622.0,44524.73,50982.32,7,1,0,0
101765,72,1952,13,1,0,2320.0,28500.0,728.0,6028.51,6325.81,4,3,0,0
101766,38,1987,6,1,0,2340.0,23500.0,701.0,8213.4,20412.62,2,0,0,0
101767,66,1958,1,1,1,3180.0,39500.0,646.0,52928.26,53499.68,11,0,0,0
101768,38,1987,9,2,1,1870.0,19500.0,587.0,2369.74,2421.66,27,6,0,0
101769,31,1993,3,1,1,1190.0,16000.0,,850.21,868.69,9,8,0,0
101770,32,1992,1,1,1,2260.0,39500.0,612.0,4635.99,5470.1,27,20,0,0
101771,71,1954,15,1,0,1720.0,32000.0,763.0,11562.51,11441.51,7,0,0,0
101772,67,1958,10,4,1,3640.0,55000.0,658.0,,94864.6,19,13,0,0
101773,56,1969,1,3,1,2470.0,28500.0,584.0,,306.08,31,6,0,0
101774,31,1994,1,1,1,1320.0,15500.0,574.0,4964.86,5091.45,13,7,0,0
101775,58,1967,12,1,0,1510.0,19000.0,670.0,0.0,0.0,5,0,0,0
101776,30,1995,5,1,0,1210.0,22000.0,558.0,0.0,0.0,3,3,2,0
101777,55,1970,30,3,1,1960.0,33000.0,761.0,0.0,0.0,26,23,0,0
101778,38,1987,11,2,1,2040.0,13500.0,571.0,2833.34,2792.64,14,1,0,0
101779,37,1988,14,1,1,3540.0,31500.0,749.0,9018.2,10247.42,10,12,1,0
101780,38,1987,3,1,1,1540.0,16500.0,697.0,4830.41,4081.82,11,13,1,0
101781,18,2007,0,3,1,920.0,12500.0,647.0,1393.97,1514.6,9,10,0,0
101782,20,2005,2,1,1,1970.0,12000.0,,2968.91,2658.78,17,9,0,0
101783,44,1981,16,3,0,,25000.0,676.0,43912.51,44784.88,8,2,0,0
101784,30,1994,1,1,1,2000.0,27000.0,694.0,4740.65,4892.57,10,1,0,0
101785,58,1966,8,2,0,,32500.0,699.0,1144.95,1110.24,2,0,1,1
101786,64,1961,21,3,1,,23000.0,626.0,5222.64,5163.91,26,1,0,0
101787,23,2002,2,1,1,,22500.0,547.0,1393.77,1306.05,49,1,0,0
101788,23,2002,4,3,1,1260.0,14000.0,568.0,0.0,858.1,5,10,0,0
101789,43,1982,10,2,1,2630.0,40000.0,775.0,14058.71,12783.92,25,2,1,0
101790,75,1950,8,2,0,,32000.0,679.0,17972.9,20578.17,9,0,0,0
101791,34,1991,6,1,1,1190.0,8500.0,569.0,4794.98,5011.51,7,7,0,0
101792,53,1972,10,2,1,3720.0,31500.0,705.0,89182.19,89033.18,21,6,1,1
101793,21,2003,1,2,1,,26500.0,676.0,0.0,0.0,34,28,1,0
101794,32,1992,2,1,1,1920.0,17000.0,648.0,7224.83,6821.65,23,0,1,0
101795,53,1971,16,2,1,2440.0,33500.0,672.0,17687.44,16682.55,17,5,0,0
101796,42,1983,1,1,1,2050.0,19500.0,613.0,5777.41,6457.31,26,6,0,0
101797,53,1972,29,1,1,2580.0,32000.0,732.0,71394.55,92977.48,10,0,0,0
101798,48,1977,10,2,1,,60500.0,546.0,6459.94,5423.51,37,11,0,0
101799,46,1979,13,2,0,1480.0,14500.0,618.0,6935.75,7143.98,1,3,0,0
101800,45,1980,8,1,1,,8500.0,772.0,7753.95,10092.85,28,4,0,0
101801,66,1959,24,2,1,2250.0,15000.0,753.0,0.0,0.0,10,5,0,0
101802,45,1980,9,1,0,2590.0,36500.0,716.0,26633.61,27378.32,5,0,0,1
101803,59,1965,13,3,0,2270.0,29000.0,745.0,19362.71,23618.64,3,0,0,0
101804,42,1983,0,1,1,2710.0,57500.0,640.0,8763.53,1842.29,25,1,1,1
101805,47,1978,16,1,1,2290.0,43500.0,817.0,31896.13,36577.19,18,3,0,0
101806,29,1996,3,2,1,,16000.0,671.0,,1255.33,22,3,0,0
101807,18,2007,0,1,1,1240.0,11500.0,,25406.95,26260.29,22,8,0,0
101808,39,1986,6,2,1,,14000.0,671.0,18746.43,20642.63,15,0,0,1
101809,47,1978,21,2,0,2410.0,37000.0,663.0,35880.44,40924.16,6,1,0,0
101810,38,1987,1,1,1,2560.0,31000.0,669.0,49824.9,56224.11,17,7,0,0
101811,54,1970,28,3,1,2520.0,20500.0,664.0,81125.29,90342.04,28,3,0,0
101812,33,1991,7,1,1,,9500.0,519.0,6639.0,7103.23,8,21,0,0
101813,25,2000,0,1,0,2070.0,17000.0,705.0,,1481.57,5,4,0,1
101814,23,2001,1,2,0,1050.0,11000.0,424.0,,0.0,6,3,0,0
101815,55,1969,17,1,1,1870.0,13500.0,740.0,24055.37,22653.57,16,13,0,0
101816,33,1992,8,3,1,1280.0,14500.0,691.0,0.0,0.0,17,4,0,0
101817,45,1979,12,2,1,,36500.0,670.0,78018.2,73806.4,56,2,0,0
101818,24,2001,0,1,1,1400.0,14500.0,617.0,2555.43,2570.78,21,2,0,0
101819,32,1993,0,1,1,1940.0,18500.0,684.0,0.0,0.0,12,4,1,0
101820,45,1980,5,1,1,1140.0,11500.0,661.0,31096.53,73814.7,15,4,0,0
101821,61,1963,23,1,1,2230.0,27500.0,850.0,68099.96,7283.28,26,0,0,0
101822,29,1996,0,1,1,1870.0,40500.0,539.0,820.13,839.18,24,0,0,0
101823,23,2001,0,1,1,1550.0,14000.0,763.0,4846.59,5603.17,12,18,0,0
101824,45,1980,11,3,1,2840.0,51000.0,845.0,171202.89,194193.42,55,0,0,0
101825,47,1978,9,1,1,,22500.0,596.0,17146.71,15452.87,36,14,1,0
101826,38,1987,10,1,1,1410.0,18000.0,572.0,44938.95,47761.78,25,18,0,0
101827,63,1961,9,1,1,2880.0,31500.0,768.0,98052.13,110937.09,19,4,0,0
101828,19,2006,0,1,1,1640.0,8000.0,,4445.19,4978.07,17,29,0,0
101829,32,1993,3,1,1,,15000.0,720.0,9397.63,9643.64,11,12,1,1
101830,45,1980,7,1,1,,39500.0,796.0,49989.43,49360.74,11,4,1,0
101831,32,1993,7,1,1,2260.0,21500.0,701.0,3967.56,3722.61,10,0,1,0
101832,50,1975,7,2,1,1910.0,20500.0,642.0,0.0,0.0,13,0,0,0
101833,45,1979,23,1,1,2750.0,30000.0,752.0,83108.57,97412.94,18,6,1,0
101834,41,1984,1,2,1,1730.0,16000.0,,27888.82,24456.57,18,7,0,0
101835,81,1943,21,1,0,1440.0,18000.0,730.0,16483.87,17273.99,3,5,1,0
101836,30,1995,0,1,1,1260.0,13000.0,,1349.43,1374.66,10,0,1,0
101837,41,1984,15,2,1,1690.0,18500.0,640.0,18587.82,21572.18,32,9,0,0
101838,52,1973,1,1,1,990.0,11000.0,647.0,940.36,968.71,25,0,0,0
101839,34,1990,4,1,1,2120.0,26000.0,554.0,2493.74,2465.92,25,4,0,0
101840,47,1978,8,1,0,1180.0,15000.0,655.0,3017.19,2947.23,5,4,0,0
101841,58,1967,27,3,1,2350.0,32500.0,562.0,19408.67,19700.46,9,7,1,0
101842,48,1976,6,1,1,1840.0,23000.0,603.0,4893.81,4991.82,16,7,0,0
101843,56,1968,17,2,0,2680.0,35500.0,625.0,10772.76,10145.04,6,0,0,0
101844,39,1985,10,2,1,630.0,10000.0,596.0,0.0,0.0,2,9,0,0
101845,41,1984,21,3,1,1090.0,10000.0,662.0,0.0,812.03,20,11,0,0
101846,74,1951,1,1,1,2030.0,50000.0,678.0,20162.66,26263.14,19,0,0,0
101847,52,1973,1,2,1,3530.0,29500.0,561.0,14183.56,13749.65,12,2,0,0
101848,59,1966,20,3,1,1740.0,21500.0,626.0,0.0,0.0,12,3,0,0
101849,35,1990,7,1,1,1310.0,22000.0,541.0,1147.76,1222.75,14,11,0,0
101850,42,1983,21,1,1,2490.0,36500.0,756.0,0.0,0.0,12,23,0,0
101851,62,1963,9,2,1,2090.0,40500.0,662.0,16242.17,14498.86,11,6,1,0
101852,46,1978,12,1,1,1930.0,24000.0,682.0,,283.58,0,7,0,1
101853,26,1999,5,2,1,,41000.0,,24879.72,26625.21,11,5,0,0
101854,31,1994,9,3,1,990.0,7500.0,639.0,1558.16,1490.39,29,4,0,1
101855,44,1980,3,2,0,2440.0,21500.0,469.0,4219.86,8468.54,6,4,0,0
101856,68,1957,1,2,0,1580.0,9500.0,825.0,43176.71,36145.08,6,0,0,0
101857,53,1972,15,1,1,,19000.0,693.0,11400.71,8974.26,14,0,1,1
101858,33,1991,1,1,1,1740.0,23000.0,,10497.69,14218.67,10,11,0,0
101859,45,1980,8,1,0,3020.0,26500.0,680.0,24029.14,18530.61,4,2,0,1
101860,46,1979,23,1,0,3230.0,28500.0,712.0,103039.98,49073.71,4,5,1,1
101861,20,2005,0,1,1,,19000.0,486.0,,14065.33,27,28,0,0
101862,44,1980,1,2,1,2070.0,31500.0,563.0,0.0,0.0,20,0,0,0
101863,40,1985,4,2,1,1270.0,15000.0,584.0,18120.88,18546.28,23,8,0,0
101864,43,1982,10,1,1,5440.0,127000.0,633.0,121047.8,117633.87,41,0,0,0
101865,32,1993,4,1,0,2480.0,29000.0,806.0,34334.65,36274.58,5,5,1,0
101866,51,1974,14,1,1,1240.0,14500.0,542.0,2425.37,1726.32,22,0,0,0
101867,39,1986,1,1,1,2060.0,20500.0,493.0,2584.4,2431.16,10,5,1,0
101868,33,1992,7,4,1,1940.0,23500.0,,4443.47,5338.07,26,11,0,0
101869,73,1952,11,1,0,1070.0,15500.0,610.0,45045.62,4940.08,2,0,1,1
101870,39,1986,12,3,0,630.0,8000.0,593.0,335.17,416.64,8,3,0,0
101871,25,1999,1,1,1,,17000.0,698.0,11563.11,11481.36,7,7,0,0
101872,63,1961,5,2,1,1850.0,36500.0,702.0,67531.75,65872.78,11,0,0,0
101873,66,1959,14,2,0,1930.0,13500.0,648.0,66843.5,60591.89,8,3,0,0
101874,31,1994,2,1,1,2690.0,49500.0,681.0,16016.45,17246.54,15,0,0,0
101875,38,1986,10,1,0,3020.0,43500.0,642.0,5280.77,5690.57,9,5,0,0
101876,42,1983,10,2,1,1710.0,35500.0,719.0,3967.3,4855.26,6,9,0,0
101877,39,1986,7,2,1,2420.0,30000.0,774.0,69622.3,64750.93,25,6,0,0
101878,24,2001,0,1,1,1450.0,11500.0,,969.93,1060.58,11,4,0,0
101879,29,1996,3,2,0,2560.0,39500.0,630.0,37260.3,27573.36,2,0,0,1
101880,77,1948,7,1,0,,60000.0,735.0,0.0,0.0,8,0,0,0
101881,36,1989,8,1,1,,10000.0,646.0,5432.69,5258.92,11,2,0,1
101882,37,1988,1,2,1,2520.0,27000.0,596.0,3374.77,3121.0,10,0,0,0
101883,56,1968,17,1,0,5620.0,60500.0,771.0,78887.83,74853.73,3,4,0,1
101884,38,1987,15,1,1,1610.0,15500.0,680.0,1942.03,1869.04,14,8,0,0
101885,35,1990,10,1,0,,15500.0,645.0,0.0,0.0,7,5,0,0
101886,29,1995,9,2,1,,26500.0,625.0,6149.19,2076.9,6,7,0,0
101887,53,1972,18,1,0,1460.0,12000.0,670.0,2745.6,2891.04,9,2,0,0
101888,48,1976,22,3,1,1900.0,24500.0,692.0,15086.17,17931.11,17,0,0,0
101889,62,1963,3,1,0,1230.0,20000.0,516.0,1555.33,1588.16,9,0,1,0
101890,38,1986,10,2,1,,18000.0,652.0,6532.37,6772.29,28,4,0,0
101891,64,1961,4,1,1,2250.0,26000.0,700.0,11024.22,11498.72,17,2,1,0
101892,47,1978,5,1,1,1660.0,12000.0,578.0,0.0,0.0,2,7,1,1
101893,37,1988,8,1,1,2060.0,12000.0,724.0,16009.78,16172.85,8,14,0,0
101894,52,1973,12,3,1,2890.0,36500.0,698.0,,21446.82,37,4,0,0
101895,50,1974,14,2,1,1160.0,6500.0,676.0,1942.94,2028.98,5,8,0,1
101896,49,1976,29,2,0,1770.0,30500.0,651.0,0.0,0.0,5,4,0,0
101897,34,1991,3,1,1,1740.0,20500.0,578.0,,24478.58,3,8,0,0
101898,43,1982,7,1,1,3650.0,64000.0,638.0,23544.08,24943.57,12,8,0,0
101899,42,1983,4,1,1,,21000.0,631.0,8932.43,9116.67,25,4,0,1
101900,56,1969,24,1,1,1800.0,28500.0,590.0,10990.46,22806.72,5,7,0,0
101901,64,1961,8,2,1,,38000.0,576.0,59136.35,55468.65,13,18,1,0
101902,57,1968,3,2,1,2960.0,57000.0,698.0,12542.05,10912.24,11,5,0,0
101903,56,1969,5,2,0,,28000.0,676.0,4300.47,10784.4,2,0,0,0
101904,61,1964,21,4,1,2360.0,33500.0,638.0,29835.18,30071.57,47,0,0,0
101905,63,1962,24,1,0,1520.0,12500.0,617.0,0.0,0.0,6,2,0,0
101906,39,1986,12,2,1,1250.0,14500.0,503.0,2437.79,2297.8,7,8,0,0
101907,27,1998,1,1,1,1430.0,21500.0,730.0,16133.29,13374.66,12,8,0,1
101908,47,1977,24,3,1,1120.0,10000.0,,6457.79,6222.94,42,2,1,0
101909,68,1956,17,1,0,2450.0,28000.0,798.0,210192.86,205468.12,2,4,0,0
101910,26,1999,4,2,1,3640.0,24000.0,850.0,6007.14,5894.8,21,2,0,0
101911,31,1993,0,1,1,1500.0,13000.0,658.0,3202.8,3115.91,16,4,0,0
101912,46,1978,8,3,1,,20500.0,659.0,18564.98,16091.13,10,1,1,0
101913,37,1988,1,1,1,2390.0,26500.0,711.0,16155.95,2294.77,6,12,1,1
101914,60,1965,22,1,1,,24500.0,589.0,278949.79,371863.02,16,0,1,1
101915,46,1978,13,2,1,2950.0,21500.0,583.0,5865.32,5673.91,14,1,0,0
101916,58,1967,25,2,1,,52500.0,730.0,25111.69,18000.43,13,15,0,0
101917,49,1976,15,2,1,2790.0,43500.0,626.0,20350.09,25731.88,4,10,0,1
101918,51,1974,14,1,1,3010.0,49000.0,511.0,,35552.1,22,0,0,0
101919,27,1997,0,1,0,1910.0,16500.0,,1429.42,1145.8,8,3,0,1
101920,35,1990,5,3,1,2530.0,36500.0,,0.0,0.0,26,11,0,0
101921,18,2007,0,1,1,1020.0,17000.0,,5658.99,4353.55,13,2,0,0
101922,33,1992,4,1,1,2300.0,20500.0,604.0,3982.47,3732.56,12,7,0,0
101923,37,1987,11,1,1,1810.0,23000.0,701.0,,895.55,19,9,1,0
101924,50,1975,7,1,1,2190.0,25000.0,686.0,0.0,0.0,17,9,1,0
101925,28,1997,3,3,1,2000.0,30000.0,732.0,452.54,426.79,16,5,0,0
101926,72,1952,2,1,0,1430.0,14000.0,655.0,0.0,0.0,5,0,2,0
101927,63,1961,15,1,0,,25500.0,766.0,23230.75,15247.26,8,2,0,1
101928,30,1995,2,1,1,,7500.0,768.0,8265.71,8041.33,17,6,0,0
101929,18,2007,0,1,0,1710.0,21000.0,,7789.25,7428.3,8,5,0,1
101930,21,2004,3,1,1,970.0,13000.0,,0.0,0.0,21,3,0,0
101931,50,1975,9,2,1,2170.0,22500.0,727.0,8978.67,8629.08,19,0,1,0
101932,26,1998,2,1,1,870.0,10500.0,538.0,126.67,140.57,7,6,1,0
101933,41,1984,1,2,1,1810.0,25000.0,,10886.23,10730.64,22,20,0,0
101934,53,1971,18,1,1,1640.0,24500.0,740.0,9023.04,8393.23,31,0,0,0
101935,51,1974,7,1,1,1890.0,28000.0,670.0,28796.22,33573.95,14,8,0,0
101936,56,1969,1,1,0,4260.0,44500.0,686.0,0.0,433.96,4,0,0,1
101937,26,1999,0,1,1,1270.0,10500.0,618.0,0.0,0.0,0,7,0,1
101938,55,1970,4,1,1,,24500.0,667.0,38547.13,48878.87,21,0,0,0
101939,55,1970,2,1,0,1460.0,25000.0,,697.26,738.97,2,3,0,1
101940,59,1966,25,4,1,3530.0,38000.0,796.0,183745.11,155528.3,13,0,1,0
101941,57,1968,10,3,1,1650.0,8500.0,645.0,8633.33,5036.69,15,11,0,0
101942,26,1998,4,1,1,2100.0,27500.0,,3744.42,4066.96,25,4,2,0
101943,18,2007,0,1,1,1750.0,16000.0,733.0,10273.01,12688.29,34,5,0,0
101944,51,1974,8,1,1,2030.0,25500.0,651.0,15262.25,17428.27,18,3,0,0
101945,69,1956,4,2,0,1820.0,18500.0,656.0,1443.22,1090.72,3,2,0,1
101946,34,1990,7,1,1,,12000.0,717.0,,509.55,29,13,2,1
101947,33,1992,12,2,1,1700.0,25000.0,652.0,3542.02,3219.32,19,3,0,0
101948,48,1976,9,2,1,3870.0,24500.0,789.0,56633.54,54522.77,21,13,0,0
101949,61,1964,8,1,1,2260.0,21500.0,725.0,21354.32,22713.07,12,10,1,0
101950,56,1969,7,3,1,3250.0,50000.0,,34436.71,32450.25,37,0,1,0
101951,27,1998,7,3,1,2900.0,21500.0,673.0,9624.95,10439.11,52,2,1,0
101952,39,1986,8,1,1,3400.0,30500.0,614.0,58907.17,51126.81,22,2,0,0
101953,37,1988,8,1,1,1510.0,19500.0,707.0,8498.48,8727.18,18,4,0,0
101954,54,1970,25,2,1,1470.0,10000.0,663.0,0.0,0.0,19,0,1,0
101955,56,1968,15,1,1,1710.0,23000.0,,73055.97,36904.54,11,0,0,1
101956,32,1993,3,1,0,2600.0,25000.0,668.0,9930.19,12624.18,9,5,0,0
101957,33,1992,6,1,0,880.0,12000.0,491.0,575.67,343.82,6,0,0,1
101958,49,1976,17,2,1,2340.0,36000.0,700.0,0.0,0.0,11,0,0,0
101959,42,1982,1,2,1,,41500.0,794.0,47920.85,47852.33,10,7,0,0
101960,34,1990,11,2,1,3450.0,29500.0,512.0,4730.22,4748.17,4,15,0,0
101961,38,1987,6,1,0,,20000.0,660.0,5798.65,4154.22,5,3,0,1
101962,54,1971,3,3,1,1280.0,27000.0,636.0,3386.31,3627.9,26,16,0,0
101963,40,1985,13,1,1,3320.0,54500.0,700.0,41172.75,38376.24,15,0,1,0
101964,43,1982,1,2,1,2850.0,61000.0,576.0,4279.28,4695.36,10,18,0,0
101965,34,1991,1,1,1,810.0,7500.0,615.0,0.0,0.0,12,6,0,0
101966,54,1971,21,1,1,1710.0,13500.0,705.0,9761.98,9423.45,11,7,0,0
101967,37,1988,1,1,1,,12000.0,534.0,0.0,937.33,14,2,0,0
101968,49,1976,14,2,1,,44500.0,698.0,66005.3,64220.27,21,9,0,0
101969,48,1977,20,1,0,1310.0,12000.0,666.0,3180.7,3141.71,5,0,0,0
101970,39,1986,19,1,1,3020.0,43000.0,821.0,73937.74,70955.58,22,7,0,0
101971,33,1992,12,1,1,2010.0,17500.0,507.0,,16961.47,19,16,0,0
101972,44,1981,10,2,0,2270.0,22500.0,737.0,43707.38,51813.02,9,2,1,0
101973,41,1983,9,1,1,1280.0,11000.0,,2229.13,2449.6,20,14,0,0
101974,60,1965,11,2,1,,11500.0,643.0,44401.65,39311.15,4,6,0,0
101975,33,1991,5,1,1,,16500.0,716.0,13107.0,12470.41,21,7,0,0
101976,57,1968,26,2,1,2310.0,24500.0,627.0,16119.64,19226.13,20,12,0,0
101977,63,1962,10,1,1,2050.0,29500.0,765.0,362328.96,407262.41,5,7,0,0
101978,55,1970,4,1,1,,13500.0,598.0,1679.97,1865.08,10,0,0,1
101979,56,1969,13,3,0,,20500.0,635.0,0.0,0.0,5,0,0,1
101980,42,1983,4,1,0,3030.0,31000.0,683.0,40220.91,34933.23,9,3,0,0
101981,52,1973,17,2,1,1860.0,12000.0,679.0,18285.18,47459.71,14,1,0,0
101982,52,1973,20,1,1,2050.0,14500.0,736.0,0.0,0.0,10,0,0,0
101983,21,2003,1,1,1,,19500.0,,5217.55,5891.59,12,15,0,1
101984,41,1984,12,1,1,1600.0,19500.0,612.0,1836.73,1216.59,16,0,0,1
101985,27,1998,3,1,1,,17500.0,667.0,781.5,866.26,5,14,0,0
101986,18,2007,0,1,1,1310.0,24000.0,,207.84,220.83,20,7,0,0
101987,45,1980,8,2,1,,40500.0,683.0,2667.69,2822.07,16,8,0,0
101988,52,1973,14,2,1,2150.0,33500.0,625.0,22434.38,24935.24,32,16,0,0
101989,36,1989,1,2,1,2650.0,34500.0,610.0,6297.51,5782.76,1,7,0,1
101990,53,1971,19,3,1,,27000.0,637.0,88147.6,83126.39,20,12,0,0
101991,54,1971,9,2,1,4150.0,47500.0,656.0,14031.24,10175.53,25,11,1,0
101992,47,1978,1,1,0,2260.0,20000.0,583.0,51074.07,51081.56,4,0,0,0
101993,38,1987,3,3,1,1010.0,16000.0,670.0,3819.15,4402.9,18,4,1,0
101994,56,1968,6,1,1,,52500.0,497.0,15651.27,15664.54,16,0,0,1
101995,72,1952,19,2,1,1650.0,20500.0,580.0,0.0,0.0,11,0,0,0
101996,18,2006,0,1,1,,9000.0,,1087.34,1194.9,16,1,0,1
101997,57,1968,3,1,0,1740.0,41500.0,753.0,7432.89,7942.97,8,2,0,0
101998,29,1996,8,1,1,3310.0,66500.0,805.0,22638.23,25383.78,17,7,1,0
101999,59,1966,19,2,0,,36500.0,631.0,28415.13,28782.63,5,0,0,1
102000,61,1964,18,2,1,2150.0,36000.0,693.0,36721.69,78754.5,27,8,0,0
102001,40,1985,10,2,1,4520.0,49500.0,677.0,0.0,0.0,14,18,0,0
102002,39,1986,1,2,1,2860.0,49000.0,795.0,39195.89,37778.98,11,3,0,0
102003,46,1979,4,1,0,1920.0,23500.0,645.0,16398.75,16266.85,0,0,1,1
102004,48,1977,23,4,1,,60000.0,626.0,35840.61,29208.99,56,0,0,0
102005,43,1982,2,1,1,2410.0,17500.0,593.0,27090.11,29246.85,23,0,0,0
102006,63,1962,12,2,0,2230.0,25500.0,745.0,14554.96,13729.43,8,1,0,0
102007,22,2003,2,2,1,1120.0,17500.0,,799.36,906.75,18,14,0,0
102008,38,1987,6,1,1,,16000.0,573.0,509.39,514.97,9,8,0,0
102009,56,1969,22,2,1,,14000.0,527.0,4499.85,5351.94,11,0,0,0
102010,42,1982,10,1,1,2240.0,18000.0,714.0,6050.24,6606.47,2,7,0,1
102011,42,1983,3,1,0,,48500.0,649.0,25651.31,21999.8,9,0,1,1
102012,41,1984,2,1,1,2780.0,26500.0,707.0,77336.97,85526.31,27,8,2,1
102013,60,1964,7,1,1,2940.0,48500.0,682.0,53975.89,46087.77,10,0,0,0
102014,56,1969,8,1,1,1890.0,29000.0,605.0,,5020.6,12,4,0,0
102015,26,1998,1,1,1,2370.0,19000.0,,0.0,0.0,31,4,1,0
102016,29,1996,3,1,1,,13000.0,,,8514.17,7,6,0,0
102017,40,1985,4,1,1,,20000.0,601.0,12417.76,30603.64,12,1,0,0
102018,44,1981,12,1,1,,49000.0,850.0,11045.9,7445.9,31,0,1,1
102019,60,1965,24,2,0,,55000.0,604.0,,22123.81,6,0,0,0
102020,44,1980,1,1,1,3240.0,32500.0,791.0,9648.86,7394.6,19,3,0,1
102021,66,1958,9,1,0,990.0,14000.0,670.0,4280.72,4808.19,5,0,0,0
102022,74,1951,5,1,1,1930.0,19000.0,570.0,8980.01,10919.83,18,10,2,1
102023,33,1992,8,1,0,1700.0,19000.0,638.0,6290.33,17123.9,7,4,0,0
102024,49,1976,24,3,1,2270.0,39000.0,596.0,113032.96,126013.41,41,3,0,0
102025,61,1964,11,1,0,,21000.0,690.0,0.0,0.0,1,5,0,0
102026,50,1975,31,1,0,2240.0,39500.0,676.0,52828.72,45604.47,6,2,0,0
102027,51,1974,7,2,1,1460.0,14000.0,680.0,26687.63,24599.19,31,0,0,0
102028,39,1986,2,2,1,2230.0,24000.0,783.0,,85010.67,44,18,0,0
102029,38,1987,6,2,0,,16000.0,548.0,5024.86,1260.83,5,4,0,1
102030,49,1976,7,3,1,1920.0,28000.0,615.0,4537.94,4186.93,17,0,0,0
102031,61,1964,23,2,1,2140.0,27000.0,632.0,208913.74,233026.04,14,0,0,0
102032,30,1995,2,2,1,1080.0,12000.0,696.0,753.08,763.02,15,4,0,0
102033,44,1981,17,2,1,,18500.0,629.0,1683.6,1755.91,21,20,0,0
102034,73,1951,7,2,1,2180.0,22000.0,705.0,33402.07,33518.0,24,0,0,0
102035,43,1982,6,2,1,1610.0,19000.0,598.0,6258.74,7195.3,13,0,0,0
102036,49,1975,22,1,1,3310.0,27000.0,834.0,23826.15,28433.62,13,8,0,0
102037,58,1967,1,1,1,2030.0,22000.0,686.0,5001.71,4861.5,9,9,0,0
102038,55,1969,18,1,1,,46500.0,662.0,4078.78,3363.97,10,0,0,1
102039,44,1981,3,1,0,,23500.0,620.0,11001.99,1595.26,6,3,1,1
102040,43,1982,1,1,0,3700.0,42000.0,664.0,48590.04,41425.5,4,4,0,0
102041,69,1955,29,2,0,2150.0,10000.0,679.0,,129784.91,6,0,1,0
102042,32,1993,1,1,1,1250.0,12000.0,742.0,,5113.99,19,2,0,0
102043,26,1999,1,1,1,,16000.0,681.0,7327.42,8946.65,6,10,0,1
102044,63,1962,11,1,1,1870.0,15500.0,710.0,3188.05,3675.24,12,3,0,1
102045,65,1960,5,1,1,1960.0,27000.0,749.0,0.0,0.0,23,0,0,0
102046,32,1993,2,1,1,,28000.0,635.0,16593.95,18248.27,20,6,0,0
102047,59,1965,20,2,1,2200.0,22500.0,622.0,253194.26,248376.31,32,0,0,0
102048,52,1973,9,1,0,,49500.0,757.0,373235.99,379046.43,1,3,1,0
102049,45,1980,10,3,0,,10000.0,775.0,7359.84,8522.79,2,2,1,0
102050,48,1977,10,1,1,2210.0,21500.0,635.0,821.1,907.77,17,9,0,0
102051,74,1951,21,1,0,,21000.0,612.0,22886.51,13980.32,6,0,0,1
102052,58,1967,15,1,1,3290.0,38000.0,691.0,50914.15,49279.69,12,6,0,0
102053,55,1970,4,1,1,1990.0,42500.0,779.0,,0.0,2,8,0,1
102054,54,1970,21,1,0,,33500.0,697.0,0.0,0.0,6,0,2,1
102055,38,1987,12,1,0,1190.0,20500.0,660.0,3149.0,2546.11,7,2,0,0
102056,42,1982,2,2,1,1630.0,21500.0,579.0,4961.34,4321.45,12,4,2,1
102057,44,1981,21,2,1,,37000.0,765.0,11383.05,12146.98,18,1,2,1
102058,33,1991,4,2,1,930.0,16500.0,383.0,631.76,688.66,3,11,0,0
102059,55,1970,4,1,1,,30500.0,550.0,5099.09,5520.85,11,0,1,1
102060,64,1960,12,2,0,,32000.0,663.0,0.0,0.0,7,0,0,1
102061,45,1980,10,2,1,,10000.0,577.0,6754.6,8005.91,34,16,0,0
102062,34,1990,10,1,1,1360.0,15000.0,636.0,21545.21,19212.63,8,21,0,0
102063,35,1989,9,1,1,1130.0,13000.0,671.0,814.25,1053.09,18,12,0,0
102064,71,1954,14,3,1,,22500.0,620.0,,2834.65,14,3,0,0
102065,38,1987,4,1,1,1220.0,14500.0,541.0,2244.57,1892.02,8,11,0,0
102066,28,1997,6,2,1,,12500.0,678.0,7091.56,7909.54,20,27,0,0
102067,24,2001,3,1,1,1250.0,10500.0,444.0,0.0,0.0,4,12,1,0
102068,40,1984,14,1,1,1540.0,15500.0,658.0,20832.18,21494.41,35,10,0,0
102069,65,1960,9,1,1,1960.0,21500.0,741.0,78876.17,93397.01,15,15,0,0
102070,65,1959,6,1,0,,30000.0,617.0,17455.28,16561.32,2,0,0,0
102071,56,1968,23,1,0,1530.0,13500.0,556.0,0.0,0.0,7,1,0,1
102072,36,1989,11,2,1,2220.0,26000.0,711.0,33880.64,34299.45,11,2,0,0
102073,59,1966,27,2,0,1570.0,14500.0,693.0,5590.02,6192.55,4,3,0,0
102074,44,1980,21,3,1,,22000.0,502.0,8516.27,8856.68,11,4,0,1
102075,56,1968,23,3,0,,14000.0,739.0,0.0,0.0,5,0,2,1
102076,79,1946,16,3,1,1230.0,14000.0,693.0,6790.4,5170.36,13,0,0,0
102077,43,1981,9,2,1,3510.0,70000.0,700.0,33106.3,29858.25,4,6,0,1
102078,26,1999,4,2,1,,30000.0,721.0,1501.47,1277.23,19,19,1,0
102079,75,1950,2,1,0,760.0,7000.0,,10834.4,10311.68,7,0,0,0
102080,44,1980,11,1,1,1950.0,20500.0,569.0,1447.38,3526.54,12,0,0,0
102081,44,1981,12,4,1,,59500.0,750.0,78826.39,75643.29,22,7,0,0
102082,22,2002,0,2,1,1560.0,20500.0,,,1998.83,24,1,0,0
102083,58,1967,0,3,1,3610.0,49000.0,594.0,3018.6,3022.88,15,4,0,1
102084,63,1961,18,2,1,,10000.0,484.0,4361.65,5230.86,3,25,0,0
102085,51,1974,15,2,1,2500.0,29000.0,674.0,53326.17,57093.83,7,6,0,0
102086,63,1962,14,2,0,,23500.0,634.0,14321.94,14432.1,7,5,0,0
102087,41,1984,6,2,1,1410.0,20000.0,679.0,4779.06,5161.95,13,14,0,0
102088,67,1958,11,2,1,4450.0,87000.0,752.0,107942.34,98790.07,19,0,0,0
102089,59,1966,11,2,1,,39500.0,,0.0,0.0,16,6,0,1
102090,74,1951,12,2,1,2050.0,19000.0,666.0,,89761.9,13,0,1,0
102091,22,2002,0,2,1,1740.0,38000.0,614.0,6068.97,5908.52,47,1,0,0
102092,28,1996,2,1,1,2560.0,31500.0,681.0,10902.94,10049.33,11,0,0,0
102093,61,1963,0,3,1,1430.0,30000.0,646.0,0.0,0.0,20,0,0,0
102094,53,1972,21,4,1,2090.0,23500.0,561.0,5117.46,4210.52,25,3,0,0
102095,34,1990,3,3,1,,41000.0,692.0,12445.61,11288.52,11,1,0,0
102096,49,1976,18,2,1,3450.0,39500.0,663.0,0.0,0.0,15,19,0,0
102097,61,1964,11,1,1,1170.0,41000.0,788.0,9966.31,8556.83,14,3,0,0
102098,64,1961,8,3,1,2140.0,27000.0,687.0,99708.31,117987.0,26,7,0,0
102099,51,1974,1,3,1,5110.0,43000.0,660.0,0.0,0.0,21,3,1,0
102100,49,1976,8,3,1,,49000.0,603.0,232736.53,228637.23,29,14,0,0
102101,55,1970,11,1,0,,13500.0,799.0,11020.63,1811.12,5,5,0,1
102102,47,1978,19,3,1,4710.0,51500.0,789.0,26306.35,23875.39,12,13,1,0
102103,76,1948,2,1,0,,21500.0,639.0,32397.37,38195.1,6,3,0,0
102104,41,1984,18,1,0,1120.0,16500.0,659.0,0.0,0.0,2,0,0,1
102105,48,1977,15,1,1,,52000.0,703.0,0.0,0.0,13,7,0,0
102106,45,1979,14,1,1,2020.0,31500.0,679.0,,11632.43,12,0,0,0
102107,71,1954,25,2,1,920.0,11500.0,678.0,48653.53,47073.32,29,0,0,0
102108,39,1986,7,1,1,1860.0,14000.0,,3146.82,3508.73,14,2,0,0
102109,61,1964,6,1,1,4840.0,66000.0,580.0,10369.62,12172.17,5,10,0,0
102110,47,1978,11,1,1,1830.0,14000.0,606.0,6705.84,7036.91,37,3,0,0
102111,41,1984,15,3,1,2250.0,25500.0,752.0,12095.54,10567.42,18,5,1,0
102112,18,2007,0,1,1,,12000.0,671.0,7743.12,5871.36,14,5,0,1
102113,46,1979,3,2,1,3650.0,38000.0,841.0,114807.58,108169.15,60,3,0,0
102114,73,1952,0,2,1,1250.0,10500.0,,2282.81,2270.51,10,0,2,1
102115,37,1988,5,2,1,2880.0,39500.0,,8852.79,2906.91,23,13,1,1
102116,18,2006,0,1,0,,9000.0,459.0,0.0,0.0,9,0,0,0
102117,52,1973,6,1,1,2130.0,23500.0,716.0,41151.69,8538.19,18,0,1,0
102118,29,1996,0,1,1,2310.0,14000.0,677.0,12016.26,16403.99,9,6,0,1
102119,20,2004,0,1,1,,14500.0,741.0,10043.58,9190.19,16,7,1,1
102120,39,1986,5,1,1,3270.0,30000.0,600.0,15266.99,36755.13,11,0,0,0
102121,27,1998,1,2,1,,16500.0,673.0,334.93,321.91,17,2,1,0
102122,63,1962,26,2,1,,33000.0,690.0,46079.21,27615.43,19,0,0,1
102123,50,1975,4,2,1,,28500.0,,4529.76,4378.42,15,0,0,0
102124,56,1968,17,3,1,2280.0,33500.0,549.0,8044.63,7645.34,27,5,0,0
102125,37,1988,11,1,1,,32500.0,661.0,2512.08,2648.71,43,4,0,0
102126,45,1980,8,1,1,1520.0,23500.0,609.0,2301.34,1024.49,14,8,0,0
102127,38,1986,16,1,1,1470.0,14000.0,762.0,0.0,0.0,5,8,0,0
102128,50,1975,4,1,1,,30000.0,554.0,3492.48,3685.09,28,2,0,0
102129,18,2007,0,1,1,1980.0,19000.0,685.0,0.0,0.0,30,5,0,0
102130,46,1978,3,2,1,4150.0,61500.0,728.0,53105.85,41905.94,32,4,0,0
102131,62,1963,25,3,1,1940.0,31000.0,734.0,0.0,0.0,15,13,0,0
102132,72,1953,18,2,1,1250.0,14500.0,676.0,129688.5,128866.26,20,10,0,0
102133,59,1965,11,1,1,2820.0,31000.0,581.0,6497.55,7267.03,36,0,0,0
102134,48,1977,1,2,1,4030.0,44000.0,759.0,14328.1,13712.99,18,0,0,0
102135,20,2005,1,1,1,,16500.0,,1458.91,1430.72,15,3,0,0
102136,48,1977,9,2,1,3300.0,59000.0,613.0,9789.06,9618.6,26,0,0,0
102137,18,2007,0,2,1,,19000.0,598.0,298.5,314.84,47,6,1,1
102138,32,1992,4,2,1,1720.0,34500.0,606.0,18845.24,19045.01,5,6,0,0
102139,43,1981,1,3,0,1880.0,53500.0,621.0,0.0,0.0,8,0,0,0
102140,42,1982,8,1,1,3890.0,44500.0,740.0,,167695.94,16,18,0,0
102141,59,1965,6,1,1,1620.0,34500.0,723.0,2789.44,3209.27,19,2,0,0
102142,42,1983,5,1,1,3710.0,31000.0,650.0,30861.35,34587.04,15,9,0,0
102143,27,1998,1,1,0,2000.0,32000.0,644.0,1011.69,893.02,5,0,0,0
102144,39,1985,8,1,1,2020.0,22500.0,808.0,,7848.78,46,15,0,0
102145,34,1991,1,1,1,2150.0,30000.0,741.0,0.0,0.0,13,11,1,0
102146,62,1962,11,1,0,1800.0,20000.0,636.0,36271.36,30346.43,3,0,1,1
102147,24,2001,0,2,1,,24000.0,,972.78,829.35,25,4,1,1
102148,38,1987,11,1,1,1410.0,10000.0,585.0,12136.67,13426.17,22,5,0,0
102149,60,1965,19,1,0,,23500.0,728.0,141567.33,115676.71,4,0,0,0
102150,33,1991,2,2,1,1480.0,10000.0,539.0,6140.6,5312.02,10,6,0,0
102151,52,1972,14,1,0,2870.0,28500.0,641.0,24574.55,6231.42,5,0,0,1
102152,46,1978,11,1,1,940.0,17000.0,457.0,351.04,414.45,4,6,0,0
102153,41,1983,10,2,1,2850.0,24000.0,614.0,13972.2,6121.11,7,12,0,0
102154,19,2006,0,1,0,960.0,12000.0,,955.05,935.57,6,0,0,1
102155,46,1979,6,3,1,1820.0,30000.0,707.0,17976.11,18681.59,11,4,0,0
102156,38,1987,5,1,1,1410.0,24500.0,587.0,2261.29,2314.3,14,3,0,0
102157,50,1975,3,2,1,2130.0,24500.0,640.0,3862.49,4278.48,38,8,0,0
102158,24,2001,2,2,1,2530.0,17000.0,,2341.12,2475.18,21,8,0,0
102159,54,1971,9,1,1,2170.0,30500.0,655.0,24236.76,32261.69,23,6,0,0
102160,56,1969,23,2,1,1540.0,18500.0,769.0,594.13,606.59,2,14,0,0
102161,67,1957,16,1,1,3310.0,31000.0,758.0,674753.14,715226.39,12,0,1,0
102162,39,1986,2,2,1,2350.0,45000.0,693.0,0.0,0.0,8,19,0,0
102163,35,1989,5,2,1,,28500.0,714.0,44384.58,48255.56,52,3,0,0
102164,59,1966,24,3,1,,57500.0,676.0,53620.01,57246.57,71,16,0,0
102165,30,1995,6,1,0,1250.0,15000.0,688.0,4814.87,2084.78,7,0,0,0
102166,33,1992,1,2,1,1810.0,18500.0,602.0,21685.54,7298.03,13,0,0,1
102167,41,1984,16,3,1,1380.0,14000.0,625.0,826.95,992.59,11,0,0,0
102168,29,1996,7,1,0,,12500.0,513.0,0.0,0.0,7,3,0,1
102169,67,1957,31,2,0,2190.0,39000.0,708.0,0.0,0.0,3,1,0,0
102170,60,1965,1,1,1,,45000.0,,,79391.21,15,1,0,0
102171,18,2006,0,1,1,860.0,10000.0,637.0,0.0,0.0,6,20,0,0
102172,18,2006,0,1,1,,22500.0,,6727.37,1602.97,10,4,0,1
102173,36,1989,13,1,1,1900.0,26000.0,660.0,1569.86,1123.01,18,18,1,0
102174,53,1972,2,1,0,2050.0,10500.0,691.0,5214.94,2332.55,3,0,1,1
102175,56,1968,26,2,1,,38500.0,597.0,0.0,0.0,7,10,0,0
102176,67,1958,12,1,0,1470.0,32000.0,850.0,33323.61,34851.08,6,0,0,0
102177,50,1975,3,1,1,2270.0,26500.0,688.0,11934.93,13209.85,15,5,0,0
102178,30,1995,11,3,1,1560.0,14000.0,,0.0,0.0,13,8,0,0
102179,52,1973,1,3,1,3410.0,50000.0,,46077.84,42706.27,15,7,0,0
102180,29,1996,4,2,1,,15000.0,675.0,4490.89,4498.17,39,18,0,0
102181,33,1991,10,1,1,1970.0,20500.0,702.0,0.0,0.0,9,7,0,0
102182,22,2003,1,1,0,1020.0,9500.0,,,0.0,6,2,1,0
102183,32,1993,12,1,1,,31000.0,609.0,19568.88,16024.25,24,2,0,0
102184,37,1988,1,3,1,1390.0,19500.0,571.0,,3768.3,8,11,2,0
102185,37,1988,10,2,1,1090.0,21000.0,477.0,548.02,588.12,1,10,0,0
102186,73,1952,21,2,1,1040.0,10000.0,722.0,23464.89,58144.34,21,0,0,0
102187,47,1978,0,2,1,3270.0,36500.0,714.0,12713.58,13612.42,7,6,0,1
102188,51,1974,18,2,1,1540.0,18000.0,714.0,1055.45,941.07,19,9,0,0
102189,48,1977,8,1,0,2750.0,45000.0,649.0,36544.43,36817.26,6,1,1,1
102190,70,1955,29,1,1,2500.0,32000.0,834.0,973085.83,1115688.32,18,5,0,0
102191,32,1993,3,1,1,1920.0,20500.0,739.0,10929.7,10458.55,3,12,1,0
102192,57,1968,18,2,1,,11500.0,659.0,0.0,0.0,18,0,0,0
102193,33,1992,8,1,1,,28500.0,546.0,5140.93,5694.36,7,12,1,0
102194,44,1981,11,2,1,1010.0,12500.0,600.0,1402.21,1608.69,37,3,0,0
102195,53,1972,6,2,1,1160.0,13500.0,517.0,0.0,0.0,12,8,0,0
102196,26,1999,6,1,1,2020.0,17500.0,670.0,0.0,0.0,14,7,0,0
102197,40,1984,5,1,1,2270.0,30000.0,633.0,10290.51,11666.32,23,0,0,0
102198,46,1979,2,1,1,,25500.0,729.0,2564.44,2748.82,10,8,0,0
102199,54,1971,2,1,1,1800.0,21000.0,665.0,8246.74,7657.62,6,9,0,0
102200,43,1982,17,2,0,1540.0,11500.0,699.0,,388.33,7,4,0,0
102201,88,1937,11,2,1,1630.0,26000.0,736.0,69828.91,82125.21,13,0,0,0
102202,74,1951,21,2,1,1300.0,20000.0,704.0,12499.82,11910.01,19,10,0,0
102203,18,2007,0,1,1,,26500.0,700.0,,0.0,28,7,0,0
102204,48,1977,2,1,0,,10000.0,519.0,0.0,0.0,3,1,1,1
102205,54,1970,10,1,1,2000.0,32500.0,678.0,13520.7,5979.16,11,3,0,0
102206,51,1974,17,2,1,2830.0,34000.0,677.0,10356.53,9015.91,16,8,0,0
102207,67,1958,17,1,1,1260.0,18000.0,648.0,0.0,0.0,19,0,0,0
102208,18,2007,0,2,1,1420.0,36000.0,630.0,0.0,0.0,31,9,1,0
102209,30,1995,0,1,1,1650.0,11500.0,626.0,,7074.99,22,10,1,0
102210,69,1955,21,1,1,2090.0,26000.0,670.0,221938.35,240280.42,10,0,0,0
102211,64,1961,5,1,0,2320.0,31000.0,713.0,38982.21,47731.11,7,0,0,0
102212,80,1945,4,2,0,1720.0,30000.0,804.0,221803.45,192355.67,9,5,0,0
102213,71,1954,25,4,0,2020.0,19000.0,653.0,6703.66,6371.67,9,2,0,0
102214,27,1998,1,1,1,1520.0,11500.0,586.0,4468.44,5017.22,29,3,0,0
102215,62,1962,22,1,0,,21000.0,746.0,47627.93,14033.44,4,5,0,0
102216,42,1982,1,1,1,6840.0,69500.0,742.0,80804.02,96149.39,20,6,0,0
102217,49,1975,11,1,1,2200.0,21000.0,644.0,7889.0,7939.11,17,9,0,0
102218,47,1978,4,2,1,1130.0,14500.0,663.0,0.0,0.0,5,6,0,0
102219,39,1986,11,1,1,3350.0,57000.0,769.0,27430.13,33010.02,24,6,0,0
102220,38,1987,3,1,0,2080.0,25000.0,836.0,0.0,0.0,8,2,0,0
102221,58,1967,13,2,0,,25000.0,459.0,68216.61,119814.12,3,2,0,0
102222,38,1987,10,2,1,2190.0,29000.0,479.0,4015.56,4047.4,18,3,1,0
102223,49,1975,9,3,1,,32500.0,591.0,,684.88,21,2,2,0
102224,53,1971,14,2,1,2430.0,48000.0,692.0,12004.61,13055.86,10,0,1,0
102225,38,1987,5,1,1,2810.0,33500.0,652.0,6689.75,5869.46,26,6,0,0
102226,42,1983,5,1,0,,17500.0,605.0,0.0,430.65,2,0,1,1
102227,63,1961,19,2,1,2560.0,26000.0,715.0,27595.4,26908.04,13,1,0,0
102228,21,2004,0,1,1,1790.0,15500.0,,0.0,0.0,16,5,0,0
102229,36,1989,7,1,1,3080.0,29500.0,692.0,41979.53,40803.08,30,2,0,1
102230,26,1999,4,1,1,,26000.0,556.0,0.0,0.0,22,19,0,0
102231,49,1975,3,2,1,3270.0,46000.0,733.0,4495.93,4297.93,20,16,0,0
102232,87,1938,9,1,0,860.0,13000.0,646.0,7117.11,7189.55,3,0,1,1
102233,28,1997,0,1,1,2290.0,39000.0,562.0,720.84,726.28,31,6,0,0
102234,64,1961,7,1,1,1270.0,23500.0,736.0,0.0,0.0,32,19,0,0
102235,67,1958,13,3,1,2010.0,16500.0,651.0,41518.31,47007.92,20,0,0,0
102236,18,2007,0,2,1,1670.0,14000.0,569.0,1932.21,1923.78,30,9,0,0
102237,26,1998,4,1,1,2380.0,23500.0,585.0,2788.14,2764.64,15,14,0,0
102238,46,1979,1,1,1,2060.0,19500.0,,990.37,975.65,24,5,0,0
102239,31,1994,3,1,1,2020.0,13000.0,677.0,19588.83,19405.71,5,12,0,0
102240,50,1975,26,2,1,4360.0,70500.0,798.0,39067.09,34494.62,30,3,0,0
102241,66,1959,15,2,0,,56000.0,776.0,84914.7,68708.43,4,1,0,1
102242,57,1968,9,2,1,,12500.0,528.0,4327.84,4549.35,18,0,1,0
102243,43,1982,21,3,1,3050.0,40500.0,664.0,79803.05,73744.7,39,1,1,0
102244,55,1970,9,1,0,2000.0,25500.0,538.0,4322.12,4056.81,3,0,0,1
102245,51,1974,26,4,1,2100.0,22500.0,697.0,0.0,0.0,45,5,1,0
102246,27,1998,5,1,1,2080.0,33500.0,714.0,5118.34,5084.4,18,5,1,0
102247,37,1988,4,1,0,1390.0,24000.0,717.0,0.0,0.0,8,0,0,0
102248,53,1971,10,2,1,,25000.0,677.0,185482.16,181099.64,7,7,2,1
102249,45,1979,14,1,0,,13000.0,657.0,0.0,0.0,5,3,0,1
102250,51,1974,0,1,1,,22500.0,724.0,14971.89,15530.05,16,11,0,0
102251,59,1966,5,3,0,2710.0,19000.0,645.0,6894.02,6551.75,3,0,0,1
102252,18,2007,0,2,1,1200.0,20000.0,591.0,943.79,1214.77,8,10,1,0
102253,68,1957,20,1,0,1410.0,22500.0,724.0,27377.35,4695.4,2,2,2,1
102254,18,2007,0,1,1,,9500.0,,75.19,78.91,19,3,1,1
102255,46,1979,7,1,1,,27000.0,716.0,0.0,0.0,1,10,0,0
102256,48,1977,7,1,0,2050.0,22500.0,825.0,,6660.96,9,5,1,1
102257,44,1981,1,2,1,1430.0,20000.0,555.0,3968.94,892.79,9,17,1,0
102258,49,1976,4,2,1,4280.0,51500.0,754.0,128120.96,163196.62,14,6,0,0
102259,38,1986,7,2,1,2360.0,33500.0,698.0,0.0,0.0,13,22,0,0
102260,35,1989,4,2,1,1750.0,25500.0,447.0,3819.7,3491.48,14,4,0,0
102261,44,1981,20,2,0,4650.0,53000.0,682.0,100094.9,106186.59,9,2,0,0
102262,49,1976,5,2,1,1320.0,23000.0,593.0,17718.88,20065.93,12,10,0,0
102263,36,1989,9,2,0,770.0,10500.0,594.0,312.08,321.42,5,3,1,0
102264,51,1974,17,3,1,3290.0,24500.0,850.0,0.0,0.0,11,12,0,0
102265,33,1992,2,1,0,,18500.0,610.0,2451.45,2142.37,7,1,0,1
102266,37,1988,6,1,0,1350.0,15500.0,649.0,3278.75,4913.11,5,1,0,0
102267,42,1983,16,1,1,2130.0,17500.0,755.0,80804.29,78702.49,7,9,0,0
102268,53,1972,15,2,1,2630.0,33500.0,535.0,28102.87,50208.19,28,12,0,0
102269,41,1984,8,3,1,2800.0,48000.0,647.0,0.0,0.0,12,7,0,0
102270,52,1973,4,1,0,2200.0,52000.0,624.0,11889.09,9670.71,8,0,0,0
102271,70,1955,5,1,0,1140.0,10500.0,651.0,1821.07,1432.53,2,0,0,0
102272,39,1985,5,1,1,2350.0,19500.0,723.0,6415.1,6173.35,11,7,1,0
102273,65,1960,22,1,0,,12000.0,675.0,8951.25,9626.9,5,0,0,1
102274,26,1999,1,1,1,1540.0,20500.0,647.0,12089.53,2500.76,14,7,0,0
102275,56,1968,4,2,1,3700.0,27500.0,754.0,27969.64,24337.03,10,0,0,1
102276,43,1982,10,1,1,,24500.0,850.0,77311.82,71230.9,26,11,0,0
102277,77,1948,8,1,1,1040.0,6500.0,652.0,0.0,0.0,19,0,0,0
102278,38,1986,1,3,1,3010.0,89500.0,763.0,107023.03,106468.91,9,10,0,0
102279,33,1992,4,2,1,,20500.0,701.0,8454.4,8421.61,34,5,0,0
102280,62,1963,16,2,0,,46000.0,739.0,132704.76,157177.45,3,0,2,0
102281,52,1973,17,1,1,2020.0,20000.0,629.0,3706.06,2916.64,15,11,0,0
102282,47,1978,13,3,1,,20500.0,686.0,6560.03,7215.23,48,6,0,0
102283,18,2006,0,1,0,1950.0,26500.0,733.0,31798.58,36693.24,6,4,0,0
102284,52,1973,8,2,0,1860.0,9000.0,652.0,0.0,0.0,0,3,1,0
102285,44,1981,2,1,1,1090.0,11500.0,648.0,11386.51,11514.43,10,4,0,0
102286,47,1978,13,2,0,,33000.0,710.0,24000.42,24301.12,9,3,1,0
102287,34,1991,3,1,1,1360.0,14500.0,,6929.79,6585.77,33,7,0,0
102288,65,1960,5,2,0,,22000.0,729.0,52810.85,65958.56,3,0,0,0
102289,45,1979,10,2,0,,25500.0,688.0,3254.46,3239.69,7,0,0,0
102290,42,1982,6,1,1,,41500.0,754.0,35600.8,33903.66,10,3,0,0
102291,22,2003,2,1,1,2010.0,27500.0,,0.0,0.0,13,5,0,0
102292,43,1982,13,1,1,4160.0,50000.0,819.0,41708.0,43629.71,24,4,1,1
102293,29,1996,3,1,1,1500.0,10500.0,678.0,87722.71,71430.67,12,12,1,0
102294,66,1959,15,1,0,950.0,10000.0,537.0,1325.42,1168.99,5,0,0,0
102295,49,1975,11,2,1,5610.0,83000.0,657.0,40646.91,38940.46,13,7,0,0
102296,36,1989,11,1,1,,17000.0,653.0,0.0,511.53,23,5,2,0
102297,43,1982,17,1,1,3020.0,43500.0,780.0,0.0,0.0,30,3,0,0
102298,67,1958,4,2,1,2240.0,59000.0,723.0,5168.87,5046.21,13,0,0,0
102299,48,1977,1,1,1,2460.0,26500.0,623.0,,12875.35,17,17,0,0
102300,45,1980,5,2,1,1370.0,14000.0,728.0,1094.68,1050.34,21,11,0,0
102301,73,1951,10,2,1,3210.0,50000.0,690.0,,0.0,22,0,0,0
102302,51,1974,12,1,1,2920.0,35500.0,644.0,13829.15,40474.14,26,4,0,0
102303,59,1966,13,1,1,2860.0,34000.0,672.0,0.0,0.0,11,0,1,0
102304,40,1985,7,2,1,,26500.0,650.0,0.0,0.0,7,6,0,0
102305,40,1985,5,3,1,1820.0,25500.0,645.0,11398.94,12610.75,10,0,0,0
102306,58,1967,10,3,0,2830.0,41500.0,603.0,14191.75,4069.68,8,5,1,1
102307,45,1980,5,1,1,2640.0,56500.0,642.0,2087.34,2730.53,7,8,0,0
102308,51,1974,15,1,1,2090.0,46000.0,679.0,14382.36,15071.06,19,7,0,0
102309,45,1980,6,1,0,940.0,11000.0,608.0,4915.33,4476.92,6,2,1,0
102310,46,1979,8,2,0,1420.0,14500.0,555.0,1782.71,362.56,2,4,2,1
102311,44,1981,6,1,1,1920.0,34000.0,627.0,993.45,917.6,18,5,0,0
102312,26,1999,2,3,1,1580.0,14500.0,715.0,9788.24,8946.15,45,7,0,0
102313,65,1959,22,2,1,1010.0,11000.0,644.0,2123.81,2647.88,12,6,0,0
102314,37,1987,4,1,1,1990.0,32000.0,624.0,10562.36,11369.96,26,1,0,0
102315,28,1997,2,2,0,1620.0,19000.0,699.0,3987.95,3284.85,5,2,0,1
102316,47,1978,15,3,1,2790.0,55500.0,706.0,4554.44,4947.68,19,0,0,0
102317,36,1989,7,1,1,1810.0,26500.0,685.0,3994.46,4059.29,14,6,0,0
102318,64,1961,22,4,1,1920.0,48000.0,667.0,20761.7,19229.87,27,0,0,0
102319,55,1970,2,1,1,2070.0,35500.0,645.0,3866.63,3037.17,18,7,0,0
102320,37,1988,2,1,0,1240.0,11000.0,653.0,2504.81,2771.06,5,2,0,1
102321,32,1993,1,2,1,,19500.0,615.0,2515.79,1885.59,16,19,0,1
102322,55,1970,3,3,1,3980.0,37000.0,710.0,32830.27,32955.38,11,11,0,0
102323,35,1990,3,1,1,1760.0,31500.0,672.0,100641.97,102107.6,12,6,0,0
102324,25,2000,1,1,1,,12000.0,593.0,17272.32,18244.22,51,14,0,0
102325,21,2004,1,1,1,2380.0,14000.0,791.0,4864.07,5351.11,24,8,1,0
102326,56,1969,7,1,1,1330.0,23000.0,698.0,4584.02,2370.01,7,7,0,0
102327,22,2003,1,1,1,1100.0,9000.0,521.0,1300.38,1238.32,9,15,0,0
102328,28,1997,5,2,1,1050.0,19000.0,661.0,3437.63,7471.8,7,24,0,0
102329,56,1969,32,4,1,4340.0,41000.0,784.0,21565.46,19391.07,23,8,1,0
102330,58,1966,6,1,0,1090.0,8000.0,631.0,3333.56,3119.58,9,0,0,0
102331,28,1997,6,1,1,1410.0,13500.0,670.0,2358.26,2666.51,5,11,1,0
102332,36,1989,14,1,0,1880.0,15500.0,749.0,0.0,0.0,4,1,0,1
102333,60,1964,15,3,0,2690.0,42000.0,618.0,0.0,49.01,9,3,0,0
102334,49,1976,6,1,1,1520.0,23000.0,541.0,6187.92,6083.24,11,0,0,0
102335,39,1986,9,1,1,1330.0,18500.0,588.0,6168.67,5711.75,19,3,0,0
102336,47,1977,0,1,1,2690.0,48500.0,628.0,3982.94,4867.94,8,7,1,1
102337,52,1973,26,3,1,,19500.0,676.0,8992.04,7926.17,28,14,0,0
102338,29,1996,3,1,1,3010.0,22500.0,,35308.18,37083.68,12,5,0,0
102339,30,1995,3,1,1,1800.0,18000.0,526.0,0.0,0.0,15,6,0,0
102340,62,1963,16,1,1,1560.0,17000.0,708.0,,10841.81,13,0,0,0
102341,72,1953,9,3,1,3320.0,25500.0,751.0,330624.34,358486.3,27,3,0,0
102342,59,1965,12,3,1,2320.0,43500.0,545.0,2831.07,2843.12,22,9,0,0
102343,43,1981,3,1,1,2990.0,29500.0,716.0,40191.08,36848.07,14,1,0,0
102344,35,1990,0,1,1,2360.0,22500.0,663.0,586.54,588.58,6,15,0,0
102345,46,1978,8,1,1,,22500.0,758.0,43859.03,45909.61,13,11,0,1
102346,61,1964,5,1,1,,19500.0,795.0,7593.85,1198.09,13,0,0,1
102347,64,1960,0,1,1,,17500.0,535.0,,3266.6,4,8,0,1
102348,45,1980,2,1,1,1690.0,12500.0,615.0,4732.78,1233.96,13,0,0,1
102349,52,1973,11,1,0,,17500.0,655.0,22920.94,23557.36,4,0,0,1
102350,24,2001,3,2,1,1060.0,11000.0,635.0,4466.62,1331.16,28,13,1,0
102351,43,1982,11,2,1,3050.0,55500.0,834.0,11782.78,13196.5,8,6,0,0
102352,67,1957,27,2,1,2230.0,21500.0,709.0,92569.12,106588.36,26,4,0,0
102353,43,1982,14,3,1,2100.0,16000.0,,12166.92,11173.79,13,5,0,0
102354,52,1973,14,1,1,3040.0,45500.0,712.0,32651.82,28790.55,5,10,0,0
102355,59,1966,21,1,1,3960.0,76500.0,676.0,72806.21,72732.05,3,7,1,0
102356,58,1967,22,4,1,2070.0,24500.0,775.0,129114.4,123362.34,22,0,0,0
102357,47,1978,9,3,1,1910.0,30500.0,643.0,,8116.28,17,2,0,1
102358,37,1987,7,1,0,1600.0,27000.0,626.0,2521.14,2489.19,7,0,0,0
102359,18,2007,0,2,1,,29500.0,723.0,0.0,0.0,10,1,0,1
102360,28,1996,0,1,1,2480.0,38000.0,580.0,812.5,306.2,15,7,0,0
102361,41,1984,12,1,1,950.0,11000.0,556.0,580.97,720.67,3,8,0,0
102362,56,1969,1,1,1,5410.0,63000.0,667.0,656707.01,593902.25,18,8,0,0
102363,49,1976,4,2,1,,51000.0,,213844.62,207079.57,21,5,0,0
102364,63,1962,8,1,1,,19500.0,557.0,2073.41,1882.26,18,0,0,0
102365,27,1998,1,1,1,1750.0,35000.0,,0.0,0.0,11,7,1,0
102366,19,2006,1,3,1,2290.0,18500.0,683.0,0.0,0.0,19,16,0,0
102367,55,1970,4,3,1,3410.0,70000.0,813.0,19481.37,20490.3,31,14,0,0
102368,72,1953,19,1,1,1160.0,10000.0,612.0,6486.78,5728.71,13,0,0,0
102369,48,1977,20,3,1,1160.0,15500.0,595.0,1816.06,1878.04,23,0,0,0
102370,37,1988,3,1,1,1960.0,26000.0,602.0,8741.12,7279.24,25,0,0,0
102371,59,1966,9,1,0,,14000.0,687.0,0.0,0.0,6,2,2,1
102372,67,1958,1,4,0,,9500.0,613.0,19501.91,20641.5,5,0,0,0
102373,27,1998,4,1,1,3050.0,53000.0,754.0,38896.64,38726.29,14,23,0,0
102374,40,1985,14,3,1,,28500.0,625.0,2555.9,2832.63,21,10,0,0
102375,61,1963,14,1,1,3440.0,45000.0,602.0,171104.73,159069.31,11,10,0,0
102376,49,1976,2,2,1,2100.0,57000.0,522.0,896.01,705.07,14,11,2,0
102377,34,1991,3,1,1,1150.0,18000.0,596.0,3288.97,2803.12,29,3,0,1
102378,41,1984,19,2,1,1730.0,16000.0,834.0,4227.13,2946.23,33,8,0,0
102379,32,1993,2,3,1,1510.0,14500.0,658.0,6680.66,7039.11,14,5,0,0
102380,24,2000,5,2,1,,7500.0,720.0,,893.09,2,11,0,1
102381,50,1975,5,1,1,,99000.0,788.0,40834.33,42429.46,33,6,0,0
102382,26,1998,3,1,1,3210.0,38500.0,,5803.25,5904.62,23,10,1,0
102383,44,1981,14,1,1,1810.0,21500.0,534.0,8508.97,9157.71,9,16,0,0
102384,32,1993,0,1,1,2350.0,26000.0,690.0,1423.19,1479.42,33,9,1,0
102385,52,1973,28,3,0,2160.0,17000.0,695.0,13152.53,10575.99,6,0,0,1
102386,40,1985,16,3,1,,18500.0,655.0,,0.0,23,2,0,0
102387,42,1983,2,1,0,,24000.0,610.0,1225.42,566.75,3,0,1,1
102388,22,2003,3,1,0,1410.0,23500.0,606.0,8513.86,9067.62,5,0,0,0
102389,49,1975,28,1,1,3080.0,39000.0,707.0,,64544.39,16,20,0,0
102390,39,1986,8,2,1,620.0,8000.0,741.0,,5598.86,7,6,0,0
102391,33,1992,3,1,1,2370.0,41500.0,663.0,4253.55,4764.86,28,0,1,0
102392,52,1973,28,1,1,,26000.0,654.0,0.0,0.0,13,0,0,0
102393,59,1966,8,2,1,2460.0,35500.0,792.0,30659.3,31045.99,15,2,0,0
102394,70,1955,3,1,0,1120.0,15000.0,613.0,0.0,0.0,5,0,0,0
102395,48,1977,11,1,1,,24000.0,782.0,63239.25,14466.58,13,12,0,0
102396,49,1975,5,2,1,2140.0,16500.0,768.0,108977.29,104886.61,13,6,0,0
102397,31,1994,7,1,0,2610.0,27000.0,687.0,,2312.29,7,5,0,0
102398,35,1990,2,2,1,1700.0,32500.0,685.0,0.0,0.0,16,13,1,0
102399,63,1962,21,1,1,,18500.0,715.0,91654.59,96677.97,15,0,0,0
102400,39,1985,5,2,1,4400.0,42000.0,,18175.63,16649.22,10,1,0,0
102401,72,1953,25,3,0,880.0,12500.0,737.0,45796.49,125505.12,6,3,0,0
102402,27,1998,4,1,1,2530.0,34000.0,613.0,0.0,0.0,24,23,1,0
102403,43,1982,8,2,1,1120.0,14000.0,620.0,,4580.32,10,3,0,0
102404,43,1982,2,2,0,2300.0,31000.0,605.0,3509.76,3314.31,8,0,0,0
102405,36,1989,4,1,0,,35500.0,602.0,20286.48,59138.73,7,5,0,0
102406,41,1984,16,3,1,4410.0,60000.0,763.0,24428.95,30338.07,31,0,0,0
102407,43,1981,14,2,1,1770.0,22500.0,562.0,0.0,0.0,19,10,0,0
102408,48,1977,12,2,0,1960.0,32500.0,587.0,0.0,0.0,9,5,0,0
102409,44,1980,8,3,1,,17500.0,638.0,27228.42,2853.15,17,6,1,1
102410,61,1963,19,3,1,2350.0,18500.0,731.0,15125.91,15146.36,27,0,0,0
102411,83,1942,3,1,0,,13000.0,511.0,29196.42,28766.23,7,0,1,1
102412,57,1968,0,2,1,2330.0,21500.0,719.0,14539.9,16180.23,12,1,0,1
102413,52,1973,8,3,1,1930.0,18000.0,679.0,43145.3,48088.93,19,5,0,0
102414,31,1993,5,2,1,1680.0,17500.0,551.0,5540.3,4757.4,33,12,0,0
102415,38,1987,5,1,1,2130.0,52500.0,697.0,5093.59,4543.53,12,8,0,0
102416,20,2005,1,1,1,1300.0,16000.0,702.0,9509.26,9787.47,25,0,0,0
102417,53,1972,9,1,1,1740.0,11000.0,659.0,,6965.2,14,3,0,1
102418,24,2001,0,2,1,1630.0,10000.0,675.0,39813.12,38372.0,26,1,0,1
102419,56,1969,6,2,1,1500.0,11500.0,672.0,1059.06,1306.61,5,6,0,1
102420,35,1990,12,2,1,,19500.0,763.0,18759.8,17949.58,19,4,0,0
102421,51,1974,16,1,0,2400.0,37500.0,737.0,,14058.52,5,0,0,0
102422,54,1971,7,3,0,1750.0,36000.0,677.0,4569.82,4414.33,3,0,1,0
102423,18,2007,0,1,1,1760.0,17000.0,,1069.76,1186.19,13,18,0,0
102424,34,1991,2,1,1,1650.0,15500.0,,1706.31,1879.59,13,3,0,1
102425,51,1973,7,2,1,2870.0,23000.0,722.0,8714.61,9203.85,3,6,0,0
102426,53,1972,2,1,1,,21000.0,627.0,,745.4,19,8,0,0
102427,58,1966,21,1,0,1200.0,16000.0,628.0,21066.51,24037.22,0,0,0,0
102428,41,1984,12,2,1,1740.0,21500.0,,140015.15,140428.85,16,9,0,0
102429,45,1980,16,1,1,3330.0,34500.0,618.0,158324.96,97536.26,12,0,0,1
102430,73,1951,4,1,0,1600.0,19000.0,651.0,27117.51,24793.67,6,0,0,0
102431,49,1976,22,1,0,1730.0,13500.0,578.0,11012.77,10746.3,6,5,0,0
102432,58,1967,27,3,1,,59500.0,696.0,90498.16,98328.16,23,2,1,0
102433,42,1983,9,3,1,,26000.0,786.0,0.0,1747.85,32,5,0,0
102434,23,2001,0,1,1,1070.0,13500.0,627.0,10212.74,3267.29,6,10,1,0
102435,53,1972,25,2,1,2220.0,25500.0,695.0,16557.13,17662.16,15,9,0,0
102436,54,1971,28,1,1,2710.0,24500.0,649.0,9992.97,10383.46,0,13,0,0
102437,60,1964,32,3,1,1830.0,22000.0,749.0,8259.43,11226.62,18,10,0,0
102438,33,1992,3,1,1,,13000.0,563.0,5203.63,6130.28,11,0,1,1
102439,35,1990,6,2,1,1310.0,17500.0,541.0,15269.7,17130.53,4,11,0,0
102440,18,2007,0,1,1,1400.0,16000.0,599.0,7491.8,7574.66,15,7,0,0
102441,54,1970,19,2,1,2380.0,38500.0,693.0,82573.14,87851.01,17,11,0,0
102442,58,1967,19,3,1,3130.0,34000.0,740.0,,8737.92,19,13,0,0
102443,36,1989,5,2,1,2200.0,17500.0,588.0,3531.66,2787.42,34,1,1,0
102444,39,1986,3,1,1,,13500.0,605.0,1302.22,1584.33,4,8,0,0
102445,43,1981,13,1,0,2670.0,47000.0,660.0,12873.44,34195.18,9,4,0,0
102446,70,1955,14,1,1,3050.0,45000.0,765.0,58575.01,55242.79,7,8,1,0
102447,60,1965,20,2,0,3730.0,32000.0,764.0,77249.73,77661.55,1,0,0,0
102448,63,1962,20,1,1,3030.0,54000.0,471.0,0.0,0.0,13,0,0,0
102449,44,1981,11,2,1,2150.0,12000.0,577.0,8714.62,6882.48,22,1,0,0
102450,39,1986,10,2,1,,27500.0,572.0,25425.84,22628.85,20,7,0,0
102451,63,1962,18,3,1,,29500.0,660.0,50977.07,63183.66,16,2,0,0
102452,21,2004,2,1,1,1200.0,14000.0,642.0,1492.08,1878.84,14,17,0,0
102453,54,1971,27,2,1,4010.0,49500.0,630.0,27587.56,45260.53,12,11,0,0
102454,27,1998,0,1,1,2420.0,32000.0,714.0,27229.09,25390.23,25,11,1,0
102455,58,1967,23,3,1,,29000.0,653.0,11031.71,9940.41,50,2,0,0
102456,54,1971,26,1,1,,15500.0,775.0,16083.35,15189.67,11,9,0,0
102457,33,1992,3,2,1,,7500.0,639.0,9932.33,10582.26,14,0,0,0
102458,49,1975,11,3,1,1790.0,33500.0,687.0,5353.74,5317.14,24,0,0,0
102459,29,1995,7,3,1,,25500.0,498.0,1752.02,1575.96,51,3,0,0
102460,30,1995,8,2,1,1320.0,23500.0,704.0,17271.46,14761.95,34,12,0,0
102461,40,1985,13,1,0,810.0,11500.0,609.0,853.67,925.95,7,1,0,0
102462,35,1990,15,1,0,,15000.0,577.0,5908.42,12688.45,5,4,0,0
102463,61,1964,7,2,1,1440.0,10500.0,540.0,5417.22,5454.55,4,10,1,0
102464,77,1948,9,1,1,1360.0,23500.0,487.0,32343.37,29572.94,11,0,0,0
102465,46,1979,18,1,1,2990.0,26000.0,770.0,0.0,0.0,11,0,0,0
102466,46,1978,13,1,0,,14500.0,619.0,6914.2,7093.48,8,3,0,0
102467,57,1967,21,1,1,1650.0,29500.0,666.0,2878.52,2880.21,22,16,0,0
102468,41,1984,8,1,1,,31000.0,,12857.34,14835.37,18,1,0,0
102469,53,1971,3,2,1,,23000.0,,19826.07,17541.49,2,9,0,0
102470,18,2007,0,1,1,,12500.0,570.0,302.4,279.77,29,1,0,0
102471,35,1990,2,1,1,1030.0,15500.0,643.0,5515.78,4661.8,16,0,0,1
102472,23,2002,1,2,1,1120.0,12000.0,583.0,5010.1,5154.22,18,8,0,0
102473,18,2007,0,2,1,1440.0,15000.0,509.0,0.0,0.0,20,3,0,0
102474,60,1965,22,3,1,,9500.0,699.0,4188.69,4462.46,11,15,0,0
102475,41,1984,7,1,1,,18500.0,594.0,1354.87,1555.31,13,2,0,1
102476,69,1956,20,2,1,1280.0,10000.0,703.0,,9488.24,14,11,0,0
102477,68,1956,2,1,0,1010.0,10500.0,696.0,989.09,893.83,8,0,1,1
102478,45,1980,9,1,1,1860.0,19000.0,666.0,0.0,0.0,20,12,0,0
102479,40,1985,8,1,1,3900.0,44500.0,744.0,33559.46,35012.36,23,29,0,0
102480,34,1991,3,1,0,3760.0,40500.0,622.0,33533.35,30752.61,2,3,0,0
102481,18,2007,0,1,1,,10000.0,,9720.97,8958.82,10,10,0,0
102482,38,1987,0,2,1,,32500.0,669.0,4057.62,3774.6,4,9,0,0
102483,42,1983,2,1,1,,40500.0,766.0,13128.98,13979.22,15,19,0,0
102484,36,1988,3,2,1,2190.0,20000.0,613.0,3560.65,4202.56,13,9,0,0
102485,31,1994,9,1,1,2390.0,33500.0,779.0,18970.45,21188.18,61,12,0,0
102486,44,1981,9,1,1,2400.0,33000.0,792.0,81766.77,233449.81,28,11,0,0
102487,40,1985,13,3,1,2530.0,24500.0,595.0,36051.37,39725.61,23,13,0,0
102488,48,1977,2,1,1,4100.0,40000.0,709.0,149487.95,145667.53,11,5,1,1
102489,31,1994,0,1,1,1380.0,20000.0,682.0,3072.16,2894.81,15,4,0,0
102490,74,1950,22,2,0,2670.0,27500.0,711.0,60092.64,56195.5,4,0,0,0
102491,54,1971,26,3,1,2570.0,23000.0,798.0,81533.21,82124.58,15,7,0,0
102492,43,1981,7,2,0,1750.0,6000.0,676.0,1249.42,1453.05,2,2,0,0
102493,34,1991,4,1,1,1480.0,28000.0,575.0,2139.34,2099.02,16,2,1,0
102494,31,1993,1,1,1,1530.0,23000.0,631.0,12121.27,11228.73,11,21,0,0
102495,58,1967,26,1,0,1610.0,22000.0,699.0,104702.26,298613.58,0,4,0,0
102496,40,1985,12,1,1,1710.0,19000.0,778.0,3149.09,2978.01,4,8,0,0
102497,46,1978,8,1,1,,15000.0,618.0,40980.35,43105.4,10,6,0,0
102498,52,1973,1,2,1,1230.0,13000.0,568.0,3374.68,1433.66,10,1,0,1
102499,38,1987,5,1,1,,13500.0,574.0,0.0,0.0,11,4,1,1
102500,50,1975,22,1,1,3640.0,37500.0,729.0,,0.0,33,3,0,0
102501,18,2006,0,1,0,1770.0,22500.0,713.0,0.0,83.0,1,4,1,0
102502,31,1994,5,1,1,940.0,11000.0,652.0,0.0,644.82,10,11,0,0
102503,18,2007,0,1,1,860.0,8000.0,,,82.46,10,1,0,0
102504,40,1984,5,1,1,940.0,15500.0,655.0,3365.69,3235.81,14,5,0,0
102505,39,1986,14,2,1,2590.0,22000.0,754.0,4515.07,11755.64,27,4,1,0
102506,72,1953,5,1,0,1240.0,36500.0,699.0,6732.01,6848.21,5,0,0,0
102507,34,1991,5,2,1,880.0,18000.0,481.0,226.72,212.4,9,9,0,0
102508,48,1977,15,1,0,1830.0,32500.0,653.0,4685.11,2917.77,1,4,0,1
102509,52,1972,4,1,1,3410.0,63000.0,609.0,16648.08,2179.09,11,13,2,1
102510,66,1958,21,2,1,1570.0,17500.0,601.0,0.0,92.75,14,2,0,0
102511,52,1973,15,1,0,1480.0,18000.0,647.0,11572.19,10262.02,7,2,0,1
102512,57,1967,4,1,0,3870.0,35500.0,688.0,2122.28,1849.46,2,4,0,0
102513,72,1953,9,2,1,,24000.0,630.0,134421.21,119377.24,16,4,0,0
102514,20,2005,0,3,1,1270.0,19500.0,,2886.95,2642.46,12,11,0,0
102515,37,1988,14,1,1,1280.0,19500.0,618.0,21041.51,22148.14,18,6,0,0
102516,40,1985,13,1,1,980.0,15500.0,604.0,3119.59,3186.57,26,3,1,0
102517,44,1980,18,2,0,2680.0,44500.0,706.0,,22829.63,1,3,0,0
102518,36,1988,3,1,1,,15500.0,728.0,1389.75,1480.19,2,12,0,0
102519,61,1964,8,2,0,3780.0,45500.0,730.0,123638.78,107500.07,8,0,0,0
102520,36,1988,8,2,1,,13500.0,695.0,0.0,0.0,5,6,1,1
102521,36,1989,2,1,1,2320.0,26500.0,661.0,1871.39,1795.85,7,10,1,0
102522,52,1973,20,1,0,2130.0,12000.0,690.0,36113.92,37146.78,9,0,0,0
102523,34,1990,2,1,1,,17000.0,739.0,626.74,695.22,12,5,0,0
102524,30,1995,0,1,1,1490.0,13000.0,610.0,,758.56,15,1,1,1
102525,26,1998,6,2,1,3030.0,40500.0,718.0,8760.3,8420.52,19,2,0,1
102526,43,1982,12,1,1,1210.0,19000.0,636.0,2039.82,1988.5,10,4,0,0
102527,61,1964,14,1,1,,23000.0,678.0,,14314.6,15,0,0,0
102528,57,1968,5,1,0,3020.0,26000.0,725.0,71176.16,75977.95,1,5,0,1
102529,52,1972,12,2,0,2280.0,22000.0,692.0,7528.75,6897.02,4,1,0,1
102530,47,1977,1,1,1,,20000.0,850.0,15140.69,16868.38,15,0,0,0
102531,37,1988,14,4,1,,30500.0,566.0,4541.35,3996.09,21,0,0,0
102532,44,1981,6,1,1,1530.0,20500.0,713.0,6165.06,5793.16,5,7,0,1
102533,27,1998,0,1,0,,14500.0,755.0,5013.6,4635.73,5,0,0,0
102534,48,1977,4,3,1,3580.0,53500.0,,34191.9,25802.13,19,9,1,0
102535,60,1964,19,2,1,1850.0,29500.0,759.0,41909.37,40381.72,28,3,0,0
102536,21,2004,1,1,1,1600.0,11000.0,,2974.41,1284.46,12,1,0,1
102537,65,1959,14,2,1,2430.0,16000.0,734.0,34234.51,34942.33,20,1,0,0
102538,18,2006,0,1,1,,8500.0,,1597.28,1556.6,29,6,0,0
102539,34,1991,6,2,1,2090.0,38500.0,452.0,3908.57,3845.86,31,5,0,0
102540,29,1996,3,1,1,,19500.0,683.0,0.0,0.0,26,4,1,0
102541,34,1991,8,1,0,1100.0,14000.0,583.0,949.88,963.09,4,4,0,0
102542,40,1984,2,1,1,1940.0,24500.0,718.0,0.0,0.0,25,4,0,0
102543,64,1961,7,1,1,1740.0,21500.0,643.0,16207.81,2233.65,22,0,0,0
102544,30,1995,5,1,1,1450.0,19000.0,629.0,1498.91,1636.01,19,5,1,1
102545,31,1994,7,2,1,1090.0,13500.0,617.0,1708.98,1797.54,18,0,0,0
102546,34,1991,6,2,1,2250.0,37500.0,658.0,10891.5,9582.91,33,10,0,0
102547,37,1987,8,1,1,2430.0,35000.0,708.0,19847.18,21870.93,14,20,0,0
102548,36,1989,10,1,1,1760.0,21000.0,649.0,4498.32,4204.86,28,3,0,0
102549,25,2000,0,1,1,,16500.0,648.0,8353.74,10134.46,10,1,0,1
102550,49,1976,20,2,1,2240.0,37000.0,702.0,166793.31,167568.89,71,2,0,0
102551,43,1982,4,2,1,,61500.0,709.0,0.0,411.27,29,0,0,1
102552,60,1964,9,1,1,2670.0,51000.0,641.0,22555.59,22281.12,8,6,0,0
102553,64,1961,19,4,1,3320.0,24000.0,790.0,228604.6,205686.07,25,0,1,0
102554,22,2003,2,1,1,,9500.0,690.0,1047.94,1231.54,21,2,0,0
102555,69,1956,4,1,1,2230.0,43500.0,560.0,217632.24,99652.27,10,0,0,0
102556,53,1972,10,1,0,1440.0,19000.0,559.0,30325.16,28377.46,8,2,0,1
102557,64,1961,7,1,1,750.0,17500.0,722.0,6302.39,12207.57,12,0,0,0
102558,44,1981,20,2,1,1960.0,21500.0,759.0,48555.07,49602.52,17,12,0,0
102559,55,1970,8,1,1,2240.0,34500.0,650.0,0.0,0.0,23,5,0,0
102560,54,1971,3,1,0,1350.0,30500.0,592.0,2445.85,2734.07,5,0,2,0
102561,65,1960,10,1,0,2490.0,28500.0,635.0,52673.42,59621.67,7,0,0,0
102562,36,1989,13,1,1,1850.0,24000.0,651.0,57631.78,50273.38,14,0,0,1
102563,36,1989,7,3,1,2020.0,36500.0,565.0,,11834.09,37,1,0,0
102564,41,1983,0,1,1,,44500.0,741.0,4845.49,559.94,7,13,0,1
102565,65,1960,9,2,0,,20500.0,677.0,28155.21,55826.37,3,1,0,0
102566,68,1957,11,3,1,2550.0,26000.0,661.0,97883.99,103725.16,4,9,1,0
102567,29,1995,3,2,0,640.0,10500.0,621.0,262.95,334.18,8,3,0,0
102568,53,1972,11,1,1,2420.0,27500.0,713.0,35335.6,39382.17,17,0,0,1
102569,45,1979,11,1,0,,35500.0,593.0,0.0,0.0,4,0,0,1
102570,42,1983,15,2,1,2430.0,54500.0,688.0,8550.64,7728.19,28,4,0,0
102571,53,1972,23,3,1,,61000.0,656.0,47053.69,40367.57,20,1,0,0
102572,73,1952,11,1,1,2070.0,18000.0,700.0,70464.33,65589.89,13,6,1,0
102573,54,1971,6,1,0,,35500.0,666.0,0.0,0.0,5,1,0,1
102574,39,1985,18,3,1,,40000.0,639.0,24855.69,24455.2,30,4,0,0
102575,36,1988,5,1,0,2270.0,33000.0,573.0,,36766.28,5,1,0,1
102576,53,1972,24,3,1,1150.0,24500.0,587.0,1589.38,1342.78,16,25,0,0
102577,50,1975,12,1,1,2600.0,20000.0,649.0,7928.3,7906.64,32,3,0,1
102578,63,1962,6,1,0,2250.0,36500.0,624.0,44429.35,52456.9,4,0,0,0
102579,67,1957,15,1,1,1490.0,19000.0,705.0,,681.09,2,6,0,0
102580,50,1975,11,1,0,,37000.0,750.0,3907.83,3352.69,4,0,0,0
102581,55,1970,23,1,0,2940.0,31500.0,699.0,0.0,0.0,3,3,0,1
102582,71,1954,30,2,1,2300.0,33000.0,597.0,60555.8,45424.77,2,10,0,0
102583,65,1960,9,2,0,1330.0,14000.0,613.0,0.0,0.0,6,0,0,0
102584,32,1993,0,1,1,1230.0,11500.0,624.0,1539.73,1476.64,14,0,0,0
102585,24,2001,2,1,1,,24000.0,,38801.46,34985.94,38,5,0,0
102586,25,2000,4,1,0,,51500.0,646.0,14763.41,3228.78,6,3,1,1
102587,20,2005,1,1,1,,22000.0,,5221.26,5484.54,12,5,0,0
102588,52,1973,17,2,0,1940.0,12500.0,665.0,0.0,234.02,6,1,0,1
102589,27,1998,6,1,1,1380.0,18000.0,694.0,1361.17,1298.86,25,9,0,0
102590,56,1969,1,1,0,,11000.0,,4092.6,1630.28,4,0,1,1
102591,34,1990,0,1,1,,32500.0,798.0,1946.76,1713.69,19,2,0,0
102592,60,1965,8,1,1,3750.0,54000.0,691.0,65984.32,70248.78,10,0,0,0
102593,55,1970,8,3,1,7290.0,77500.0,690.0,350460.46,406547.2,20,0,0,0
102594,48,1977,18,1,0,2130.0,20500.0,583.0,8186.69,8693.94,4,0,0,0
102595,53,1971,19,1,1,,29500.0,733.0,40059.73,14024.53,11,2,0,1
102596,26,1999,0,1,0,1650.0,17500.0,,1860.95,1523.51,9,2,0,1
102597,18,2007,0,1,1,1990.0,25500.0,,,2613.73,36,4,0,0
102598,37,1988,4,1,0,1490.0,13000.0,696.0,6404.38,7137.56,8,0,1,0
102599,52,1973,10,2,0,,10000.0,486.0,3981.99,1782.12,0,2,0,1
102600,26,1999,5,1,1,1500.0,15500.0,784.0,1732.34,1714.13,18,3,0,0
102601,55,1970,3,1,0,,44000.0,814.0,0.0,0.0,9,0,0,1
102602,54,1971,0,2,1,3800.0,29000.0,720.0,52406.0,39687.45,7,6,0,1
102603,47,1978,25,3,1,1520.0,22500.0,600.0,11214.22,10807.49,23,12,0,0
102604,49,1976,13,1,1,1660.0,20000.0,621.0,0.0,0.0,6,16,0,0
102605,44,1980,23,2,1,,16000.0,754.0,7839.05,8203.66,17,0,1,0
102606,47,1977,7,2,1,1430.0,37000.0,618.0,550.3,592.02,25,8,0,0
102607,26,1999,4,3,1,,18500.0,708.0,1415.09,1502.78,28,11,0,0
102608,61,1963,4,2,1,2070.0,25000.0,740.0,14938.21,16047.65,14,0,2,0
102609,50,1975,7,1,1,4080.0,55000.0,844.0,33866.08,32463.25,30,1,0,0
102610,53,1972,6,2,0,1770.0,29000.0,592.0,98543.39,102962.81,4,2,1,0
102611,34,1991,2,1,1,1780.0,27000.0,574.0,32733.81,27683.09,13,10,0,0
102612,23,2002,1,1,1,,16000.0,614.0,3671.3,3540.23,10,1,0,0
102613,64,1960,6,1,0,1840.0,25500.0,636.0,24766.7,24902.11,3,3,0,0
102614,23,2002,2,1,1,,12500.0,442.0,641.59,712.19,5,11,0,0
102615,40,1985,7,1,0,660.0,10500.0,547.0,592.04,493.61,3,2,0,0
102616,44,1981,3,2,1,3770.0,48000.0,850.0,86654.21,78355.54,11,5,0,0
102617,49,1976,2,1,0,980.0,6500.0,750.0,0.0,0.0,1,0,0,0
102618,50,1975,9,1,1,1190.0,14500.0,654.0,12576.05,6911.41,11,0,0,1
102619,45,1979,12,1,0,1810.0,20500.0,696.0,8166.36,6444.57,6,1,0,0
102620,24,2001,3,1,1,850.0,13000.0,581.0,725.16,621.37,13,14,0,0
102621,41,1984,3,2,1,820.0,7500.0,532.0,0.0,0.0,11,3,0,0
102622,44,1981,24,1,1,3550.0,63000.0,791.0,103900.02,114225.94,28,0,0,0
102623,53,1972,13,3,1,2760.0,32500.0,712.0,36264.55,38600.05,19,4,0,0
102624,49,1975,9,2,0,2280.0,78000.0,596.0,38503.62,37671.54,4,0,0,0
102625,62,1963,23,4,1,3690.0,35000.0,744.0,255512.33,284166.4,5,11,0,0
102626,58,1967,2,1,0,,44000.0,545.0,31999.77,31873.88,9,3,0,0
102627,26,1999,4,1,1,1090.0,12500.0,546.0,3955.02,4023.79,29,21,1,0
102628,46,1979,9,1,1,,45000.0,780.0,10963.66,10180.52,29,7,0,0
102629,52,1973,8,1,1,2790.0,39500.0,616.0,2271.82,2154.25,3,8,0,1
102630,38,1987,1,1,1,2210.0,33500.0,548.0,10544.66,10174.43,12,8,0,0
102631,68,1957,9,1,0,2390.0,14500.0,837.0,44380.67,56732.72,6,0,0,0
102632,37,1987,11,1,1,,38000.0,709.0,4622.75,2628.26,28,5,1,0
102633,26,1999,1,1,0,890.0,4500.0,,889.65,846.53,6,4,0,0
102634,19,2005,1,1,0,,10000.0,564.0,697.69,706.96,4,3,1,1
102635,38,1986,4,2,1,2690.0,34500.0,606.0,0.0,0.0,12,6,1,0
102636,38,1987,7,2,1,,53500.0,823.0,86098.19,73977.42,5,8,0,1
102637,40,1985,14,3,1,1730.0,12000.0,,,19796.5,19,6,0,0
102638,18,2007,0,1,1,810.0,7000.0,,1633.25,1600.52,19,11,0,0
102639,46,1979,18,3,1,2570.0,28500.0,676.0,83701.04,71480.67,14,10,0,0
102640,63,1962,15,2,1,,18000.0,640.0,0.0,0.0,10,0,0,0
102641,36,1988,9,2,1,1080.0,7000.0,562.0,1946.31,2198.12,16,8,0,0
102642,55,1970,21,1,1,2300.0,17000.0,679.0,5461.17,6681.93,14,0,0,0
102643,36,1989,12,1,1,1860.0,26500.0,770.0,5355.81,4140.97,19,7,0,0
102644,33,1992,1,1,1,1460.0,11000.0,630.0,12026.39,14464.06,13,6,0,0
102645,66,1959,12,2,0,2200.0,45000.0,706.0,13161.84,5303.25,5,3,0,1
102646,57,1968,8,1,0,1770.0,12000.0,624.0,764.89,777.41,9,3,1,0
102647,59,1966,11,2,1,,27000.0,602.0,6893.63,6741.04,37,0,0,0
102648,81,1943,25,1,0,1230.0,15000.0,540.0,32780.72,31314.61,1,0,0,0
102649,46,1979,19,1,0,1320.0,15500.0,628.0,4720.13,2434.5,6,4,0,1
102650,46,1979,16,1,1,,39000.0,665.0,26921.34,29735.71,18,5,0,0
102651,48,1977,8,1,1,,29000.0,748.0,11422.25,11006.91,16,1,0,0
102652,68,1957,27,1,1,770.0,5000.0,735.0,46294.8,31961.48,5,6,1,1
102653,60,1965,11,2,0,,21500.0,687.0,,4265.55,7,2,0,1
102654,33,1992,7,1,0,,29500.0,638.0,2881.63,2612.44,6,1,0,0
102655,34,1991,6,1,1,1680.0,18500.0,639.0,0.0,0.0,22,1,1,0
102656,52,1973,10,1,1,,29000.0,599.0,65868.36,66667.08,13,0,0,0
102657,54,1971,13,2,1,2910.0,45500.0,661.0,165519.13,321926.02,38,0,0,0
102658,53,1971,4,3,1,2550.0,53500.0,712.0,0.0,0.0,19,4,1,1
102659,54,1971,28,3,1,1110.0,15000.0,687.0,11263.84,10619.53,16,5,0,0
102660,43,1981,13,2,1,2980.0,38500.0,676.0,33131.13,60691.9,14,7,0,0
102661,55,1970,6,1,1,1470.0,13500.0,603.0,1653.88,1455.21,22,0,0,1
102662,56,1969,27,4,1,1670.0,47500.0,723.0,0.0,0.0,46,0,0,0
102663,33,1991,5,2,1,,17000.0,658.0,943.16,937.48,30,14,1,0
102664,27,1998,1,1,1,,22000.0,649.0,11615.21,10969.76,5,10,0,0
102665,50,1975,17,3,1,3370.0,27000.0,770.0,198263.36,219139.46,34,7,0,0
102666,40,1985,5,4,1,,30500.0,654.0,5054.47,4410.83,19,26,0,0
102667,24,2001,3,1,1,,8500.0,536.0,2156.93,2375.36,23,9,0,0
102668,58,1967,11,2,1,1580.0,12000.0,634.0,0.0,0.0,11,0,0,0
102669,52,1973,5,2,0,3110.0,64000.0,785.0,112870.53,138921.15,8,3,0,0
102670,67,1957,21,2,1,4390.0,80000.0,839.0,32018.35,5040.69,16,0,0,0
102671,45,1979,13,1,1,3630.0,30500.0,685.0,8680.94,7930.97,4,36,1,0
102672,47,1977,12,1,1,3230.0,44500.0,726.0,198213.74,190867.41,14,0,0,0
102673,24,2001,4,1,1,890.0,9500.0,667.0,1424.81,1328.79,12,1,0,0
102674,67,1958,16,1,0,,22000.0,780.0,5572.21,5252.55,8,4,0,0
102675,55,1969,3,1,1,1900.0,17500.0,548.0,973.2,969.46,6,9,0,0
102676,59,1965,22,1,1,2670.0,36000.0,842.0,118348.35,122516.38,20,5,0,0
102677,42,1983,1,2,1,2410.0,38000.0,562.0,13449.74,10052.58,14,19,0,0
102678,45,1980,3,1,1,1650.0,19500.0,,4476.93,2999.61,14,0,0,0
102679,51,1974,4,2,1,,66500.0,804.0,10128.72,11323.96,10,3,0,1
102680,35,1989,7,2,1,1050.0,11500.0,632.0,0.0,0.0,31,1,0,0
102681,34,1991,3,1,1,1360.0,12500.0,737.0,0.0,0.0,19,6,0,0
102682,76,1948,11,1,1,1420.0,22000.0,632.0,0.0,0.0,4,9,0,0
102683,51,1974,16,1,0,1990.0,20500.0,723.0,12679.65,13555.9,2,5,1,0
102684,36,1989,16,3,1,3080.0,18500.0,668.0,22801.71,22838.15,12,17,0,0
102685,25,2000,0,1,1,920.0,8000.0,,3736.73,3622.9,15,6,0,0
102686,28,1996,5,1,0,2690.0,25500.0,805.0,12419.79,11276.65,2,4,0,0
102687,51,1974,10,2,1,,5500.0,704.0,1958.44,2048.23,11,16,0,0
102688,31,1994,8,1,1,,22500.0,626.0,1181.75,1523.37,7,25,0,0
102689,30,1995,4,1,0,,28000.0,648.0,2161.28,1852.01,8,3,0,1
102690,43,1981,3,1,1,1220.0,19500.0,678.0,1684.78,1896.26,23,3,1,0
102691,51,1974,22,3,1,1660.0,17000.0,777.0,43492.54,34026.65,53,0,2,1
102692,65,1959,14,2,1,1960.0,40000.0,612.0,0.0,0.0,16,0,1,0
102693,33,1992,10,2,1,2180.0,20000.0,614.0,9101.68,9333.72,22,16,1,0
102694,35,1989,5,1,0,4280.0,76000.0,760.0,17354.1,11643.13,7,2,0,1
102695,51,1974,18,1,0,,14500.0,,4135.53,3873.67,4,2,0,1
102696,38,1987,19,2,1,2200.0,35500.0,656.0,32718.37,32757.27,36,3,0,0
102697,58,1967,0,1,0,2320.0,29000.0,665.0,,0.0,3,0,0,0
102698,39,1986,13,1,1,2670.0,37500.0,705.0,0.0,0.0,33,11,0,0
102699,26,1998,3,2,1,840.0,8500.0,,1802.18,2026.3,18,5,0,1
102700,35,1989,3,2,1,2050.0,16500.0,649.0,62345.2,66969.24,14,1,0,0
102701,22,2002,3,1,1,620.0,5000.0,634.0,1857.68,434.43,16,2,1,0
102702,38,1987,8,1,0,1680.0,18500.0,652.0,21581.06,18856.11,6,4,1,0
102703,53,1971,4,2,1,2600.0,25500.0,,91489.19,98025.02,10,4,0,0
102704,46,1978,7,1,1,3060.0,42000.0,653.0,0.0,0.0,10,11,1,1
102705,44,1980,7,2,1,4560.0,70000.0,626.0,77976.0,89106.24,13,1,1,0
102706,27,1998,4,2,0,,12500.0,587.0,1093.8,1192.2,6,5,0,0
102707,34,1990,13,1,0,,15500.0,499.0,2137.47,1930.23,7,1,1,0
102708,40,1985,9,2,1,,26000.0,613.0,637.62,603.72,14,12,0,0
102709,49,1975,9,1,0,,31000.0,850.0,34961.16,17841.61,7,4,0,0
102710,84,1940,10,1,1,1500.0,29500.0,748.0,22317.35,24653.99,11,0,0,0
102711,35,1989,10,2,1,,15000.0,572.0,18313.2,19330.39,28,3,0,0
102712,60,1964,6,1,0,,107000.0,734.0,187287.25,52047.96,6,0,1,1
102713,28,1997,7,1,1,2210.0,12000.0,706.0,46627.24,56269.14,24,14,0,0
102714,30,1995,9,1,1,1160.0,22500.0,655.0,,26392.19,8,7,0,0
102715,18,2006,0,1,1,1490.0,23000.0,,6453.14,6216.53,22,6,0,0
102716,34,1990,4,2,1,,29000.0,560.0,0.0,0.0,24,7,0,0
102717,61,1964,16,2,1,2220.0,22000.0,738.0,,22024.66,17,0,0,0
102718,45,1980,6,3,1,1630.0,21500.0,633.0,5732.23,5824.72,19,2,0,0
102719,64,1961,11,1,0,,47000.0,756.0,53353.86,48589.46,1,1,0,1
102720,38,1986,4,1,1,1350.0,20000.0,608.0,0.0,0.0,11,0,1,0
102721,62,1963,11,1,0,,29000.0,682.0,36065.52,35184.75,2,1,1,1
102722,37,1988,12,1,0,2430.0,19000.0,607.0,2136.33,2063.37,7,5,1,0
102723,59,1966,0,2,1,1700.0,23000.0,654.0,8685.48,9656.57,13,2,0,0
102724,70,1955,13,2,0,1260.0,11500.0,620.0,114254.42,133320.62,2,0,0,0
102725,42,1982,7,1,1,3360.0,48500.0,740.0,5027.47,4866.9,10,10,0,0
102726,25,2000,0,1,1,2230.0,28000.0,620.0,5121.82,4813.92,25,4,0,0
102727,73,1951,10,1,1,2090.0,24500.0,567.0,27239.5,26670.31,19,0,1,0
102728,32,1993,3,2,1,1410.0,22000.0,633.0,,497.43,22,9,0,0
102729,37,1988,6,1,1,2790.0,36500.0,731.0,11157.8,13127.94,11,12,0,0
102730,41,1984,15,1,0,,16500.0,750.0,5186.65,4649.52,8,0,1,0
102731,59,1966,24,1,0,1990.0,26500.0,643.0,31538.29,20174.62,4,0,0,1
102732,56,1969,5,2,0,,18500.0,596.0,906.25,1444.19,8,0,0,0
102733,55,1970,6,2,0,1920.0,17000.0,682.0,10540.26,14867.98,8,0,0,1
102734,41,1983,1,2,1,,67000.0,616.0,,19111.43,42,5,0,0
102735,43,1982,11,3,1,3290.0,55500.0,771.0,67860.75,59845.46,34,8,0,0
102736,58,1967,21,1,1,2000.0,17000.0,637.0,49197.09,52559.79,16,10,1,0
102737,71,1954,17,2,0,2360.0,33000.0,717.0,159430.92,175300.42,2,3,0,0
102738,27,1998,2,1,1,,21000.0,528.0,1843.27,2249.55,13,13,0,0
102739,64,1961,13,3,0,,15000.0,677.0,0.0,0.0,7,5,0,1
102740,60,1965,4,1,1,3340.0,34500.0,668.0,11041.06,12126.15,2,12,0,0
102741,56,1969,29,1,1,2080.0,40000.0,733.0,28918.35,84969.42,39,21,0,0
102742,35,1990,9,2,1,1880.0,28500.0,578.0,2528.85,2335.18,31,3,0,0
102743,47,1977,6,1,1,3120.0,39500.0,685.0,25232.91,22392.12,49,2,1,0
102744,52,1973,28,3,1,2850.0,39000.0,617.0,156259.12,138595.08,13,34,1,0
102745,36,1989,7,1,1,1300.0,18500.0,730.0,0.0,0.0,20,0,0,0
102746,64,1960,5,1,0,4390.0,49000.0,744.0,34632.86,42021.62,6,0,0,0
102747,39,1986,8,1,1,1740.0,17000.0,635.0,7408.72,7629.45,10,6,0,1
102748,69,1956,14,2,1,1750.0,16500.0,623.0,58815.7,62941.09,8,11,0,0
102749,23,2002,1,2,1,1850.0,28500.0,646.0,0.0,0.0,17,6,0,0
102750,25,2000,3,1,1,2740.0,30000.0,662.0,25418.4,27915.59,9,11,0,0
102751,18,2006,0,1,1,,29000.0,,1815.22,1616.11,18,2,1,1
102752,57,1968,9,2,0,,22500.0,588.0,100680.64,92490.05,7,3,0,0
102753,32,1992,4,3,1,1500.0,16500.0,567.0,2176.62,2289.59,34,5,0,0
102754,34,1991,6,1,1,1360.0,8500.0,586.0,3527.4,4193.16,1,14,0,0
102755,60,1965,3,1,0,2140.0,27000.0,693.0,0.0,0.0,5,3,0,1
102756,72,1953,6,4,1,,18500.0,771.0,84929.14,88220.52,24,0,0,0
102757,35,1990,10,3,1,,35000.0,743.0,55384.66,59587.58,10,2,0,0
102758,66,1959,29,1,1,1070.0,18500.0,736.0,4018.7,3641.62,19,0,0,0
102759,54,1971,23,1,1,,29500.0,659.0,7847.02,8871.75,7,12,0,1
102760,46,1979,1,1,1,2610.0,34000.0,783.0,61463.27,66836.54,16,8,0,0
102761,28,1997,1,1,0,870.0,7500.0,556.0,651.93,539.78,7,5,1,0
102762,25,2000,3,2,1,910.0,6000.0,545.0,552.89,580.06,14,8,0,0
102763,47,1977,6,1,1,2210.0,56500.0,668.0,1882.32,1874.61,25,0,0,0
102764,48,1976,16,3,1,2580.0,20000.0,786.0,24726.76,24236.81,21,0,0,0
102765,35,1990,13,1,1,,12000.0,696.0,6507.82,7646.12,17,13,0,0
102766,31,1994,1,1,1,,12500.0,596.0,1913.31,1816.38,6,9,0,0
102767,26,1999,0,1,1,,9000.0,593.0,1746.12,1262.98,7,8,0,1
102768,51,1974,24,2,1,2890.0,20000.0,529.0,88708.87,85148.43,10,2,0,1
102769,56,1969,14,1,1,2800.0,65500.0,756.0,117202.99,63913.49,5,6,0,1
102770,57,1968,6,1,0,,49000.0,631.0,0.0,0.0,0,0,0,1
102771,55,1970,5,1,0,2300.0,22000.0,657.0,21045.65,10880.32,4,3,0,1
102772,38,1987,1,1,1,1560.0,10000.0,554.0,15137.97,13473.47,12,13,0,0
102773,70,1955,5,1,1,2180.0,26500.0,614.0,61710.22,12365.11,10,0,0,0
102774,31,1993,8,3,1,1970.0,27500.0,566.0,0.0,0.0,5,6,0,0
102775,54,1971,2,1,0,2520.0,31000.0,663.0,9614.06,11126.4,7,2,0,0
102776,40,1985,11,1,1,,15000.0,657.0,57457.5,70939.84,13,18,0,0
102777,29,1996,8,2,1,1590.0,20500.0,575.0,836.75,845.68,27,7,0,0
102778,36,1988,9,1,0,2610.0,36500.0,671.0,36045.88,41265.67,1,1,0,1
102779,54,1971,8,1,0,3600.0,25500.0,658.0,17296.86,15954.18,3,0,1,0
102780,62,1963,31,2,1,2400.0,36500.0,574.0,9644.17,8842.13,15,2,2,0
102781,51,1974,7,1,1,3700.0,40500.0,746.0,,23669.92,12,0,0,0
102782,18,2007,0,2,1,1750.0,27000.0,614.0,21186.25,21819.07,18,9,1,0
102783,57,1968,13,2,1,1230.0,33000.0,580.0,,5031.18,1,15,0,0
102784,18,2007,0,1,1,1200.0,11500.0,655.0,1527.29,1607.54,5,11,0,0
102785,75,1950,22,1,1,1370.0,18000.0,612.0,24748.17,52913.94,14,0,0,0
102786,49,1976,14,1,1,1560.0,28000.0,661.0,0.0,1622.15,18,0,0,0
102787,48,1977,12,1,1,1700.0,20500.0,618.0,2532.35,1057.61,5,7,0,1
102788,61,1964,18,1,0,2690.0,28000.0,756.0,29928.47,15115.29,4,0,0,1
102789,42,1983,14,4,1,2680.0,20000.0,686.0,25961.54,30179.63,5,6,0,0
102790,42,1983,8,1,0,2840.0,25000.0,710.0,5219.94,4651.32,9,2,0,0
102791,40,1985,11,2,1,2920.0,26500.0,850.0,24801.24,26889.71,24,16,1,0
102792,48,1976,10,4,1,4080.0,48000.0,628.0,98226.66,109597.61,52,0,0,0
102793,47,1978,4,1,0,1740.0,8500.0,703.0,6931.86,7243.8,6,0,0,0
102794,49,1975,10,2,1,,35000.0,652.0,0.0,108.28,10,0,0,1
102795,18,2006,0,1,1,1810.0,10000.0,528.0,0.0,0.0,34,21,0,0
102796,44,1980,9,1,1,1610.0,28000.0,723.0,44669.0,45503.37,5,14,0,0
102797,22,2003,1,1,1,1380.0,11500.0,548.0,,0.0,14,4,0,0
102798,87,1938,7,1,1,2630.0,30000.0,,421812.01,307651.94,12,0,0,0
102799,58,1967,25,2,0,2830.0,31500.0,551.0,12495.98,13344.49,8,0,0,0
102800,60,1964,19,2,1,2420.0,24500.0,746.0,63779.57,60404.06,24,5,0,0
102801,53,1972,7,1,1,1850.0,19000.0,753.0,14364.16,14296.08,14,3,0,1
102802,56,1969,11,1,0,,17000.0,563.0,1657.43,493.07,5,0,0,1
102803,32,1993,8,2,0,870.0,13500.0,619.0,0.0,0.0,7,4,0,0
102804,58,1967,19,1,1,,34000.0,687.0,15032.85,16949.41,3,6,0,1
102805,59,1966,18,2,0,1620.0,7000.0,717.0,2079.5,2383.12,1,1,0,0
102806,49,1976,21,4,1,1280.0,13000.0,716.0,26264.37,32131.75,32,12,0,0
102807,58,1967,7,2,1,1830.0,33500.0,699.0,32348.06,25903.96,14,3,0,0
102808,62,1963,15,2,0,1750.0,33500.0,657.0,33881.61,38889.63,7,4,0,0
102809,46,1979,3,1,1,,32500.0,577.0,1096.32,470.79,12,16,0,0
102810,29,1996,3,1,1,,33000.0,642.0,87333.09,80654.27,10,4,0,0
102811,58,1967,2,1,0,,36500.0,850.0,20191.75,22492.79,7,2,0,1
102812,69,1956,1,2,1,1310.0,14500.0,766.0,,8363.42,17,0,0,0
102813,28,1996,2,1,1,,13000.0,657.0,3154.81,3283.45,22,6,0,0
102814,63,1962,0,2,1,,25500.0,542.0,5689.05,5271.02,9,7,1,0
102815,50,1975,23,2,1,3950.0,37000.0,713.0,62588.19,68363.87,15,1,1,0
102816,55,1970,13,2,1,3790.0,41000.0,787.0,0.0,0.0,16,5,0,1
102817,59,1966,5,1,1,1180.0,20500.0,,0.0,0.0,22,0,0,0
102818,30,1995,0,1,1,,25000.0,758.0,14577.75,16677.36,22,1,1,1
102819,50,1974,28,2,1,3540.0,47500.0,739.0,57391.25,75702.06,24,0,0,1
102820,61,1964,6,2,1,1790.0,26500.0,742.0,29375.28,29182.6,32,25,0,0
102821,67,1958,5,1,1,3410.0,27500.0,674.0,42043.3,45328.65,18,23,0,0
102822,59,1966,12,2,1,3120.0,26500.0,705.0,2261.73,1782.16,9,7,0,0
102823,32,1993,12,2,0,810.0,11500.0,617.0,1143.09,1206.36,4,2,0,1
102824,49,1976,10,1,1,,85000.0,691.0,57906.6,29454.74,4,14,0,1
102825,42,1983,16,1,1,2330.0,34000.0,666.0,0.0,0.0,21,2,0,0
102826,47,1978,21,1,0,,9000.0,725.0,11767.67,5465.4,1,2,0,1
102827,63,1962,20,2,1,2260.0,51000.0,793.0,208730.97,191230.32,12,0,0,0
102828,25,2000,5,2,1,,31500.0,,6839.72,3487.12,26,0,0,1
102829,54,1971,18,1,1,,39500.0,669.0,0.0,788.49,2,25,0,0
102830,53,1971,18,4,1,2180.0,32000.0,698.0,24899.18,24096.02,19,0,0,0
102831,31,1994,4,1,1,,19000.0,543.0,2029.98,2040.93,7,9,0,0
102832,63,1962,22,1,1,2920.0,18500.0,738.0,,9883.07,10,0,0,0
102833,37,1988,12,1,1,3110.0,41000.0,676.0,18082.3,7309.8,1,7,0,0
102834,47,1978,16,2,0,2130.0,36000.0,692.0,41942.63,30199.36,7,2,2,1
102835,18,2006,0,1,1,2380.0,35500.0,,8006.39,8851.62,44,0,0,0
102836,63,1962,9,2,1,,48500.0,698.0,29428.29,36530.57,14,2,0,0
102837,42,1982,19,1,1,,48000.0,749.0,72566.63,55561.32,13,9,0,0
102838,41,1984,8,2,1,1510.0,15500.0,754.0,339.33,322.58,14,0,3,0
102839,68,1956,7,1,1,1330.0,18000.0,766.0,,0.0,11,1,1,0
102840,18,2007,0,1,1,,53000.0,,2646.94,2841.08,33,13,0,0
102841,59,1965,14,2,1,850.0,10500.0,556.0,2018.04,2164.83,10,0,0,0
102842,62,1962,4,1,0,970.0,10000.0,665.0,11210.69,9117.95,7,1,0,0
102843,18,2006,0,3,1,,21000.0,575.0,2309.4,2123.65,31,18,1,0
102844,50,1975,2,2,1,2550.0,33500.0,577.0,11142.21,10142.53,11,34,1,0
102845,40,1984,2,1,0,1530.0,15000.0,630.0,11548.47,13445.62,6,2,0,0
102846,30,1995,6,2,0,1740.0,18500.0,644.0,1123.04,1154.2,3,2,0,0
102847,27,1998,7,2,1,2270.0,17000.0,636.0,6705.19,6098.25,14,3,0,0
102848,57,1967,18,1,0,2020.0,21000.0,609.0,5704.2,4423.95,3,4,0,0
102849,64,1961,5,1,0,1430.0,30000.0,436.0,15044.83,16512.14,5,1,0,0
102850,29,1996,0,1,1,1170.0,19000.0,,1052.2,1080.01,8,6,1,1
102851,32,1993,10,1,0,1500.0,14500.0,615.0,14068.3,13081.53,6,0,0,0
102852,58,1967,13,1,0,1200.0,15000.0,708.0,3926.43,3627.47,3,3,0,0
102853,83,1942,1,1,1,2550.0,23000.0,601.0,20599.95,10111.46,13,0,1,1
102854,22,2003,0,1,1,1720.0,22500.0,,0.0,0.0,24,4,0,0
102855,24,2000,5,1,1,2730.0,36500.0,630.0,4713.32,4647.75,17,4,0,0
102856,30,1995,5,1,1,1900.0,19000.0,736.0,15854.94,22183.77,7,6,0,1
102857,30,1995,3,1,1,1460.0,19500.0,654.0,6099.1,6329.16,28,0,0,0
102858,64,1961,22,1,0,2730.0,41500.0,662.0,98219.21,105324.28,7,2,0,0
102859,30,1995,7,1,1,1690.0,20500.0,735.0,3711.42,4168.88,31,1,0,0
102860,80,1945,17,2,1,2130.0,35000.0,759.0,118442.12,119582.8,19,3,1,0
102861,53,1972,11,1,0,2200.0,62000.0,687.0,12576.28,11172.93,1,3,0,1
102862,62,1963,23,3,1,,35000.0,821.0,,0.0,17,14,0,0
102863,56,1969,5,1,0,2730.0,38500.0,630.0,24478.75,26359.52,9,0,0,0
102864,30,1994,6,1,0,1540.0,27500.0,557.0,0.0,0.0,5,0,0,0
102865,25,2000,2,1,0,1630.0,17500.0,660.0,1404.49,1497.15,5,4,0,0
102866,61,1963,16,1,0,1510.0,27500.0,685.0,,109720.98,6,5,1,0
102867,65,1959,18,2,0,2600.0,18000.0,600.0,,206717.63,9,3,0,1
102868,53,1972,2,1,1,1130.0,8500.0,549.0,6940.3,6940.7,11,18,0,0
102869,46,1979,15,1,0,,30500.0,606.0,,15360.66,4,0,0,1
102870,48,1977,15,1,1,,14500.0,619.0,4022.98,3905.18,24,0,0,0
102871,50,1975,20,2,1,2020.0,24500.0,738.0,10465.35,11266.84,16,1,0,0
102872,25,1999,6,1,1,1630.0,10000.0,,11262.2,10053.99,13,6,0,0
102873,47,1978,1,1,1,,56000.0,642.0,58185.68,44982.69,20,3,0,0
102874,46,1979,10,2,1,2570.0,17000.0,621.0,2280.91,2093.66,27,7,0,0
102875,19,2005,0,2,1,2130.0,41500.0,723.0,7333.87,7492.44,31,13,0,0
102876,18,2007,0,1,1,2380.0,10500.0,,6225.4,6408.27,18,8,0,0
102877,42,1983,8,2,1,1100.0,11000.0,566.0,845.51,752.99,34,15,0,0
102878,18,2006,0,1,1,1440.0,16000.0,613.0,10460.81,12158.41,22,15,0,0
102879,18,2006,0,1,1,1590.0,32000.0,654.0,0.0,0.0,16,2,0,0
102880,19,2006,0,1,1,1680.0,24500.0,656.0,0.0,0.0,6,9,2,0
102881,49,1976,0,1,0,1260.0,18500.0,597.0,2103.72,2485.4,5,1,1,1
102882,45,1980,10,2,1,2800.0,47500.0,645.0,88420.89,88917.07,13,5,0,0
102883,47,1977,2,3,1,4500.0,62000.0,642.0,38365.19,34786.18,13,7,0,1
102884,72,1952,14,2,1,1720.0,24000.0,690.0,36412.75,37052.77,23,18,0,0
102885,54,1971,12,2,0,2160.0,31500.0,651.0,13278.7,1556.36,1,0,1,1
102886,70,1955,8,1,0,1880.0,11500.0,763.0,164949.53,150189.1,9,0,0,0
102887,49,1976,9,1,1,1790.0,28500.0,756.0,12679.91,15319.95,8,11,0,0
102888,63,1962,4,1,1,1600.0,21500.0,709.0,20255.42,21974.63,4,6,0,0
102889,70,1955,19,1,1,2060.0,21500.0,758.0,187958.54,157302.71,14,0,0,0
102890,77,1947,10,1,0,2730.0,34500.0,737.0,25055.77,26060.84,2,0,0,0
102891,43,1982,16,1,1,1310.0,10500.0,661.0,,20942.97,22,0,1,0
102892,27,1998,3,1,1,880.0,15000.0,,1365.8,1354.85,23,6,0,0
102893,47,1978,13,2,1,2540.0,23000.0,720.0,9086.95,9437.5,30,13,0,0
102894,67,1958,5,2,0,2210.0,34500.0,749.0,,9018.7,7,0,0,0
102895,71,1954,5,1,1,,13000.0,694.0,,2468.99,14,2,0,0
102896,48,1977,12,2,0,,14500.0,554.0,12143.46,14568.85,7,0,0,0
102897,52,1972,7,2,1,2450.0,25000.0,630.0,0.0,0.0,8,6,0,0
102898,71,1954,7,2,1,3070.0,32000.0,618.0,34160.83,31403.95,11,0,0,0
102899,49,1975,9,1,1,1190.0,15000.0,756.0,,5753.86,10,21,0,0
102900,57,1968,0,3,1,3490.0,38000.0,754.0,18686.06,15069.54,13,0,0,0
102901,60,1964,10,1,1,2400.0,18000.0,565.0,14430.46,14109.1,13,0,0,0
102902,43,1981,20,1,1,3000.0,55500.0,850.0,29296.76,27102.84,6,18,0,0
102903,33,1992,3,3,1,1660.0,24000.0,,321.65,318.81,32,3,0,0
102904,84,1941,24,1,0,2010.0,31500.0,670.0,198917.04,240173.05,3,0,0,0
102905,37,1988,8,2,1,2700.0,22500.0,804.0,228134.47,209164.07,16,6,0,0
102906,29,1996,2,2,1,3720.0,50000.0,,12838.98,10315.29,13,2,0,0
102907,42,1983,13,3,0,,45000.0,702.0,38614.23,37272.26,9,1,1,0
102908,48,1976,30,4,1,2470.0,61000.0,723.0,2065.37,2398.06,6,6,0,0
102909,51,1974,23,1,1,2380.0,24000.0,698.0,186801.88,169693.82,12,0,0,0
102910,41,1983,21,2,1,790.0,11500.0,512.0,2631.06,3144.37,14,3,0,0
102911,54,1971,16,3,1,3580.0,41000.0,677.0,1856099.31,1777551.22,41,1,0,0
102912,73,1952,10,1,1,1670.0,33000.0,850.0,64903.09,74007.96,20,0,0,0
102913,41,1984,3,1,1,,38500.0,816.0,22546.08,9645.84,10,14,2,1
102914,47,1978,18,1,0,3580.0,42500.0,717.0,15009.27,3193.79,7,3,0,1
102915,68,1957,3,2,0,2840.0,25500.0,717.0,156109.53,139430.78,8,0,0,0
102916,30,1994,4,2,1,1910.0,28000.0,657.0,0.0,0.0,10,6,0,0
102917,27,1998,3,2,0,840.0,13500.0,,3035.4,2900.59,0,0,2,0
102918,35,1990,0,1,1,1670.0,20000.0,,12275.87,11660.75,3,11,1,0
102919,44,1981,5,2,1,2540.0,33500.0,622.0,0.0,0.0,21,0,1,0
102920,60,1964,18,1,1,2900.0,40000.0,837.0,114254.61,91891.82,10,0,0,1
102921,20,2005,1,1,1,2060.0,32000.0,,0.0,0.0,22,8,0,0
102922,36,1988,6,1,1,1940.0,8500.0,624.0,268.27,81.83,12,4,0,0
102923,29,1995,7,3,1,,4000.0,599.0,3539.37,530.94,22,5,1,1
102924,21,2003,1,1,0,630.0,8500.0,502.0,1651.07,371.98,2,1,0,1
102925,26,1999,2,2,1,2060.0,19500.0,644.0,1947.05,1741.37,11,14,0,0
102926,58,1966,17,1,0,2650.0,43000.0,722.0,52081.45,50634.47,7,5,0,0
102927,48,1977,12,2,1,2710.0,34500.0,639.0,253873.96,261840.82,12,0,0,0
102928,48,1977,6,1,1,2160.0,62000.0,,45404.81,15307.02,17,2,0,0
102929,56,1969,24,1,1,1800.0,13500.0,763.0,69330.3,69065.16,27,1,0,0
102930,53,1972,6,2,1,2240.0,19500.0,736.0,39855.94,41382.68,18,1,0,0
102931,53,1972,15,2,1,6580.0,65000.0,739.0,293431.55,283745.34,34,4,0,0
102932,76,1949,15,1,1,750.0,7500.0,630.0,7830.83,8245.5,16,0,0,0
102933,56,1969,5,2,1,1940.0,19000.0,529.0,,706.6,12,0,0,0
102934,18,2007,0,1,1,1680.0,24000.0,552.0,0.0,0.0,44,8,0,0
102935,55,1970,6,2,1,2050.0,17500.0,558.0,,0.0,7,7,0,0
102936,61,1964,12,1,1,3710.0,45000.0,,19113.02,16207.92,9,6,0,0
102937,54,1971,9,2,1,1420.0,13500.0,736.0,0.0,0.0,15,12,0,0
102938,37,1988,9,1,0,1490.0,25500.0,671.0,0.0,103.35,7,0,0,1
102939,30,1995,3,1,0,,12000.0,603.0,1990.55,2135.9,9,2,1,0
102940,47,1978,15,2,0,1620.0,10500.0,738.0,0.0,0.0,1,4,0,1
102941,57,1968,31,1,1,2340.0,33000.0,681.0,50085.6,57308.51,11,0,0,0
102942,60,1964,15,2,1,1170.0,26500.0,802.0,3621.97,3882.28,2,15,0,0
102943,18,2007,0,1,1,1470.0,16000.0,,855.91,898.24,31,17,0,0
102944,51,1974,22,1,1,1450.0,18500.0,719.0,15648.88,17165.69,14,0,0,0
102945,66,1959,19,1,0,,31000.0,727.0,51986.73,52862.95,4,1,0,1
102946,58,1966,14,1,1,2620.0,94500.0,720.0,0.0,0.0,13,13,1,0
102947,86,1938,27,3,1,,49500.0,733.0,149283.33,146145.58,16,0,0,0
102948,35,1990,11,1,1,1950.0,24000.0,629.0,12381.89,12370.31,21,14,0,0
102949,27,1998,3,2,1,1970.0,27500.0,660.0,17913.96,13926.58,19,5,2,1
102950,60,1964,14,1,0,2450.0,23000.0,780.0,11788.81,11914.33,2,3,1,0
102951,70,1955,5,1,0,1200.0,13500.0,797.0,7557.28,7976.41,9,0,0,0
102952,30,1995,4,2,1,,32500.0,673.0,19981.54,18883.05,16,5,0,0
102953,47,1977,7,1,0,,50000.0,611.0,29423.35,4906.04,2,1,1,1
102954,50,1974,8,1,0,,8000.0,716.0,17104.4,15885.7,3,0,1,1
102955,53,1971,13,1,1,3930.0,60000.0,850.0,66963.85,71358.16,11,3,0,0
102956,66,1959,16,3,1,,28000.0,600.0,51354.87,51274.88,18,0,1,0
102957,83,1942,9,1,1,1280.0,15500.0,681.0,20746.47,11758.94,5,8,0,0
102958,37,1988,5,1,1,1680.0,30500.0,680.0,6247.97,844.64,10,5,0,0
102959,41,1984,4,1,1,1130.0,12500.0,,1379.04,1407.63,19,4,0,0
102960,23,2002,5,1,1,,28500.0,616.0,13054.38,12391.45,31,1,0,0
102961,58,1967,19,2,1,2850.0,31500.0,718.0,22887.64,33179.41,12,23,0,0
102962,28,1997,5,1,1,,14000.0,664.0,0.0,0.0,11,17,0,0
102963,48,1977,1,1,0,2010.0,25500.0,465.0,2699.83,3101.67,8,4,0,0
102964,53,1972,16,1,1,5300.0,77500.0,753.0,193101.46,92144.53,21,2,0,1
102965,67,1958,23,1,1,,18500.0,693.0,35048.79,78039.63,18,0,0,0
102966,45,1980,11,1,1,1230.0,23000.0,481.0,0.0,0.0,13,2,0,1
102967,38,1987,3,1,1,420.0,3000.0,460.0,503.38,420.09,10,0,0,0
102968,36,1989,12,1,1,,33000.0,704.0,6817.88,6509.61,26,4,0,0
102969,61,1963,21,2,0,2930.0,41000.0,771.0,,93163.23,6,4,0,1
102970,41,1983,17,3,0,2100.0,22000.0,536.0,6689.72,7284.94,9,4,0,0
102971,47,1977,13,2,0,1770.0,16500.0,618.0,4853.38,5993.53,5,1,0,0
102972,58,1967,4,2,0,1840.0,30500.0,647.0,20047.64,16909.65,6,3,1,0
102973,66,1959,12,2,1,,84000.0,814.0,91604.19,45383.05,16,0,0,0
102974,64,1961,3,1,0,1870.0,18500.0,740.0,25102.62,24496.14,8,4,0,0
102975,24,2001,2,1,1,1350.0,23000.0,522.0,,0.0,35,2,0,0
102976,29,1996,1,1,1,1030.0,8500.0,565.0,,2914.05,47,7,0,0
102977,52,1972,10,2,1,1860.0,27500.0,657.0,101071.66,88805.78,4,11,0,1
102978,55,1970,9,1,1,1990.0,20000.0,616.0,161692.47,132377.94,10,0,0,0
102979,50,1975,5,1,0,3210.0,26500.0,,41777.0,29710.26,6,3,0,1
102980,66,1959,3,1,1,3970.0,43000.0,593.0,11327.91,12477.78,13,2,0,0
102981,70,1954,3,1,0,,14000.0,577.0,11330.59,8983.44,5,0,0,1
102982,45,1979,18,2,1,2020.0,34000.0,689.0,30835.45,34226.47,14,29,0,0
102983,49,1975,8,1,1,1890.0,28500.0,615.0,3587.62,2357.44,3,8,0,1
102984,63,1962,11,1,1,2600.0,28500.0,762.0,262744.69,77708.22,17,0,0,0
102985,60,1964,14,2,1,1350.0,11500.0,771.0,42097.23,49751.66,12,19,0,0
102986,30,1995,3,3,1,4330.0,43500.0,,26613.78,23441.37,11,21,0,0
102987,26,1999,3,2,1,2110.0,31000.0,735.0,,7008.21,27,8,0,0
102988,19,2006,0,2,1,1090.0,12000.0,746.0,0.0,0.0,30,4,0,0
102989,46,1978,12,1,1,1310.0,22000.0,624.0,0.0,0.0,9,12,0,0
102990,37,1988,5,1,0,2330.0,24000.0,732.0,5018.94,5484.06,7,5,0,0
102991,35,1990,5,2,1,2670.0,18000.0,835.0,8546.09,10145.12,43,6,0,0
102992,22,2003,0,1,1,2100.0,25000.0,609.0,,5441.06,13,3,0,0
102993,45,1980,1,2,1,3600.0,48500.0,747.0,6600.25,6732.15,21,7,1,0
102994,22,2003,0,2,1,2300.0,17000.0,705.0,0.0,0.0,4,7,0,0
102995,28,1997,7,1,0,1270.0,10000.0,663.0,,0.0,6,2,0,0
102996,40,1985,20,1,1,2820.0,50500.0,850.0,0.0,0.0,15,0,0,0
102997,53,1972,4,1,1,1900.0,26000.0,,,0.0,23,11,0,1
102998,46,1979,5,1,1,3560.0,74000.0,647.0,11686.07,9307.24,11,7,0,0
102999,56,1968,7,1,1,1670.0,27500.0,675.0,33024.05,31835.02,11,2,0,0
103000,45,1980,13,1,1,740.0,6000.0,640.0,4921.35,4811.22,2,9,0,0
103001,39,1986,4,1,1,,11500.0,604.0,5876.04,6377.8,10,13,0,1
103002,41,1984,5,1,1,,41000.0,656.0,8649.43,9206.88,39,0,0,0
103003,32,1993,7,1,0,2130.0,23000.0,,32171.95,39407.11,4,2,0,1
103004,46,1979,5,2,0,1170.0,16000.0,554.0,2748.78,2778.58,4,3,0,0
103005,64,1960,12,2,0,3910.0,44000.0,681.0,11043.83,9814.06,7,3,0,0
103006,57,1968,12,1,0,1630.0,21000.0,681.0,0.0,0.0,9,4,0,0
103007,57,1968,12,2,1,4170.0,19000.0,666.0,116210.85,119532.02,17,6,0,0
103008,51,1974,15,3,0,2390.0,43000.0,608.0,40524.32,40820.34,5,4,0,1
103009,49,1975,4,2,0,,29500.0,635.0,4733.5,4512.66,9,4,0,1
103010,47,1978,7,2,1,1110.0,16500.0,578.0,853.81,432.22,5,12,0,0
103011,29,1995,10,3,0,1130.0,11500.0,585.0,519.85,467.5,0,1,0,0
103012,29,1996,1,1,1,,14000.0,509.0,7098.17,6074.43,20,1,0,1
103013,31,1994,2,2,1,2150.0,24500.0,509.0,9102.8,11647.7,16,12,1,0
103014,60,1965,4,2,1,2080.0,32000.0,622.0,0.0,100.61,3,9,0,0
103015,36,1989,12,2,1,,19500.0,723.0,0.0,0.0,9,7,0,0
103016,55,1970,12,1,0,,34000.0,629.0,88227.17,78393.15,4,0,0,0
103017,28,1997,0,1,1,1770.0,35000.0,592.0,4796.05,4562.06,22,5,0,0
103018,41,1984,8,1,1,1860.0,22500.0,664.0,22022.44,26244.36,12,3,0,0
103019,31,1994,8,3,1,2920.0,32000.0,676.0,112991.4,119200.34,15,0,1,0
103020,56,1969,9,2,1,,37000.0,580.0,111020.93,94051.62,21,0,0,0
103021,76,1949,3,1,0,1390.0,13000.0,631.0,47068.23,48129.73,9,0,1,1
103022,27,1998,8,1,1,1080.0,8000.0,581.0,,3634.49,32,27,1,0
103023,50,1974,26,2,1,3970.0,31500.0,660.0,3064.54,884.73,12,4,0,1
103024,33,1991,6,1,1,2050.0,38500.0,650.0,,3228.98,9,26,0,0
103025,57,1967,12,2,1,1790.0,12500.0,637.0,25818.41,25627.33,8,8,0,0
103026,71,1954,27,4,0,1310.0,27000.0,509.0,7020.7,1932.24,4,0,0,0
103027,38,1986,4,1,1,3520.0,39500.0,837.0,20081.3,18015.0,23,10,0,0
103028,61,1964,15,1,1,1630.0,18000.0,661.0,0.0,0.0,21,0,0,0
103029,44,1981,1,1,1,2870.0,35000.0,829.0,110484.97,103945.29,25,5,0,0
103030,35,1990,12,2,1,2480.0,32500.0,729.0,4553.34,5018.97,15,6,0,0
103031,40,1985,8,1,0,,37500.0,617.0,29112.37,28781.64,8,3,0,0
103032,64,1961,20,2,1,2020.0,18000.0,573.0,3839.99,4398.02,10,4,0,0
103033,52,1973,8,1,1,,51000.0,697.0,66100.86,73437.98,10,6,0,1
103034,45,1980,12,1,1,2070.0,23500.0,653.0,2128.76,1972.51,13,7,0,0
103035,43,1981,10,1,1,,32000.0,672.0,4177.95,4076.67,35,7,0,0
103036,37,1988,6,1,1,1620.0,44000.0,667.0,5651.73,4829.12,40,7,1,0
103037,56,1969,7,3,1,1170.0,17500.0,540.0,1050.66,1170.6,22,0,0,0
103038,79,1946,21,3,1,2030.0,16000.0,690.0,0.0,112.44,17,0,0,0
103039,44,1981,4,1,1,1670.0,19500.0,657.0,2635.74,2370.42,18,14,1,0
103040,30,1995,3,1,1,2720.0,32000.0,659.0,2759.65,3224.23,26,7,0,0
103041,52,1972,28,2,1,2400.0,23500.0,730.0,4781.08,5837.12,18,6,0,0
103042,54,1971,8,1,1,1930.0,18500.0,605.0,3137.93,3118.86,24,0,0,0
103043,63,1962,7,1,0,1910.0,37500.0,651.0,33136.17,28929.69,4,0,0,0
103044,28,1997,0,1,1,1620.0,21500.0,650.0,8250.33,10742.47,12,7,0,0
103045,51,1974,2,1,1,2360.0,27000.0,608.0,9919.2,10684.24,13,0,1,0
103046,33,1991,5,1,1,1070.0,12500.0,700.0,3658.45,3360.01,43,6,0,0
103047,67,1958,15,1,1,890.0,9500.0,553.0,0.0,329.16,11,0,0,0
103048,58,1967,1,3,1,1610.0,20000.0,613.0,15376.6,12891.37,15,8,0,0
103049,43,1981,11,1,1,1650.0,24000.0,748.0,1666.43,1940.77,28,4,0,0
103050,27,1998,3,1,0,1090.0,20500.0,672.0,38038.0,39939.45,8,3,0,1
103051,75,1949,15,1,0,1570.0,24000.0,587.0,21379.57,26447.27,4,0,0,0
103052,44,1981,15,1,0,2160.0,28500.0,698.0,12486.64,33263.25,4,4,0,0
103053,60,1965,20,1,1,2580.0,34000.0,650.0,0.0,0.0,25,8,0,0
103054,18,2007,0,1,1,1410.0,16500.0,602.0,555.65,230.99,56,24,0,0
103055,48,1977,8,2,0,1410.0,15000.0,591.0,17573.07,18400.08,9,2,0,0
103056,58,1966,10,2,0,,12500.0,610.0,4026.19,1770.89,2,0,0,1
103057,18,2006,0,2,1,1020.0,12000.0,,15990.65,16088.8,4,16,0,1
103058,50,1975,13,1,1,,34000.0,720.0,3391.62,755.69,25,5,0,1
103059,66,1958,14,4,1,2120.0,44500.0,627.0,19109.85,15881.06,18,2,0,1
103060,24,2000,0,1,1,,12000.0,532.0,2351.48,2139.86,14,7,0,0
103061,44,1980,9,4,1,1910.0,14000.0,676.0,212886.09,193005.72,69,5,0,0
103062,41,1984,5,1,1,1650.0,16500.0,516.0,0.0,0.0,20,0,0,1
103063,36,1988,5,1,1,1500.0,23500.0,638.0,2764.02,2563.0,4,17,1,0
103064,36,1989,1,1,0,2540.0,32000.0,694.0,21515.43,20950.17,5,2,0,0
103065,32,1993,4,1,1,2090.0,24500.0,,25364.69,26267.19,9,14,1,0
103066,34,1991,6,1,1,,17000.0,586.0,1998.97,2299.26,10,7,1,0
103067,45,1980,5,1,0,1630.0,18500.0,699.0,4793.14,4422.95,9,4,0,0
103068,47,1978,25,2,1,1610.0,17500.0,683.0,1003.02,226.73,15,2,1,0
103069,26,1998,2,1,1,1550.0,12000.0,685.0,617.06,586.3,36,9,1,0
103070,37,1988,3,2,1,1240.0,16000.0,676.0,410.76,396.52,12,2,0,0
103071,48,1976,14,2,1,1270.0,13500.0,632.0,3352.84,3044.63,15,5,1,0
103072,64,1961,24,2,1,,22000.0,615.0,1904.31,2224.97,7,12,0,0
103073,64,1961,19,3,1,,22000.0,706.0,11364.66,12264.68,16,2,0,0
103074,46,1978,13,1,0,,34000.0,710.0,7122.78,7642.84,3,4,1,1
103075,48,1977,8,1,1,1240.0,11000.0,749.0,6108.94,6854.52,6,7,0,0
103076,24,2001,3,2,1,1400.0,22000.0,635.0,3378.69,3252.51,24,13,0,0
103077,47,1977,0,2,1,2740.0,32000.0,626.0,118238.2,130730.82,12,6,0,0
103078,18,2007,0,2,0,760.0,8000.0,,221.74,232.2,9,0,0,0
103079,40,1985,11,1,1,6590.0,73500.0,766.0,1062341.26,1129992.01,63,12,0,0
103080,26,1999,7,1,1,,26000.0,711.0,4039.65,4259.17,6,14,1,0
103081,34,1991,13,1,1,1800.0,20000.0,706.0,0.0,0.0,14,3,0,0
103082,48,1977,6,1,1,,37500.0,648.0,30134.66,33193.65,28,12,0,0
103083,49,1976,15,1,1,1750.0,21000.0,673.0,0.0,0.0,19,0,0,0
103084,65,1960,3,2,0,1250.0,12000.0,559.0,,910.82,6,0,0,0
103085,49,1976,28,4,1,,18500.0,651.0,0.0,0.0,35,5,0,0
103086,38,1987,8,2,1,1430.0,15000.0,573.0,2098.79,2345.5,21,3,0,0
103087,56,1969,15,2,0,1330.0,40500.0,622.0,1523.25,1233.46,2,0,0,1
103088,21,2003,0,1,1,,22500.0,634.0,10943.69,9270.53,11,4,0,1
103089,71,1953,5,1,1,2070.0,22500.0,676.0,25615.37,37562.95,8,12,0,0
103090,18,2006,0,2,1,,35500.0,,10174.3,9960.95,23,30,1,0
103091,56,1969,12,3,1,2050.0,40000.0,564.0,55167.17,51562.07,24,0,0,0
103092,54,1971,16,4,1,2160.0,22000.0,657.0,1813.77,1300.14,35,4,0,0
103093,37,1987,11,1,0,,38500.0,666.0,38558.71,26208.9,4,0,2,1
103094,39,1985,9,2,0,1490.0,7500.0,660.0,68505.98,86921.35,3,4,0,0
103095,23,2002,1,2,1,1480.0,35500.0,705.0,,0.0,14,8,0,0
103096,47,1978,18,2,1,1600.0,20500.0,550.0,2287.73,627.11,17,4,0,0
103097,54,1970,13,1,0,2720.0,38000.0,657.0,5486.29,5015.07,4,0,0,0
103098,38,1987,8,2,1,,44500.0,758.0,18014.82,22103.13,15,2,1,0
103099,52,1972,4,1,1,,25000.0,660.0,,8023.88,6,16,0,1
103100,56,1969,0,1,1,2980.0,41500.0,,242482.4,216283.66,13,0,0,0
103101,34,1990,8,1,1,3120.0,40500.0,751.0,7764.96,6798.19,17,2,1,0
103102,59,1966,12,1,0,,48000.0,640.0,6167.09,6224.77,9,0,0,0
103103,53,1971,6,3,1,2230.0,17000.0,768.0,127580.39,129122.64,27,8,0,0
103104,47,1977,10,1,1,,54000.0,641.0,17632.89,7437.35,20,15,1,0
103105,57,1968,10,1,1,1160.0,18000.0,785.0,2596.65,2967.57,19,4,0,0
103106,51,1973,2,2,1,1890.0,20000.0,451.0,16594.65,16492.5,14,2,1,0
103107,35,1990,12,1,1,1490.0,19500.0,580.0,0.0,0.0,19,15,1,0
103108,36,1988,0,1,1,960.0,11000.0,613.0,,8650.17,3,11,0,0
103109,49,1976,25,3,1,2380.0,25000.0,756.0,14964.01,19152.62,17,0,0,0
103110,62,1963,17,3,1,2370.0,31000.0,729.0,19209.28,21247.5,17,29,0,0
103111,49,1976,12,1,1,1360.0,11000.0,527.0,12462.12,13211.86,10,11,1,0
103112,40,1985,1,1,1,1700.0,21000.0,620.0,5205.14,5158.98,16,5,0,0
103113,46,1979,5,4,1,2150.0,37500.0,566.0,5229.99,4873.39,31,6,0,0
103114,28,1996,6,2,1,1310.0,6500.0,612.0,0.0,106.51,15,29,0,0
103115,63,1962,27,2,1,3580.0,25500.0,642.0,,0.0,20,0,0,0
103116,67,1958,11,3,0,990.0,6500.0,517.0,,296.91,3,0,0,0
103117,71,1954,15,2,0,2050.0,29000.0,767.0,71712.34,67031.25,5,0,0,0
103118,59,1966,2,1,1,2830.0,31500.0,714.0,15004.93,17115.31,10,0,0,0
103119,36,1989,9,2,1,2440.0,21000.0,717.0,68533.89,71730.26,18,21,1,0
103120,44,1981,5,1,1,,77000.0,767.0,0.0,0.0,15,0,0,1
103121,40,1985,6,1,1,2870.0,34000.0,687.0,60235.09,62409.41,10,12,1,0
103122,52,1973,4,2,1,3800.0,28500.0,756.0,12863.77,11255.48,22,0,0,0
103123,66,1959,11,2,1,980.0,19000.0,653.0,2404.71,1930.4,14,9,1,0
103124,18,2007,0,1,1,1500.0,16000.0,507.0,0.0,0.0,11,0,1,1
103125,52,1972,10,1,1,2540.0,23000.0,682.0,22745.84,23463.33,3,6,2,0
103126,49,1975,6,3,1,2250.0,46500.0,712.0,2635.9,2828.56,26,6,1,0
103127,50,1975,3,1,0,,11500.0,502.0,340.25,311.0,3,5,0,1
103128,56,1969,19,1,1,7690.0,145500.0,783.0,581624.29,533360.86,12,7,0,0
103129,33,1992,5,1,1,,17500.0,688.0,972.27,1083.05,0,18,0,0
103130,60,1965,22,2,1,890.0,8500.0,608.0,4779.99,5083.63,13,2,0,0
103131,50,1975,7,2,1,2820.0,34000.0,648.0,19578.96,21709.0,19,3,0,0
103132,43,1982,14,1,1,4410.0,39000.0,739.0,12395.8,11776.04,16,5,0,0
103133,46,1979,0,1,0,,19500.0,748.0,0.0,0.0,6,0,0,0
103134,39,1986,5,1,1,1590.0,24500.0,696.0,2075.21,2720.97,11,1,0,0
103135,47,1978,4,1,0,1350.0,24000.0,524.0,8414.54,7238.11,4,0,0,0
103136,54,1970,1,2,0,1450.0,17000.0,668.0,9491.51,9535.39,5,0,1,0
103137,26,1999,6,2,1,1250.0,24000.0,735.0,5343.0,5956.23,18,8,0,0
103138,40,1984,3,1,1,2100.0,25500.0,539.0,,17534.58,7,15,0,0
103139,39,1986,2,1,1,2750.0,32000.0,575.0,7543.54,6699.21,11,12,0,0
103140,45,1980,1,2,1,1570.0,11000.0,646.0,,8395.12,10,5,0,0
103141,41,1984,4,1,1,2470.0,30500.0,565.0,8424.08,3231.89,9,15,0,0
103142,19,2006,0,1,1,5140.0,63000.0,725.0,29687.67,33820.56,39,4,0,0
103143,53,1972,11,1,0,2380.0,44500.0,556.0,6423.52,6254.22,8,0,1,0
103144,63,1962,2,1,1,3020.0,49000.0,761.0,0.0,0.0,7,13,0,0
103145,35,1990,5,1,1,1230.0,17000.0,741.0,1820.61,1929.72,16,3,1,0
103146,48,1977,10,1,1,2440.0,28000.0,701.0,19137.08,15924.49,28,0,1,0
103147,35,1990,8,3,1,1880.0,31000.0,788.0,9595.54,11132.52,35,17,0,0
103148,49,1976,25,2,1,2160.0,26000.0,759.0,13428.69,14390.12,24,4,1,0
103149,42,1983,4,1,0,2850.0,26000.0,684.0,2582.93,2629.6,3,5,0,1
103150,62,1963,23,2,1,,35000.0,646.0,27246.78,29250.19,11,2,0,0
103151,37,1988,10,3,1,4250.0,35000.0,850.0,16628.82,16583.49,10,7,1,0
103152,55,1969,15,2,1,1590.0,20000.0,746.0,5289.2,5294.25,16,14,0,0
103153,35,1990,3,1,1,2220.0,17500.0,598.0,3027.46,3331.96,14,6,0,0
103154,38,1987,2,2,1,2000.0,32000.0,732.0,7781.45,8282.9,1,9,0,0
103155,47,1977,13,2,1,4690.0,88000.0,725.0,15100.6,15242.53,31,0,0,0
103156,21,2004,1,1,1,3200.0,38500.0,,0.0,255.9,21,1,0,0
103157,32,1993,0,1,1,950.0,12500.0,514.0,,0.0,25,3,0,0
103158,58,1967,13,1,0,1240.0,22500.0,568.0,3820.99,4065.0,2,2,1,1
103159,35,1990,7,1,1,2030.0,19000.0,625.0,11509.78,10531.17,20,2,0,0
103160,26,1999,0,1,1,2160.0,15500.0,638.0,1414.49,1828.84,9,13,0,0
103161,24,2000,0,1,0,1140.0,12500.0,650.0,0.0,0.0,7,4,1,0
103162,47,1978,23,4,0,,14000.0,642.0,18401.64,17966.29,4,0,0,0
103163,37,1987,2,2,1,,13500.0,673.0,0.0,0.0,18,0,0,0
103164,46,1979,10,1,1,,34500.0,704.0,4618.55,12329.41,6,15,0,0
103165,18,2006,0,1,1,1270.0,20500.0,599.0,146.55,146.47,20,5,1,0
103166,34,1990,9,1,1,1630.0,17000.0,700.0,1946.02,1650.52,16,10,0,0
103167,34,1990,4,2,1,1990.0,43000.0,557.0,1625.45,1488.93,8,8,0,0
103168,57,1968,31,1,1,1760.0,14500.0,725.0,17912.26,18019.14,11,7,0,0
103169,59,1965,18,1,1,2570.0,36500.0,654.0,3643.73,3591.24,10,2,0,0
103170,55,1970,7,4,1,3850.0,53500.0,733.0,22134.96,24929.76,28,0,0,0
103171,18,2006,0,1,1,1670.0,17000.0,,985.96,851.4,4,13,0,1
103172,58,1966,6,1,1,2570.0,37000.0,643.0,37986.32,36884.09,12,7,0,0
103173,63,1961,8,1,1,,35000.0,703.0,0.0,0.0,15,0,1,1
103174,33,1991,4,1,1,4280.0,45500.0,790.0,0.0,0.0,27,5,0,0
103175,49,1975,4,3,1,3080.0,39500.0,640.0,7873.86,7564.85,46,15,0,0
103176,52,1973,6,1,1,3370.0,29500.0,621.0,9533.93,8266.42,14,9,0,1
103177,39,1986,5,2,1,2830.0,22000.0,850.0,30505.85,23961.14,7,9,0,0
103178,47,1978,6,2,1,1730.0,12000.0,637.0,4943.3,6540.06,22,0,0,0
103179,33,1991,8,1,1,1660.0,25500.0,698.0,8905.58,5254.62,13,12,0,0
103180,48,1977,2,2,0,,9500.0,817.0,1498.78,1633.7,1,1,1,1
103181,43,1982,11,1,1,1520.0,18500.0,586.0,778.1,803.09,5,9,0,0
103182,49,1976,2,1,0,1620.0,15000.0,560.0,11908.16,11484.83,2,0,0,0
103183,74,1950,24,2,1,1150.0,15000.0,609.0,239953.55,449080.0,15,9,0,0
103184,29,1996,7,1,1,1200.0,25000.0,733.0,3024.4,3333.01,4,10,1,0
103185,63,1962,8,2,1,3030.0,73000.0,783.0,82847.08,66945.41,12,8,0,0
103186,47,1977,22,3,0,2000.0,19000.0,719.0,0.0,0.0,0,5,0,1
103187,46,1979,12,1,0,2480.0,35000.0,708.0,63226.41,73537.11,7,2,1,1
103188,18,2007,0,2,1,890.0,11000.0,,1164.17,1433.2,9,20,0,0
103189,60,1964,14,2,0,2710.0,27000.0,647.0,17820.28,16500.65,8,0,0,0
103190,28,1997,0,1,1,1240.0,26000.0,612.0,892.01,920.59,17,2,0,0
103191,31,1993,7,1,0,1720.0,30000.0,755.0,4336.85,4233.53,8,4,0,1
103192,41,1984,0,1,0,2650.0,40500.0,668.0,13542.64,18789.45,3,4,0,0
103193,41,1984,7,2,1,3540.0,44000.0,683.0,19925.93,26797.74,16,20,1,0
103194,32,1993,9,2,1,,17000.0,596.0,10883.44,9833.64,36,16,0,0
103195,67,1958,0,1,1,2450.0,34000.0,778.0,5361.5,5554.87,14,0,0,0
103196,55,1970,12,1,0,,48500.0,677.0,41907.86,56044.01,9,5,1,0
103197,82,1943,3,2,0,1000.0,14500.0,614.0,2871.88,2832.37,6,2,2,0
103198,34,1991,3,1,1,,24500.0,662.0,17517.47,7443.32,11,6,0,1
103199,34,1990,1,2,1,,11500.0,496.0,0.0,0.0,30,9,1,0
103200,75,1949,17,3,0,1280.0,13000.0,725.0,48536.41,55144.25,6,0,0,0
103201,27,1998,5,2,1,1000.0,9000.0,511.0,1543.11,859.93,30,8,0,0
103202,50,1975,17,1,1,5220.0,85500.0,628.0,324820.18,320217.81,14,0,0,0
103203,41,1983,2,1,1,1480.0,10000.0,756.0,14923.61,16597.02,6,18,0,0
103204,42,1983,21,1,1,3590.0,36000.0,661.0,15703.9,15890.33,28,1,1,0
103205,25,2000,1,2,0,600.0,10000.0,586.0,452.38,506.99,7,3,0,0
103206,36,1989,3,2,1,1520.0,29500.0,699.0,6333.14,3651.16,13,3,0,0
103207,75,1950,8,2,1,1080.0,13500.0,616.0,2668.34,2954.18,11,3,0,0
103208,48,1977,25,1,1,,18000.0,682.0,8336.42,8427.44,6,8,0,0
103209,69,1956,16,1,1,1390.0,21000.0,572.0,0.0,0.0,3,6,0,0
103210,37,1988,12,4,1,2140.0,40000.0,,25591.12,26737.1,47,29,0,0
103211,48,1977,9,1,1,4290.0,39500.0,539.0,2432.11,2527.37,12,8,0,0
103212,56,1969,6,1,1,1930.0,18000.0,731.0,64485.33,65326.88,24,6,1,0
103213,56,1969,11,1,1,,14500.0,577.0,8033.57,9003.52,10,7,1,0
103214,43,1981,3,1,1,1760.0,33500.0,572.0,,2270.58,19,5,0,0
103215,47,1978,3,1,1,1120.0,17000.0,701.0,,928.89,9,23,0,0
103216,62,1963,11,2,1,4300.0,57000.0,826.0,35951.67,38644.51,11,0,0,0
103217,51,1974,18,1,1,1410.0,18000.0,709.0,7520.56,9061.76,16,6,1,1
103218,20,2005,1,1,1,,25000.0,548.0,0.0,0.0,28,1,0,0
103219,37,1988,4,3,1,2050.0,24500.0,650.0,3580.05,5117.46,21,10,0,0
103220,30,1995,2,1,0,1660.0,22500.0,628.0,8729.27,8167.42,8,5,1,0
103221,21,2004,0,3,1,2520.0,59000.0,748.0,0.0,0.0,23,14,0,0
103222,58,1966,3,3,1,1940.0,21500.0,683.0,12549.42,11710.04,31,14,0,0
103223,62,1963,6,1,0,2690.0,33000.0,677.0,109894.4,107522.85,5,0,0,0
103224,35,1989,1,1,1,1730.0,28500.0,634.0,,3863.59,17,0,1,0
103225,41,1984,8,3,1,2550.0,33500.0,583.0,1573.38,1629.31,42,1,1,1
103226,76,1949,18,2,1,1330.0,16500.0,632.0,53678.86,54698.87,12,0,0,1
103227,44,1981,10,1,0,2830.0,21000.0,536.0,10861.83,11065.57,7,0,0,0
103228,45,1979,13,2,1,1970.0,23500.0,631.0,6266.44,6371.0,7,6,0,0
103229,51,1974,9,1,0,1800.0,15500.0,725.0,1520.23,1600.39,4,2,0,0
103230,66,1959,11,1,1,1310.0,15000.0,592.0,5878.14,5789.06,14,0,0,0
103231,54,1971,1,1,0,1350.0,20000.0,537.0,1203.43,1253.61,7,0,0,0
103232,62,1963,3,2,0,1720.0,19000.0,603.0,0.0,0.0,2,0,0,0
103233,32,1992,3,1,1,2240.0,25000.0,644.0,20942.82,15106.63,51,4,2,0
103234,59,1966,12,2,1,6120.0,77500.0,753.0,164213.29,173798.04,25,2,0,0
103235,45,1980,6,1,1,,25500.0,542.0,10047.55,2292.33,11,20,0,0
103236,34,1990,5,2,1,2040.0,24000.0,740.0,6555.4,7101.22,13,3,0,0
103237,55,1970,12,1,1,5550.0,59500.0,727.0,139011.3,160946.55,11,8,0,0
103238,84,1940,28,3,1,1030.0,6500.0,655.0,13076.96,12454.21,11,5,0,0
103239,49,1975,7,2,1,1800.0,21000.0,778.0,5357.19,6210.78,10,0,0,1
103240,62,1963,18,3,0,4730.0,73500.0,737.0,72048.29,62716.75,8,0,0,0
103241,42,1983,3,2,1,,27000.0,,0.0,0.0,13,9,0,0
103242,23,2001,1,1,1,2700.0,20500.0,,0.0,0.0,25,24,1,0
103243,54,1971,8,1,1,1120.0,13500.0,363.0,,260.37,12,0,0,0
103244,31,1994,1,2,1,2210.0,37500.0,699.0,,17888.86,20,14,1,0
103245,43,1982,0,1,1,,24500.0,562.0,0.0,0.0,14,10,0,0
103246,76,1948,15,2,1,2350.0,25000.0,655.0,69080.67,69698.67,28,0,0,0
103247,19,2006,0,2,1,1250.0,25000.0,540.0,734.98,860.8,20,1,0,0
103248,52,1973,15,1,0,3530.0,80500.0,800.0,123293.55,121644.12,8,2,0,1
103249,54,1971,9,2,0,,46000.0,782.0,31266.17,33145.63,6,1,0,0
103250,51,1974,2,1,1,1730.0,37000.0,695.0,2671.53,2586.45,15,4,1,0
103251,38,1986,2,2,1,2330.0,25500.0,,0.0,0.0,16,11,0,0
103252,49,1976,24,2,0,1560.0,19000.0,703.0,3019.36,3719.27,4,0,0,0
103253,32,1992,8,1,1,1620.0,26000.0,632.0,0.0,0.0,2,6,0,0
103254,70,1955,6,2,0,1550.0,12500.0,648.0,63723.1,69259.32,5,3,0,0
103255,49,1976,0,1,1,2010.0,20500.0,,7169.57,7976.85,15,0,0,0
103256,66,1959,0,2,1,1390.0,20000.0,633.0,731.72,780.13,12,12,0,0
103257,42,1982,13,2,1,3030.0,35000.0,812.0,30269.84,32858.57,14,0,0,0
103258,59,1965,2,2,1,1950.0,30000.0,706.0,19443.13,20046.34,25,4,0,0
103259,57,1968,22,3,1,,20500.0,676.0,,32356.94,23,5,1,1
103260,29,1996,7,2,1,990.0,8000.0,655.0,9182.96,10726.06,9,6,1,0
103261,70,1955,17,3,0,2200.0,15000.0,709.0,41581.62,36142.56,5,0,1,0
103262,87,1938,12,1,1,1420.0,16500.0,695.0,90476.8,109540.46,13,0,0,0
103263,62,1963,11,1,1,2240.0,32000.0,671.0,24014.88,11078.16,21,9,0,0
103264,26,1999,1,2,1,2200.0,32000.0,693.0,17397.93,3374.77,16,12,1,0
103265,34,1991,4,2,1,4820.0,71500.0,695.0,97461.94,96904.52,18,4,0,0
103266,18,2007,0,1,1,1490.0,36500.0,,0.0,0.0,40,23,0,0
103267,34,1991,6,2,1,3970.0,60500.0,734.0,42229.52,36210.95,17,5,1,0
103268,73,1951,33,1,0,3140.0,26500.0,824.0,0.0,0.0,0,0,0,0
103269,62,1963,7,1,0,1110.0,13000.0,581.0,7272.61,2770.46,2,0,0,1
103270,32,1993,11,2,1,1260.0,12000.0,597.0,2276.4,2226.2,20,5,0,0
103271,27,1998,3,1,1,2040.0,35000.0,669.0,6560.57,3351.23,11,4,1,0
103272,37,1988,9,2,0,1870.0,13500.0,725.0,3973.68,3951.83,9,4,1,0
103273,63,1962,17,2,0,1880.0,14500.0,722.0,40739.01,34711.2,9,0,0,0
103274,54,1971,10,1,1,1520.0,37000.0,522.0,3796.21,2150.61,3,16,1,1
103275,69,1956,4,1,1,,47500.0,805.0,50109.86,51847.97,24,2,1,0
103276,37,1987,0,1,1,1510.0,10500.0,575.0,8494.92,8727.08,22,6,1,0
103277,48,1977,10,1,1,2990.0,40000.0,761.0,8758.17,8059.89,16,5,0,0
103278,36,1988,12,1,0,1260.0,15000.0,651.0,2513.37,1888.27,6,1,0,0
103279,43,1982,14,1,1,1280.0,33000.0,471.0,1006.71,1138.77,7,34,0,0
103280,42,1983,1,1,1,1390.0,15500.0,595.0,1113.56,975.78,4,9,2,1
103281,42,1983,17,2,1,3680.0,46000.0,669.0,55178.48,62657.52,28,7,0,0
103282,55,1970,3,2,0,2300.0,27500.0,681.0,,22706.54,6,2,0,0
103283,39,1986,1,1,0,1160.0,12000.0,,,0.0,3,3,1,0
103284,44,1980,9,3,1,2220.0,48000.0,657.0,16291.39,15611.29,33,7,0,0
103285,33,1991,7,3,1,1480.0,21000.0,561.0,27032.97,26948.42,16,0,0,0
103286,65,1960,29,1,1,1680.0,16000.0,667.0,21175.82,23092.48,16,2,0,0
103287,72,1953,13,2,1,1050.0,9500.0,628.0,23223.7,24547.87,20,0,1,0
103288,76,1949,3,1,0,1770.0,19500.0,701.0,22660.8,29139.42,7,0,0,0
103289,59,1966,11,2,0,3150.0,36500.0,685.0,54201.02,61620.57,9,0,0,0
103290,46,1979,10,2,1,850.0,15000.0,498.0,1340.57,940.63,24,11,1,0
103291,33,1992,7,1,1,,16000.0,,7924.82,7314.54,8,20,0,1
103292,31,1994,9,1,1,1220.0,10000.0,594.0,846.61,813.62,10,5,0,0
103293,45,1980,3,1,0,,15500.0,629.0,2688.56,328.02,2,2,1,1
103294,28,1997,3,1,0,820.0,9000.0,572.0,1769.11,1536.84,7,1,0,0
103295,58,1967,3,2,0,,21500.0,744.0,,4389.13,4,2,0,1
103296,50,1975,8,2,0,,23000.0,578.0,291.53,330.79,4,0,0,1
103297,26,1998,5,2,1,2520.0,49500.0,618.0,2549.11,2691.05,14,7,1,0
103298,43,1982,18,2,0,2050.0,31500.0,708.0,112111.79,45605.09,6,2,1,1
103299,59,1965,10,2,1,2060.0,35000.0,690.0,0.0,0.0,16,6,0,0
103300,64,1960,19,2,1,2480.0,18500.0,730.0,0.0,0.0,25,0,0,0
103301,50,1975,26,3,1,2790.0,45000.0,655.0,22175.06,25344.32,22,7,0,0
103302,56,1969,5,1,0,,15500.0,628.0,1037.73,833.99,8,1,1,1
103303,52,1972,23,3,0,1510.0,18000.0,544.0,4276.98,3897.85,3,3,0,0
103304,40,1985,5,1,0,1660.0,16500.0,577.0,2573.33,2633.09,4,0,0,0
103305,49,1976,18,2,0,3730.0,75000.0,751.0,209263.78,199706.05,0,2,2,0
103306,49,1976,16,1,1,2320.0,15000.0,613.0,6798.54,7668.16,16,3,0,0
103307,38,1987,16,1,1,1920.0,29500.0,698.0,0.0,241.01,22,10,1,0
103308,51,1973,9,2,1,1990.0,19500.0,759.0,48346.19,58765.63,8,8,1,0
103309,47,1978,8,1,1,2160.0,32500.0,642.0,0.0,0.0,7,10,0,0
103310,53,1971,10,2,1,2700.0,26500.0,663.0,7100.01,5981.87,10,0,0,1
103311,47,1978,5,2,1,3350.0,53000.0,825.0,28421.12,7926.23,15,1,0,1
103312,47,1978,14,4,1,,53000.0,744.0,6687.07,5725.14,34,2,0,0
103313,20,2004,0,1,1,1960.0,23500.0,656.0,2710.77,2322.33,31,2,1,0
103314,82,1942,2,2,1,,25500.0,677.0,120794.12,118967.37,25,0,0,0
103315,58,1967,23,3,1,3110.0,40000.0,584.0,98574.13,58543.39,11,2,0,0
103316,53,1972,5,1,1,1470.0,10000.0,572.0,4981.09,6803.16,10,3,0,0
103317,73,1952,24,1,0,1650.0,15000.0,718.0,506166.87,1388930.66,3,0,0,0
103318,62,1963,2,1,1,1010.0,8000.0,586.0,1012.4,1070.31,16,9,0,0
103319,54,1971,3,1,0,2150.0,30500.0,471.0,0.0,0.0,1,1,0,1
103320,57,1967,6,1,1,,43000.0,,43768.93,31965.82,12,6,0,1
103321,72,1953,1,1,0,2870.0,42500.0,555.0,0.0,0.0,6,2,0,0
103322,51,1974,5,1,1,,9500.0,588.0,3561.2,3355.09,12,7,0,0
103323,27,1998,3,2,1,1290.0,17500.0,679.0,30575.92,31094.34,56,2,0,0
103324,24,2001,3,3,1,,37500.0,,30803.46,30907.17,33,13,0,0
103325,68,1956,16,2,0,2610.0,20500.0,711.0,18404.78,16491.49,5,0,0,0
103326,44,1981,20,1,1,,24000.0,715.0,23209.5,20123.5,16,5,1,0
103327,55,1970,7,2,1,2080.0,19000.0,582.0,7356.94,7929.54,19,3,1,0
103328,46,1979,4,2,0,,26500.0,606.0,41948.63,39746.13,7,0,0,0
103329,54,1970,1,1,0,,16500.0,700.0,2557.16,1066.79,0,1,0,1
103330,34,1990,2,1,0,1760.0,8500.0,694.0,936.06,763.21,2,2,1,1
103331,54,1970,21,2,0,2200.0,18500.0,619.0,12904.68,13369.6,5,2,0,0
103332,18,2006,0,1,1,,12500.0,619.0,0.0,0.0,10,21,0,0
103333,43,1981,10,3,1,2330.0,67000.0,714.0,2860.54,2763.42,30,19,0,0
103334,27,1998,4,1,0,,21500.0,613.0,1765.59,1425.16,7,1,0,1
103335,47,1978,23,2,0,5010.0,59000.0,782.0,166017.74,161031.58,8,0,0,0
103336,48,1976,8,1,1,3750.0,66000.0,720.0,8177.54,7751.09,18,2,0,0
103337,45,1979,4,1,1,1240.0,14500.0,634.0,0.0,0.0,12,0,1,0
103338,49,1976,9,1,0,,19500.0,614.0,66219.98,75962.78,6,0,0,1
103339,20,2005,0,1,1,,24500.0,514.0,2859.87,3045.9,15,5,0,0
103340,31,1994,8,1,1,4130.0,52000.0,729.0,19936.14,23903.2,23,17,0,0
103341,44,1980,10,2,1,4310.0,63000.0,730.0,87330.16,86072.86,17,8,0,0
103342,52,1972,15,1,1,1620.0,15000.0,591.0,8886.7,9453.89,26,17,0,0
103343,51,1974,4,2,1,,38500.0,796.0,38626.07,36985.59,41,9,0,0
103344,21,2003,2,1,1,2230.0,16000.0,623.0,0.0,0.0,12,0,0,0
103345,66,1959,9,2,0,1970.0,16500.0,696.0,0.0,0.0,8,0,1,1
103346,45,1979,11,2,1,4650.0,44000.0,752.0,140803.41,150137.38,27,12,0,0
103347,71,1954,21,1,0,1260.0,23500.0,642.0,16017.09,15753.6,8,0,1,0
103348,57,1968,9,1,1,2200.0,41000.0,675.0,47163.9,55875.56,20,12,0,0
103349,64,1961,1,3,1,4060.0,54000.0,790.0,481945.11,504737.6,17,0,0,0
103350,54,1970,8,1,1,,16500.0,621.0,25670.89,14873.44,10,6,0,1
103351,40,1985,7,1,1,2150.0,20500.0,,2071.9,2029.32,17,8,1,0
103352,43,1981,6,1,1,2550.0,38000.0,664.0,29147.83,37058.86,50,0,0,0
103353,59,1965,15,2,1,3200.0,48000.0,745.0,465558.85,348262.34,28,14,0,0
103354,41,1984,10,2,1,2370.0,42000.0,665.0,,0.0,19,5,0,0
103355,18,2007,0,2,1,2340.0,37000.0,708.0,6253.49,7149.44,29,8,1,0
103356,46,1979,13,1,1,,12500.0,465.0,590.7,732.7,5,12,0,0
103357,50,1974,19,2,1,,16500.0,676.0,4054.78,4209.57,15,8,1,0
103358,53,1972,17,2,1,1590.0,18000.0,636.0,5628.74,6071.07,13,0,0,1
103359,57,1968,9,1,1,5290.0,63000.0,805.0,13801.49,16381.42,18,0,0,0
103360,76,1949,1,1,1,1630.0,13500.0,700.0,9133.56,11247.3,10,0,0,0
103361,24,2001,4,1,1,800.0,12000.0,474.0,194.96,172.18,3,8,0,0
103362,73,1952,27,2,0,770.0,10000.0,748.0,0.0,0.0,9,0,2,0
103363,57,1967,28,2,1,,21000.0,662.0,54222.21,52596.25,13,2,0,0
103364,46,1979,18,1,1,1470.0,20000.0,646.0,4181.84,1749.12,30,6,0,0
103365,26,1999,5,2,1,1540.0,24000.0,675.0,,0.0,35,7,0,1
103366,47,1978,12,1,1,2450.0,36000.0,643.0,,11573.98,12,1,0,0
103367,55,1970,11,2,0,1910.0,46000.0,565.0,3640.66,3570.31,3,0,0,0
103368,46,1978,4,1,0,2450.0,20000.0,671.0,0.0,0.0,1,5,0,0
103369,39,1986,6,2,1,,46500.0,519.0,4728.79,4956.74,13,6,0,1
103370,37,1987,3,2,1,1640.0,21000.0,560.0,5030.6,5388.62,24,7,0,0
103371,34,1991,5,1,1,,31000.0,635.0,4755.85,4285.69,11,8,0,0
103372,56,1969,16,2,1,2120.0,32500.0,699.0,78886.56,73728.49,14,2,0,0
103373,55,1970,19,1,1,3270.0,23500.0,736.0,17826.23,29453.25,26,8,0,0
103374,61,1964,2,1,1,3090.0,51000.0,693.0,170611.53,170281.41,20,0,0,0
103375,35,1990,7,3,1,1460.0,13000.0,596.0,1107.3,1084.74,12,9,0,0
103376,66,1959,22,3,1,1640.0,19000.0,594.0,12697.41,10510.05,12,0,3,0
103377,83,1942,3,2,0,,10000.0,637.0,28750.68,29617.19,3,0,0,1
103378,48,1977,11,2,1,2350.0,27500.0,660.0,57820.99,130234.42,23,0,0,0
103379,63,1962,4,2,0,1520.0,19000.0,641.0,14137.42,13580.73,9,0,1,0
103380,26,1999,3,2,1,,19500.0,572.0,10933.7,4144.77,36,2,0,1
103381,82,1943,23,4,1,1980.0,24500.0,834.0,25213.94,26343.91,6,6,0,0
103382,56,1968,22,2,0,1980.0,34000.0,618.0,44416.31,43435.97,6,2,0,0
103383,65,1960,16,1,0,2530.0,19500.0,551.0,0.0,862.13,5,3,0,1
103384,51,1974,18,2,1,1330.0,13000.0,491.0,5163.63,5526.54,21,3,0,0
103385,22,2003,4,3,1,1610.0,23500.0,636.0,3422.03,4514.71,6,12,0,0
103386,54,1971,5,3,1,,29000.0,695.0,5568.55,5415.07,17,11,0,1
103387,46,1979,6,2,1,4990.0,45500.0,796.0,22183.84,17653.59,38,2,0,1
103388,60,1965,13,1,1,,30500.0,690.0,80297.53,82932.98,11,0,0,1
103389,34,1991,14,3,1,2360.0,17500.0,597.0,23955.9,21406.51,15,7,0,0
103390,18,2007,0,1,1,1840.0,14000.0,,1375.8,3871.25,15,25,0,0
103391,45,1980,2,1,1,,16500.0,656.0,6030.05,10208.64,23,4,0,0
103392,41,1984,3,1,1,,21000.0,,0.0,449.45,7,8,0,0
103393,57,1968,1,1,1,1140.0,11000.0,665.0,0.0,0.0,28,0,2,0
103394,33,1991,5,2,1,3480.0,58500.0,691.0,32709.22,32203.25,14,13,0,0
103395,40,1985,5,1,1,2470.0,36000.0,714.0,29006.6,26514.78,24,7,0,0
103396,41,1984,5,2,0,2050.0,45000.0,673.0,3271.75,3627.26,6,0,0,0
103397,35,1990,9,2,1,,58500.0,742.0,39082.96,47458.31,5,12,0,0
103398,55,1970,9,1,1,2280.0,20500.0,810.0,9417.41,9228.51,20,9,0,0
103399,42,1983,7,1,1,,37000.0,583.0,1429.33,221.96,3,6,0,1
103400,39,1986,5,3,1,1820.0,31500.0,625.0,22894.53,25278.37,38,0,0,0
103401,36,1989,11,1,1,1390.0,12500.0,685.0,0.0,0.0,16,8,0,0
103402,42,1983,3,2,1,1730.0,30000.0,674.0,1176.11,1098.58,10,2,0,1
103403,69,1955,29,3,1,1390.0,28000.0,675.0,,22862.86,25,0,0,0
103404,43,1981,15,3,1,2390.0,14500.0,626.0,145919.31,133019.91,11,0,0,0
103405,36,1989,6,1,1,1080.0,14500.0,531.0,3834.58,4201.56,7,6,0,1
103406,48,1977,10,1,1,1860.0,21500.0,666.0,11972.14,11920.26,13,0,0,0
103407,58,1967,11,1,0,2190.0,24000.0,657.0,20440.83,22479.27,8,2,0,0
103408,46,1978,7,3,1,,68000.0,688.0,257545.89,346323.5,49,5,0,0
103409,52,1973,15,2,1,4010.0,63500.0,608.0,0.0,495.05,32,1,0,0
103410,56,1969,5,1,1,2960.0,30000.0,681.0,75285.92,92881.36,18,1,0,1
103411,57,1967,13,2,1,1340.0,11000.0,649.0,4051.71,3898.95,19,1,0,0
103412,50,1975,4,1,0,1740.0,17500.0,736.0,0.0,0.0,5,4,1,1
103413,25,2000,0,1,0,680.0,8500.0,536.0,,2912.48,3,0,0,0
103414,44,1981,15,4,1,2340.0,60500.0,,11709.79,1209.11,32,5,0,0
103415,36,1989,1,1,0,1490.0,16000.0,642.0,1619.67,1711.48,2,3,0,0
103416,57,1968,17,3,1,1370.0,17000.0,622.0,,1637.07,21,5,1,0
103417,65,1960,6,1,0,1730.0,23000.0,794.0,,12046.02,8,0,0,0
103418,41,1984,3,2,1,1270.0,11000.0,546.0,2142.59,2888.06,19,6,0,0
103419,57,1968,9,3,1,,24000.0,750.0,0.0,258.04,20,7,0,0
103420,52,1972,1,2,1,2190.0,30000.0,769.0,197365.83,199231.66,12,0,0,1
103421,43,1982,14,2,1,1640.0,11500.0,681.0,7685.74,9335.66,22,4,0,0
103422,67,1958,12,1,0,1920.0,12000.0,724.0,31184.36,32439.9,8,0,0,0
103423,39,1986,0,1,1,1880.0,24500.0,595.0,5966.88,9794.97,31,3,0,0
103424,36,1988,11,1,1,1180.0,7000.0,598.0,0.0,659.6,15,9,0,0
103425,33,1991,7,1,0,1730.0,18000.0,674.0,2932.11,3552.78,5,0,0,0
103426,62,1963,15,2,1,940.0,11000.0,718.0,21900.49,22154.03,13,0,0,0
103427,35,1990,3,1,1,3780.0,19000.0,697.0,17716.86,18149.65,16,4,0,0
103428,35,1990,0,2,1,,23000.0,695.0,,61303.25,21,3,0,0
103429,62,1963,10,1,1,2050.0,29500.0,675.0,13809.62,14436.15,22,3,0,0
103430,51,1974,14,1,1,2500.0,42000.0,539.0,7573.91,9920.37,3,6,0,0
103431,44,1981,11,1,0,3010.0,32000.0,694.0,34760.05,5794.39,5,2,0,1
103432,33,1992,7,1,1,,40000.0,788.0,15041.91,16639.46,12,2,1,1
103433,50,1974,0,1,1,,24000.0,757.0,4583.36,6372.57,9,6,0,1
103434,30,1995,9,1,1,,29000.0,642.0,1506.02,1535.27,9,7,0,0
103435,49,1976,9,2,1,2220.0,25000.0,610.0,0.0,0.0,10,0,0,0
103436,48,1976,23,2,1,,49000.0,660.0,0.0,0.0,11,17,1,0
103437,45,1980,0,1,0,1060.0,9500.0,597.0,2597.4,2537.07,2,0,0,1
103438,49,1975,16,1,1,,23000.0,632.0,0.0,0.0,17,4,0,0
103439,55,1970,13,1,0,,24500.0,596.0,2999.28,1367.16,4,1,0,1
103440,19,2006,0,2,1,,11000.0,,5787.6,4003.22,9,11,1,1
103441,30,1994,5,1,1,1580.0,24500.0,623.0,26816.44,28922.13,27,0,0,0
103442,57,1968,3,1,0,7190.0,126000.0,737.0,152165.19,126800.78,2,0,0,0
103443,44,1981,21,4,1,2260.0,19000.0,708.0,39205.39,40679.41,27,5,0,0
103444,59,1966,25,1,0,1730.0,15000.0,588.0,57199.51,46596.9,0,0,2,1
103445,71,1953,9,1,0,1400.0,9500.0,603.0,1250.28,1105.43,8,0,0,0
103446,69,1956,14,1,0,2300.0,32000.0,810.0,0.0,0.0,2,4,0,0
103447,61,1964,9,1,1,2270.0,24500.0,619.0,22403.49,22079.95,2,16,0,0
103448,48,1976,13,2,1,2160.0,51500.0,530.0,17386.22,21761.34,35,0,0,0
103449,64,1960,12,1,0,,10000.0,635.0,10487.33,10251.75,5,0,0,0
103450,37,1988,8,2,1,1930.0,21000.0,681.0,13844.17,12068.84,19,6,1,0
103451,49,1976,14,3,1,1590.0,17500.0,647.0,4844.5,5758.89,24,4,1,0
103452,42,1983,8,3,1,1580.0,15000.0,605.0,897.13,1322.04,16,0,1,0
103453,39,1986,12,1,1,,29500.0,685.0,18199.08,14761.91,9,19,0,0
103454,35,1990,8,2,1,,22000.0,661.0,1384.04,1410.69,30,9,0,0
103455,52,1972,4,1,1,,28500.0,654.0,,6017.68,13,0,0,1
103456,23,2002,2,2,0,,14500.0,665.0,1041.79,617.01,5,3,0,1
103457,18,2007,0,1,1,730.0,5500.0,606.0,0.0,0.0,19,2,0,0
103458,61,1964,16,1,1,3040.0,33500.0,741.0,36247.32,40769.15,12,4,0,0
103459,52,1973,16,3,1,,10500.0,715.0,11304.99,9275.65,16,2,0,1
103460,58,1967,15,2,1,3160.0,34000.0,850.0,0.0,0.0,11,9,0,0
103461,44,1981,0,1,1,3710.0,49500.0,676.0,250649.08,260717.63,48,5,0,0
103462,53,1972,25,1,1,2500.0,26500.0,663.0,12407.16,12774.1,14,6,0,0
103463,39,1985,3,1,1,,36000.0,651.0,24947.0,9389.92,14,5,0,1
103464,38,1987,7,1,0,1960.0,24000.0,629.0,2650.93,2616.74,7,1,0,0
103465,29,1996,0,1,1,,27000.0,552.0,6337.43,5868.02,17,28,1,0
103466,73,1952,24,2,1,1420.0,13500.0,694.0,,266.36,34,0,0,0
103467,32,1993,5,2,0,,12000.0,660.0,3033.35,2985.66,5,0,0,0
103468,69,1955,6,1,1,2550.0,17500.0,693.0,67864.93,78041.62,16,6,0,0
103469,28,1996,0,1,1,2110.0,32000.0,701.0,4716.48,4573.5,11,0,0,1
103470,33,1991,0,1,1,880.0,10000.0,,4195.24,3915.82,3,7,0,0
103471,64,1960,8,1,1,2140.0,23500.0,,,8387.09,6,9,0,0
103472,55,1970,6,2,1,3110.0,42000.0,676.0,6679.44,9154.43,18,0,0,1
103473,52,1972,18,1,1,,22000.0,632.0,0.0,0.0,21,6,0,0
103474,32,1993,1,1,1,1750.0,24000.0,558.0,0.0,0.0,28,15,0,0
103475,60,1965,9,2,1,1690.0,12000.0,546.0,2779.41,2935.65,4,6,0,0
103476,33,1992,3,2,0,2150.0,20500.0,622.0,0.0,0.0,3,3,0,0
103477,51,1973,9,3,1,2260.0,30500.0,557.0,5437.09,5553.19,17,2,0,0
103478,35,1990,12,1,0,,35000.0,626.0,2018.26,1928.06,7,4,0,0
103479,69,1956,21,1,1,1300.0,9000.0,640.0,4847.33,4725.38,2,11,0,0
103480,52,1973,4,2,0,1710.0,19500.0,641.0,9853.64,10891.83,3,2,0,0
103481,66,1958,19,1,0,4210.0,61000.0,736.0,,0.0,2,0,0,1
103482,44,1981,20,1,1,3160.0,21000.0,768.0,12891.47,11526.13,10,4,0,0
103483,35,1990,4,1,1,1730.0,22000.0,567.0,21252.11,36479.0,26,5,0,0
103484,26,1999,0,1,1,1420.0,23000.0,595.0,26619.52,29198.33,11,9,0,0
103485,50,1975,12,2,1,2760.0,26500.0,689.0,0.0,356.34,12,4,0,0
103486,64,1961,17,2,1,1890.0,22500.0,709.0,5024.6,5689.17,14,1,0,0
103487,54,1970,20,1,1,2090.0,45500.0,600.0,102111.94,106328.97,20,10,1,0
103488,35,1990,3,2,1,2580.0,75000.0,454.0,7684.27,7237.33,29,6,0,0
103489,39,1985,8,1,1,2640.0,48500.0,,69351.1,65318.57,14,8,0,0
103490,39,1986,3,1,0,1780.0,17500.0,538.0,3123.24,3021.77,7,0,1,0
103491,46,1979,17,1,0,,39000.0,545.0,0.0,108.24,3,0,2,1
103492,56,1969,10,1,1,3270.0,64500.0,768.0,20880.45,19427.14,25,11,0,0
103493,48,1976,2,1,1,2540.0,28500.0,740.0,0.0,0.0,6,8,0,1
103494,57,1968,18,2,1,2500.0,25500.0,534.0,17303.77,17557.89,13,7,0,0
103495,53,1972,5,1,1,3350.0,55500.0,498.0,6317.84,5133.02,15,19,0,0
103496,31,1993,3,1,0,,44500.0,694.0,28293.06,15020.34,4,5,1,1
103497,47,1978,15,1,1,2220.0,53000.0,637.0,0.0,0.0,14,10,0,0
103498,31,1993,8,2,1,2610.0,51500.0,663.0,9356.35,8660.73,20,0,0,0
103499,47,1978,8,2,1,1870.0,20500.0,664.0,0.0,0.0,13,3,0,0
103500,53,1971,0,1,0,,19000.0,616.0,26897.19,28402.38,4,2,0,1
103501,34,1991,9,1,1,,20500.0,599.0,3325.41,1748.8,2,13,1,1
103502,26,1998,2,1,1,,18500.0,537.0,2414.74,2697.41,22,10,0,0
103503,49,1976,22,1,1,2520.0,25000.0,636.0,6662.18,7321.14,13,1,0,0
103504,44,1981,4,2,1,1250.0,11000.0,,3557.23,3591.05,13,6,0,1
103505,63,1962,5,1,1,1870.0,19500.0,692.0,9999.22,10224.75,18,0,1,0
103506,36,1988,5,2,1,3090.0,121000.0,720.0,10277.1,9685.39,17,5,0,0
103507,70,1955,3,1,1,2450.0,23500.0,634.0,34231.74,36602.68,23,0,0,0
103508,56,1969,2,1,1,,45000.0,,14634.56,7043.39,9,15,0,0
103509,24,2000,3,1,1,1710.0,28500.0,,3854.15,4553.41,20,7,0,0
103510,36,1988,1,2,1,1850.0,29000.0,543.0,1444.99,1284.59,13,11,0,0
103511,47,1978,1,1,1,1490.0,29500.0,567.0,18202.88,22837.59,14,5,1,0
103512,44,1980,10,1,1,1210.0,12500.0,624.0,,0.0,24,12,0,0
103513,33,1992,2,1,0,2330.0,36500.0,596.0,6577.52,7179.23,8,4,0,0
103514,19,2006,1,2,1,,28000.0,,12393.5,11556.37,15,1,0,0
103515,41,1984,1,1,0,1740.0,32000.0,597.0,0.0,0.0,6,4,0,0
103516,43,1982,8,1,1,,18000.0,617.0,4469.05,5506.38,1,13,0,0
103517,55,1970,3,1,0,,26000.0,,9325.53,9868.28,3,1,0,1
103518,49,1975,6,1,1,,50500.0,581.0,62703.84,10829.76,15,4,0,1
103519,30,1994,6,1,1,1400.0,20500.0,799.0,5626.66,12335.21,14,2,0,0
103520,58,1967,20,2,1,3080.0,41500.0,756.0,23263.28,9944.0,19,2,1,1
103521,37,1987,17,2,1,1360.0,16500.0,606.0,2772.76,7834.73,16,7,1,0
103522,60,1965,11,2,0,2540.0,25000.0,633.0,,20285.97,3,0,0,0
103523,39,1986,17,2,1,2700.0,40500.0,760.0,9350.86,4355.61,18,0,0,0
103524,38,1987,2,1,0,1990.0,21000.0,551.0,2854.51,3124.13,6,2,0,0
103525,46,1979,15,1,1,,33000.0,571.0,4453.7,4863.7,12,3,0,0
103526,58,1967,13,1,1,1070.0,16000.0,594.0,9341.74,10382.83,18,13,1,0
103527,50,1975,1,2,0,3780.0,52000.0,706.0,0.0,0.0,7,0,0,0
103528,27,1998,5,1,1,,9500.0,772.0,1135.38,1088.7,11,5,1,0
103529,61,1964,12,2,1,2740.0,49500.0,703.0,27081.81,24508.01,12,8,0,0
103530,36,1988,2,1,1,2770.0,29000.0,712.0,5053.61,1286.35,14,11,0,0
103531,25,2000,5,2,1,,14000.0,733.0,10601.61,10474.2,28,8,0,0
103532,21,2004,2,1,1,810.0,12500.0,,466.13,532.38,34,8,0,0
103533,65,1959,7,2,0,3390.0,61500.0,815.0,0.0,0.0,7,4,1,0
103534,69,1956,0,2,0,1940.0,15000.0,798.0,32117.2,27728.3,3,0,0,1
103535,38,1987,16,1,1,,27000.0,655.0,8971.31,9570.1,20,5,0,1
103536,42,1982,13,1,1,,35500.0,644.0,0.0,0.0,19,1,2,1
103537,45,1980,1,2,0,1270.0,16500.0,590.0,3595.56,3533.61,2,0,0,1
103538,27,1998,0,1,1,,28500.0,638.0,904.71,1059.45,13,4,0,0
103539,48,1977,7,1,1,2150.0,38500.0,649.0,10225.5,10431.03,14,5,0,0
103540,54,1971,12,1,0,2740.0,37500.0,688.0,16800.79,14856.39,4,0,0,1
103541,40,1984,13,2,1,1330.0,15500.0,743.0,25420.84,24683.41,14,3,0,0
103542,50,1975,6,1,1,,50500.0,696.0,0.0,0.0,10,0,0,0
103543,40,1984,10,2,1,1720.0,26000.0,720.0,5748.39,5963.08,9,9,1,0
103544,61,1964,7,1,1,,17500.0,744.0,22701.05,6218.45,21,6,0,1
103545,32,1993,1,1,1,1430.0,16000.0,590.0,0.0,0.0,13,20,0,0
103546,39,1986,13,1,0,1550.0,16500.0,712.0,36932.92,33716.54,3,3,1,1
103547,67,1958,2,1,0,1550.0,19500.0,598.0,951.75,1038.21,4,0,1,0
103548,49,1976,10,1,1,3070.0,44500.0,664.0,0.0,0.0,6,7,0,1
103549,82,1943,6,1,1,1630.0,32500.0,,34785.31,40978.03,23,0,1,0
103550,57,1968,8,2,0,2720.0,32500.0,622.0,6685.15,7440.97,8,0,0,0
103551,63,1961,26,3,1,,15000.0,729.0,24997.46,4744.51,10,2,2,1
103552,56,1968,20,2,1,,32500.0,641.0,0.0,0.0,61,0,0,0
103553,35,1990,10,1,1,2070.0,24500.0,634.0,9064.51,10746.51,24,4,0,0
103554,60,1965,21,1,1,,48500.0,741.0,6964.04,6053.17,13,0,0,0
103555,31,1994,4,1,1,1630.0,10500.0,559.0,9249.85,8966.54,11,0,0,0
103556,21,2003,1,1,1,2300.0,15000.0,657.0,9159.85,9130.85,12,9,0,0
103557,52,1973,7,2,1,,21000.0,,1899.05,1295.78,28,10,0,1
103558,61,1964,22,3,0,1960.0,30500.0,633.0,0.0,0.0,7,0,0,0
103559,65,1960,6,2,1,2190.0,38500.0,768.0,33160.23,30175.47,18,13,0,0
103560,52,1973,4,1,1,2760.0,42500.0,639.0,44075.57,25340.22,13,0,0,0
103561,45,1980,20,2,1,1660.0,24500.0,690.0,21246.69,19239.78,4,9,0,0
103562,44,1980,5,1,1,,52000.0,619.0,140000.29,139178.38,8,11,1,0
103563,54,1971,4,1,0,1900.0,36000.0,601.0,4920.99,4335.17,1,0,0,0
103564,61,1963,29,3,1,,13500.0,578.0,10380.4,4046.24,16,5,0,0
103565,46,1979,0,1,1,690.0,6500.0,678.0,570.72,663.84,14,3,0,0
103566,56,1969,24,3,1,1760.0,28000.0,800.0,66422.89,26609.34,17,5,0,0
103567,63,1962,4,3,0,1730.0,14000.0,567.0,5451.44,5979.5,1,0,1,0
103568,64,1961,14,1,1,,10000.0,680.0,1539.98,1357.18,12,9,0,0
103569,63,1962,4,2,1,1250.0,9000.0,560.0,6722.7,6297.2,13,5,0,0
103570,59,1965,28,4,1,2480.0,26000.0,744.0,0.0,0.0,39,4,0,0
103571,72,1953,3,1,0,2500.0,39000.0,702.0,169437.2,150788.87,9,3,0,0
103572,33,1992,0,1,1,770.0,14000.0,,1216.34,1533.05,11,12,0,0
103573,71,1954,14,3,1,,16000.0,572.0,86562.96,151477.8,46,0,0,0
103574,47,1978,2,1,1,3330.0,88500.0,684.0,15371.07,13000.92,26,2,0,1
103575,23,2001,3,2,1,2210.0,15000.0,,0.0,367.16,20,14,1,0
103576,48,1977,7,2,1,3080.0,43500.0,592.0,8848.88,8643.37,15,3,0,0
103577,51,1974,16,3,1,,31000.0,683.0,43782.76,46522.37,26,5,0,1
103578,26,1998,0,1,1,810.0,11500.0,590.0,539.79,609.56,12,10,0,0
103579,46,1979,6,2,1,2260.0,22000.0,597.0,2637.28,2940.86,19,0,0,0
103580,18,2007,0,1,1,2180.0,32500.0,728.0,13948.27,17836.59,10,2,0,0
103581,72,1952,2,1,1,,14500.0,746.0,53324.55,56285.35,10,0,0,0
103582,42,1982,14,2,1,4890.0,80500.0,758.0,77425.86,76693.3,42,0,0,0
103583,46,1979,16,3,1,3300.0,50500.0,677.0,11573.31,9620.34,22,0,0,0
103584,60,1965,2,1,0,1130.0,13500.0,804.0,12174.03,12643.24,2,0,0,0
103585,46,1979,13,2,1,2060.0,18500.0,721.0,4468.8,4706.48,12,8,0,0
103586,27,1998,1,2,1,1600.0,15500.0,622.0,2501.37,2805.26,9,23,1,0
103587,18,2007,0,1,1,1420.0,23500.0,606.0,0.0,0.0,24,9,0,0
103588,56,1969,0,1,0,,22500.0,731.0,131783.27,62268.74,4,4,0,1
103589,58,1966,12,1,1,3030.0,36500.0,812.0,34265.88,38770.05,34,8,1,0
103590,40,1984,4,2,1,3740.0,35500.0,682.0,,12833.43,56,0,0,0
103591,18,2007,0,1,1,1930.0,31500.0,,4406.39,4235.94,37,10,0,0
103592,51,1974,4,1,0,1160.0,9500.0,587.0,5248.38,4064.68,6,0,1,1
103593,46,1979,13,1,1,1840.0,31000.0,553.0,30245.81,26224.09,16,12,0,0
103594,55,1970,16,3,1,3430.0,36000.0,665.0,34393.65,36651.67,13,6,0,0
103595,34,1990,3,2,0,1190.0,16500.0,606.0,2228.57,1963.54,9,3,0,0
103596,18,2007,0,2,0,2340.0,16000.0,,1847.12,1986.78,5,1,0,0
103597,38,1986,5,2,1,4620.0,42000.0,,6813.09,5898.77,1,23,0,0
103598,58,1966,9,1,1,3970.0,50000.0,812.0,25332.36,28571.31,44,0,0,0
103599,62,1963,10,1,0,1330.0,18000.0,611.0,4685.88,5014.47,6,0,2,0
103600,41,1983,7,2,1,2230.0,29500.0,,74168.43,68773.28,16,7,0,0
103601,38,1986,2,1,0,1330.0,11000.0,505.0,4493.24,5182.12,8,1,0,0
103602,19,2006,1,1,1,1030.0,14500.0,,0.0,0.0,17,15,0,0
103603,64,1961,8,1,0,,78000.0,722.0,22636.28,25832.03,4,0,1,0
103604,39,1986,5,1,1,2220.0,27000.0,636.0,1187.25,1234.31,41,0,0,0
103605,35,1990,16,4,1,2120.0,19500.0,593.0,1587.39,864.35,39,0,1,0
103606,33,1992,0,2,1,,11500.0,492.0,386.9,354.52,16,2,0,0
103607,40,1985,2,1,1,1570.0,16000.0,602.0,2263.3,697.88,17,1,1,1
103608,52,1972,29,2,1,4220.0,47500.0,747.0,230655.59,249700.97,31,1,0,0
103609,40,1985,19,1,1,,13500.0,563.0,3217.24,3232.33,15,6,0,0
103610,66,1959,18,1,1,1540.0,11000.0,709.0,3846.89,3603.89,5,8,0,0
103611,56,1969,10,1,0,2070.0,48500.0,830.0,0.0,0.0,8,0,0,1
103612,51,1974,0,1,0,,53500.0,,,24572.29,4,0,1,1
103613,65,1960,4,1,0,1690.0,37000.0,748.0,44145.01,42043.26,6,0,0,0
103614,28,1997,6,1,1,2090.0,24000.0,655.0,1441.46,1381.14,21,36,0,0
103615,48,1977,21,1,0,840.0,5500.0,560.0,1404.3,2466.92,4,5,0,0
103616,58,1966,28,2,1,1050.0,9500.0,702.0,21838.51,26249.87,31,11,0,0
103617,58,1967,8,2,1,2030.0,33000.0,687.0,16795.07,16769.72,18,6,0,0
103618,40,1985,8,1,1,1370.0,15000.0,619.0,10980.03,9180.07,2,24,0,0
103619,28,1997,6,1,0,1240.0,15500.0,625.0,628.23,531.64,8,1,0,0
103620,18,2006,0,1,1,,38500.0,652.0,13040.33,4553.67,4,13,0,0
103621,53,1972,13,1,0,2320.0,34500.0,638.0,8937.92,8970.37,8,0,1,0
103622,45,1980,18,1,0,2410.0,29500.0,733.0,3259.54,2759.37,3,2,0,1
103623,43,1982,3,1,1,,29000.0,617.0,17464.43,15255.2,23,9,0,0
103624,49,1975,3,1,0,2500.0,13500.0,602.0,17780.65,16428.49,4,0,1,1
103625,45,1979,2,1,1,,31500.0,621.0,11115.42,9214.55,16,2,2,1
103626,38,1986,6,1,1,,28500.0,747.0,19740.53,19324.33,16,10,0,0
103627,57,1967,23,2,0,2430.0,25000.0,574.0,3788.46,3806.29,9,5,0,0
103628,26,1998,6,1,1,,18500.0,634.0,0.0,0.0,10,18,0,0
103629,29,1995,6,1,1,,28500.0,631.0,3435.53,3618.42,7,15,0,0
103630,26,1998,2,2,1,1430.0,19000.0,630.0,1216.4,1354.15,12,6,0,0
103631,41,1983,13,1,1,1240.0,14500.0,717.0,14818.77,13748.35,4,9,1,0
103632,55,1970,14,1,1,,26000.0,642.0,64206.18,58381.67,35,3,0,0
103633,35,1990,6,1,1,,15500.0,792.0,3499.75,508.13,8,6,1,1
103634,48,1976,11,4,1,,42500.0,621.0,19275.13,18316.92,46,3,0,0
103635,60,1965,6,2,1,,19500.0,658.0,,53066.99,15,0,0,1
103636,72,1953,16,2,0,,12500.0,649.0,,51359.01,3,0,0,1
103637,59,1966,15,3,1,,11500.0,569.0,0.0,0.0,13,3,0,1
103638,39,1986,17,1,1,2410.0,46000.0,681.0,12758.91,11738.69,20,12,0,0
103639,24,2001,2,1,1,1460.0,15500.0,,4856.38,5419.67,11,1,0,0
103640,18,2007,0,1,1,,16000.0,648.0,559.39,467.22,13,23,0,0
103641,37,1988,1,1,1,1750.0,22000.0,710.0,6837.75,7091.96,22,6,0,0
103642,48,1976,3,1,1,,17000.0,535.0,,3279.03,18,11,0,0
103643,40,1984,7,1,1,2260.0,27500.0,624.0,49422.59,52098.61,9,6,1,0
103644,75,1950,4,1,0,1260.0,8000.0,624.0,41913.14,43409.24,9,0,0,0
103645,27,1998,7,1,1,1480.0,21000.0,,747.1,897.96,18,16,0,0
103646,37,1987,4,1,1,2250.0,26500.0,612.0,5393.81,5278.89,23,27,0,0
103647,18,2007,0,1,1,850.0,11500.0,,428.26,372.98,21,1,1,0
103648,63,1962,24,3,1,,21000.0,670.0,989.48,1180.31,10,4,0,0
103649,37,1987,3,2,1,1500.0,22000.0,,14521.1,15193.75,17,5,1,0
103650,19,2006,1,2,1,2430.0,38000.0,604.0,0.0,0.0,53,1,0,0
103651,44,1981,11,2,1,2390.0,19500.0,735.0,7743.35,9397.23,33,7,0,0
103652,68,1957,18,2,1,2170.0,47000.0,783.0,20297.71,20730.1,10,0,0,0
103653,75,1950,14,2,0,2410.0,39500.0,721.0,0.0,0.0,1,0,0,0
103654,42,1983,5,1,1,2540.0,48500.0,578.0,14855.74,40092.65,17,5,1,0
103655,55,1969,2,1,1,1070.0,13500.0,590.0,4060.93,939.93,11,6,0,1
103656,40,1985,11,3,1,4570.0,63000.0,619.0,0.0,0.0,13,3,1,0
103657,43,1982,10,2,1,2540.0,48500.0,616.0,7681.02,8082.42,13,0,0,0
103658,38,1987,8,1,1,3600.0,40500.0,694.0,22271.22,21945.11,29,0,0,0
103659,69,1956,7,2,1,2380.0,20500.0,670.0,0.0,0.0,10,0,0,0
103660,35,1990,4,2,1,1880.0,23000.0,708.0,2908.09,2807.56,18,11,0,0
103661,18,2007,0,1,0,,12000.0,,79287.65,39958.27,7,4,0,1
103662,29,1995,7,2,1,1410.0,16000.0,695.0,15517.99,14678.77,17,33,0,0
103663,37,1988,16,1,1,1440.0,13500.0,640.0,1482.42,1575.0,39,8,0,0
103664,49,1976,23,1,0,,33000.0,723.0,13428.39,14704.79,7,5,1,0
103665,37,1988,6,1,1,1780.0,21000.0,654.0,4770.44,5527.33,18,4,0,0
103666,49,1976,12,1,1,1050.0,13500.0,719.0,19647.04,2088.24,11,4,0,0
103667,49,1975,1,2,1,2390.0,34000.0,674.0,0.0,0.0,11,0,0,0
103668,40,1985,15,3,1,1460.0,29500.0,635.0,,6020.12,42,0,0,0
103669,56,1969,10,1,1,1470.0,16500.0,679.0,3099.25,3163.12,16,5,1,1
103670,32,1993,10,1,1,3220.0,46000.0,779.0,21848.53,19906.99,21,9,0,0
103671,31,1994,3,1,1,,17500.0,721.0,3917.55,5232.98,18,4,0,1
103672,60,1965,2,2,0,2500.0,25500.0,709.0,39537.63,30985.44,9,1,0,0
103673,47,1978,19,2,1,1520.0,15500.0,515.0,22029.0,20225.84,10,0,1,0
103674,18,2006,0,2,1,2440.0,31000.0,,6250.39,6231.13,3,9,1,0
103675,39,1986,1,2,0,,11500.0,552.0,4397.85,4470.49,2,5,0,0
103676,54,1971,24,4,0,,54000.0,693.0,,11929.19,1,0,1,1
103677,68,1956,5,3,0,3610.0,64000.0,756.0,95427.14,116484.49,9,0,1,0
103678,56,1969,28,2,1,4860.0,101000.0,850.0,0.0,580.89,19,0,1,0
103679,51,1973,13,1,1,3490.0,33500.0,608.0,19430.28,20174.17,9,18,0,0
103680,61,1964,8,3,0,2270.0,23000.0,578.0,0.0,0.0,2,5,0,0
103681,61,1964,22,2,1,3500.0,50000.0,658.0,0.0,0.0,38,3,1,0
103682,63,1962,15,2,0,2030.0,25000.0,527.0,45327.98,11929.11,7,1,2,1
103683,29,1995,5,1,1,1600.0,21000.0,760.0,18080.53,18845.27,30,13,0,0
103684,45,1980,9,1,0,,32500.0,650.0,28122.95,36375.85,9,0,0,0
103685,23,2002,4,2,1,1760.0,14500.0,,3036.77,3810.85,13,8,0,0
103686,62,1963,9,2,1,3060.0,23500.0,633.0,49045.86,49786.74,12,8,1,0
103687,36,1989,12,1,1,,15500.0,767.0,2464.53,2341.58,26,4,0,0
103688,31,1994,7,2,1,1300.0,18000.0,670.0,,4842.14,3,12,0,0
103689,73,1952,29,2,0,,17000.0,686.0,27336.59,37806.93,4,0,0,0
103690,30,1994,1,1,0,1600.0,18000.0,558.0,7478.71,6223.7,8,0,0,0
103691,40,1984,5,1,1,,35500.0,817.0,37465.2,34689.19,9,13,0,0
103692,46,1978,9,1,1,2440.0,16500.0,634.0,1995.36,1775.93,3,6,0,0
103693,43,1981,3,2,1,,35500.0,500.0,2208.78,2178.08,8,13,2,1
103694,63,1962,30,1,1,2990.0,34000.0,748.0,46325.83,43129.24,22,6,0,0
103695,55,1970,19,1,1,2670.0,36000.0,695.0,6264.02,16248.75,22,16,0,0
103696,31,1994,11,2,1,1580.0,47500.0,609.0,4476.39,8266.5,21,1,1,0
103697,58,1967,17,2,1,3950.0,80500.0,725.0,38544.17,45380.7,13,0,0,0
103698,41,1983,0,1,0,2610.0,16000.0,658.0,0.0,0.0,2,2,0,1
103699,37,1988,4,2,1,1180.0,19000.0,611.0,9796.68,22321.09,30,2,0,0
103700,54,1970,2,1,1,2940.0,61000.0,694.0,11250.64,11919.22,13,1,1,1
103701,52,1972,7,2,1,2150.0,36000.0,625.0,5218.42,4337.26,19,5,0,0
103702,48,1976,6,2,1,3760.0,64500.0,763.0,36854.07,48439.33,36,9,0,0
103703,33,1991,4,1,1,,32000.0,523.0,16626.61,16537.57,17,2,0,0
103704,47,1977,14,1,1,1490.0,14000.0,689.0,1744.12,1639.58,12,9,0,1
103705,27,1997,0,1,1,2010.0,22500.0,443.0,3500.29,3619.58,15,1,0,0
103706,57,1968,5,1,1,,13000.0,715.0,,0.0,18,5,0,0
103707,41,1984,11,2,1,970.0,13500.0,753.0,1396.52,1284.3,0,11,1,1
103708,44,1981,11,2,1,2200.0,39500.0,827.0,53562.11,45414.41,33,7,0,0
103709,56,1969,4,1,1,3230.0,51500.0,770.0,77391.84,90507.94,11,0,0,0
103710,42,1983,9,4,1,1290.0,10500.0,663.0,18539.55,17439.73,19,1,0,1
103711,52,1973,16,1,1,1950.0,23000.0,658.0,98912.46,97966.07,12,0,0,0
103712,35,1990,2,1,1,,11000.0,464.0,226.35,231.63,7,7,0,1
103713,50,1975,5,4,1,2870.0,46000.0,684.0,1703.73,1863.47,24,4,0,0
103714,59,1965,20,1,1,1750.0,26500.0,746.0,12023.22,9716.25,8,10,0,0
103715,18,2007,0,1,1,2400.0,28500.0,605.0,0.0,0.0,19,13,0,0
103716,39,1985,18,2,1,3580.0,55500.0,,23176.94,23323.46,27,12,0,0
103717,47,1978,11,2,0,2390.0,33000.0,741.0,5952.75,6157.37,7,0,0,1
103718,43,1982,12,1,1,1560.0,7500.0,590.0,1100.85,1214.71,35,0,0,0
103719,52,1972,19,1,1,4660.0,91000.0,850.0,41712.04,49351.78,8,15,1,0
103720,62,1963,18,1,1,1430.0,19000.0,652.0,6516.31,9223.11,18,0,1,0
103721,47,1978,17,2,1,,28500.0,636.0,2064.15,2429.08,21,7,0,0
103722,52,1973,27,2,1,1110.0,11000.0,611.0,10879.81,8112.78,12,0,0,1
103723,51,1973,9,1,0,1790.0,22000.0,551.0,1392.15,219.35,4,4,0,1
103724,60,1964,4,2,1,1990.0,23500.0,721.0,0.0,242.78,38,0,1,0
103725,57,1968,9,1,1,,18500.0,699.0,0.0,0.0,0,14,0,1
103726,68,1957,7,2,1,,11000.0,498.0,5072.08,5410.48,9,10,0,0
103727,62,1963,17,2,1,,11000.0,591.0,5231.88,15540.53,19,0,0,0
103728,36,1989,12,1,1,960.0,9000.0,572.0,9391.51,5006.4,7,13,0,0
103729,49,1976,15,1,0,2500.0,28000.0,702.0,0.0,0.0,8,3,1,0
103730,60,1965,10,1,0,2540.0,31500.0,674.0,71933.84,85016.52,3,0,0,0
103731,48,1976,3,2,0,3240.0,36000.0,686.0,12783.62,11319.98,4,3,1,1
103732,18,2007,0,1,0,1410.0,12500.0,576.0,2051.07,2430.51,6,4,1,0
103733,72,1952,4,1,1,3320.0,20500.0,794.0,,31362.75,10,0,1,0
103734,52,1973,26,4,1,1400.0,13500.0,695.0,3753.22,3692.72,32,8,1,0
103735,50,1975,10,1,1,2090.0,17000.0,756.0,40693.62,38215.43,21,5,1,0
103736,50,1975,18,3,0,,19000.0,642.0,0.0,0.0,9,0,0,0
103737,33,1992,4,2,1,1340.0,9500.0,500.0,0.0,0.0,15,4,0,0
103738,46,1978,0,1,1,3570.0,26500.0,692.0,18640.99,17785.03,24,21,1,0
103739,40,1984,4,1,1,2070.0,33500.0,564.0,4048.26,3614.67,27,0,0,0
103740,33,1991,10,1,1,1040.0,11000.0,621.0,0.0,427.21,10,4,0,0
103741,48,1976,10,2,1,2150.0,22000.0,574.0,19355.77,22198.0,12,5,1,0
103742,52,1973,7,2,1,1810.0,12500.0,613.0,3105.27,2977.9,3,7,0,1
103743,62,1962,10,1,1,2090.0,17000.0,626.0,16784.59,32826.42,10,4,0,0
103744,50,1974,9,2,1,4980.0,54500.0,,,203111.89,42,6,0,0
103745,44,1980,4,1,1,1270.0,14000.0,532.0,0.0,0.0,4,8,0,1
103746,54,1971,23,1,1,6210.0,89000.0,850.0,14470.12,14765.92,11,14,0,0
103747,62,1962,17,3,1,2340.0,21500.0,679.0,7862.21,8082.58,34,7,1,0
103748,61,1963,3,1,1,1840.0,16000.0,623.0,58501.49,61509.7,20,0,0,0
103749,43,1982,2,1,1,,11000.0,510.0,2130.31,2383.96,17,10,0,0
103750,47,1978,20,2,0,2040.0,18500.0,722.0,10253.87,8911.88,6,4,0,0
103751,42,1983,1,2,1,2950.0,62500.0,772.0,100006.72,100777.16,25,18,0,0
103752,78,1947,4,3,1,1270.0,6000.0,653.0,64297.03,80806.99,10,0,0,0
103753,61,1963,22,1,1,,18000.0,741.0,19020.01,18586.94,5,10,0,0
103754,64,1961,1,2,1,3300.0,38000.0,504.0,7821.76,8127.12,45,3,0,0
103755,31,1994,0,1,1,1870.0,28500.0,760.0,12792.27,13467.8,13,2,0,0
103756,52,1973,15,1,1,2570.0,33000.0,849.0,69054.99,71895.78,13,3,2,0
103757,67,1958,19,1,1,1860.0,36000.0,636.0,52267.56,52199.02,15,3,2,1
103758,27,1998,0,1,1,3030.0,35500.0,659.0,2101.77,2278.58,7,11,1,1
103759,45,1980,3,1,0,1390.0,20500.0,640.0,16781.48,13521.75,8,0,0,0
103760,18,2006,0,3,1,1420.0,15000.0,629.0,1857.29,1960.83,26,14,0,0
103761,90,1934,17,1,1,1600.0,13500.0,688.0,57704.24,53401.66,16,0,0,0
103762,50,1975,9,2,1,1300.0,8500.0,445.0,433.07,557.73,10,5,0,0
103763,39,1986,16,1,1,2030.0,31000.0,599.0,0.0,0.0,26,5,0,0
103764,60,1965,13,1,1,2670.0,34500.0,658.0,20630.24,20830.11,26,5,0,0
103765,40,1984,7,2,1,850.0,8500.0,626.0,0.0,0.0,19,0,0,0
103766,56,1969,5,1,1,,17000.0,646.0,3988.78,1874.99,11,5,0,0
103767,39,1986,15,1,1,2080.0,22000.0,684.0,37473.67,31362.84,35,4,0,0
103768,63,1962,19,1,1,,62000.0,733.0,1047871.82,331545.87,26,0,0,0
103769,37,1988,5,3,1,,28500.0,689.0,26793.35,3667.77,1,8,0,1
103770,49,1976,21,4,1,,33500.0,632.0,4699.66,5700.76,23,1,0,1
103771,31,1994,4,2,1,1430.0,22000.0,,,1056.11,6,16,0,0
103772,49,1976,30,2,0,930.0,12000.0,595.0,526.04,373.91,8,5,0,0
103773,45,1980,15,1,1,1240.0,20000.0,698.0,0.0,1102.89,15,4,0,0
103774,28,1997,2,2,1,,15000.0,580.0,1529.16,312.6,16,1,0,1
103775,73,1952,26,1,1,1600.0,15000.0,606.0,,25267.3,10,0,0,0
103776,43,1982,6,1,1,800.0,11500.0,583.0,0.0,0.0,4,12,0,0
103777,46,1979,6,2,1,,28000.0,604.0,,1985.35,10,4,0,0
103778,60,1965,19,3,1,1770.0,26500.0,,6248.42,7008.54,27,3,0,0
103779,32,1992,10,2,1,,29000.0,694.0,0.0,0.0,14,4,0,0
103780,30,1995,4,1,1,1460.0,25500.0,655.0,4189.78,3975.02,31,3,1,0
103781,37,1988,13,1,1,810.0,6000.0,511.0,5726.69,6621.28,14,4,0,0
103782,62,1963,17,1,0,,30500.0,710.0,124173.25,150011.39,8,0,0,0
103783,32,1992,7,1,0,1500.0,16500.0,700.0,,3838.92,5,0,0,0
103784,85,1939,4,1,0,1890.0,17500.0,692.0,107682.7,110159.44,8,0,1,1
103785,50,1975,23,2,1,2100.0,32500.0,725.0,81801.99,72550.17,10,3,0,0
103786,52,1973,13,1,1,2560.0,26500.0,634.0,114000.29,101677.54,7,6,0,0
103787,54,1971,0,3,1,1590.0,16000.0,680.0,1720.41,1734.72,32,2,0,0
103788,37,1988,6,3,1,1700.0,19500.0,573.0,6991.0,7873.48,12,8,1,0
103789,46,1979,12,1,1,2620.0,25500.0,850.0,29725.74,26103.23,43,1,0,0
103790,38,1987,10,1,1,,24000.0,695.0,1321.23,648.74,8,14,0,0
103791,45,1980,13,1,1,3090.0,55000.0,650.0,49701.94,54301.72,4,11,0,0
103792,43,1982,4,1,1,2850.0,35500.0,710.0,13997.82,15356.52,13,10,0,0
103793,68,1957,5,1,1,2090.0,32500.0,639.0,0.0,0.0,11,5,0,0
103794,50,1975,19,2,1,2440.0,54500.0,752.0,16875.86,17793.88,14,0,0,0
103795,47,1977,15,4,1,2750.0,29000.0,642.0,136981.47,105185.32,7,18,0,0
103796,44,1981,8,1,0,1420.0,20500.0,602.0,555.26,475.44,9,1,1,1
103797,36,1989,11,2,1,2570.0,35000.0,652.0,12294.89,11628.68,11,15,0,0
103798,33,1992,8,1,1,1870.0,12000.0,563.0,3788.3,3396.87,12,2,0,0
103799,43,1982,12,1,1,,11000.0,552.0,2107.12,1796.02,7,7,0,0
103800,65,1960,20,1,1,2110.0,27000.0,811.0,153127.44,131450.14,9,22,0,0
103801,54,1971,23,2,1,1570.0,27000.0,767.0,10947.4,10993.62,19,9,0,0
103802,37,1988,0,2,1,2310.0,36500.0,668.0,0.0,0.0,32,3,0,0
103803,35,1990,4,1,1,2200.0,32500.0,707.0,0.0,0.0,33,0,0,0
103804,42,1983,17,1,1,3410.0,42500.0,729.0,18634.76,21007.85,11,6,1,0
103805,62,1963,12,1,0,,33000.0,560.0,5652.4,5680.08,5,0,0,0
103806,62,1963,23,2,1,1980.0,42500.0,547.0,29307.85,26569.06,10,13,0,0
103807,41,1984,13,1,1,1890.0,20000.0,612.0,4832.43,11318.01,26,0,0,0
103808,37,1987,11,1,1,,40500.0,644.0,18249.89,19695.9,32,8,0,0
103809,54,1970,2,3,0,2240.0,43000.0,649.0,13588.98,13180.11,7,0,0,1
103810,35,1989,7,3,1,2690.0,25000.0,781.0,276121.57,339279.17,48,16,1,0
103811,43,1982,1,1,1,1550.0,34500.0,,6406.17,6217.67,10,20,0,0
103812,70,1955,25,1,0,2200.0,29500.0,692.0,19677.24,24640.27,4,0,0,0
103813,37,1988,12,1,1,2170.0,36000.0,447.0,2530.82,693.55,2,6,0,0
103814,48,1977,18,2,1,1550.0,23500.0,783.0,5664.7,12478.79,31,17,0,0
103815,46,1978,21,3,1,,40000.0,626.0,28227.33,33665.45,18,7,0,0
103816,60,1965,20,2,1,3550.0,68000.0,696.0,70622.1,76358.2,9,10,1,0
103817,50,1975,15,3,1,3940.0,39500.0,785.0,366952.37,370029.07,26,7,1,0
103818,25,1999,4,1,1,,38000.0,561.0,6094.61,6413.82,24,0,1,0
103819,31,1993,1,2,0,,24000.0,,6785.49,4014.26,8,1,0,1
103820,55,1970,15,2,1,2080.0,20000.0,637.0,42344.58,42706.36,12,2,0,0
103821,45,1980,11,1,1,1000.0,8500.0,594.0,3039.74,3235.02,4,9,0,0
103822,39,1985,1,1,1,,31000.0,572.0,16707.75,17980.09,11,0,1,0
103823,26,1999,5,1,1,2760.0,41000.0,,13219.45,13198.86,23,11,0,0
103824,50,1975,20,1,1,2440.0,32500.0,,5876.9,16466.51,3,16,0,0
103825,39,1985,11,2,1,,30000.0,652.0,0.0,0.0,25,8,0,0
103826,57,1968,4,1,1,1300.0,20000.0,527.0,54731.09,10815.81,14,2,0,0
103827,51,1973,8,2,1,3840.0,78000.0,729.0,263040.47,253139.15,12,0,0,1
103828,33,1992,0,1,1,1000.0,10000.0,503.0,2757.47,2325.31,11,1,0,1
103829,27,1998,2,1,1,1980.0,17500.0,666.0,3378.9,4111.76,10,0,0,1
103830,38,1987,6,1,1,4300.0,46000.0,767.0,14131.83,14005.11,23,3,1,0
103831,52,1973,9,3,0,3240.0,34000.0,686.0,17837.22,23824.46,9,5,0,0
103832,57,1968,6,2,1,4060.0,53500.0,613.0,6893.47,18177.82,16,5,0,0
103833,18,2007,0,1,1,1630.0,27000.0,646.0,6305.47,6325.27,3,24,1,0
103834,66,1959,18,1,1,2160.0,23000.0,788.0,141218.62,162508.18,12,0,0,0
103835,50,1975,6,1,0,2340.0,12000.0,,11722.13,11424.94,4,1,1,0
103836,41,1984,3,1,1,1880.0,17000.0,677.0,22880.36,19640.01,28,3,0,0
103837,18,2007,0,2,1,,8000.0,633.0,0.0,383.93,30,5,0,0
103838,31,1993,5,2,1,1240.0,17500.0,616.0,684.35,632.4,4,11,0,0
103839,63,1962,10,2,1,2890.0,35500.0,787.0,200588.13,201248.42,23,2,0,0
103840,47,1978,7,1,1,,33500.0,760.0,4916.95,6087.55,21,2,0,0
103841,47,1977,5,1,1,3630.0,45500.0,670.0,62320.03,62573.5,12,5,0,0
103842,41,1984,12,1,1,1510.0,21500.0,667.0,19751.96,17584.71,34,6,0,0
103843,39,1986,5,1,1,,88500.0,692.0,1973.29,1774.35,34,3,0,0
103844,41,1984,3,1,1,2520.0,22000.0,806.0,8442.86,10039.09,11,1,0,1
103845,59,1966,25,3,0,3210.0,52500.0,788.0,26151.75,27800.1,8,0,0,0
103846,59,1966,5,2,1,1220.0,22000.0,452.0,2644.29,2506.64,12,10,0,0
103847,55,1970,14,1,1,3620.0,44500.0,721.0,182138.58,201761.62,3,12,0,0
103848,43,1982,6,2,1,2650.0,29500.0,654.0,8131.1,1618.1,10,0,0,1
103849,52,1973,7,2,0,7300.0,144000.0,566.0,123099.4,102091.01,6,0,0,0
103850,69,1956,4,1,1,,12000.0,743.0,95886.27,94765.5,17,3,1,1
103851,59,1966,10,1,1,1090.0,20500.0,637.0,,7158.91,5,9,0,0
103852,66,1959,18,1,1,1830.0,38000.0,634.0,19387.88,20547.17,24,0,0,0
103853,26,1999,0,2,1,2410.0,43500.0,738.0,50652.16,48861.86,28,11,0,0
103854,18,2007,0,1,1,2310.0,27500.0,,,24917.12,28,15,0,0
103855,58,1967,7,1,0,,14000.0,596.0,6765.34,4953.89,2,1,0,1
103856,44,1981,16,2,1,1340.0,11000.0,667.0,,39286.55,5,6,0,1
103857,18,2007,0,1,1,1400.0,18500.0,561.0,0.0,793.46,13,3,0,1
103858,58,1967,16,2,1,3130.0,55000.0,729.0,49358.6,56634.28,32,0,0,0
103859,63,1961,23,4,1,,66500.0,770.0,0.0,0.0,32,9,0,0
103860,51,1974,17,1,1,1990.0,20500.0,712.0,30435.64,29774.17,18,0,0,0
103861,49,1976,22,1,1,,27500.0,629.0,33734.28,36999.59,13,2,0,0
103862,24,2000,2,1,1,1880.0,39500.0,579.0,6395.1,6914.11,25,1,0,0
103863,63,1962,25,2,1,1510.0,16000.0,662.0,25183.17,20556.35,19,9,1,0
103864,84,1941,10,1,1,1530.0,22000.0,619.0,0.0,0.0,10,0,0,0
103865,85,1940,10,1,0,1160.0,12000.0,681.0,20667.35,19552.13,3,0,0,0
103866,47,1978,9,2,1,2900.0,27500.0,609.0,0.0,0.0,16,3,0,0
103867,49,1976,9,1,0,,15500.0,670.0,4307.75,1352.4,3,2,0,1
103868,58,1967,11,1,0,3390.0,47500.0,663.0,8074.67,9439.99,3,0,0,0
103869,29,1996,2,1,1,2480.0,28000.0,691.0,,6301.85,24,19,1,0
103870,38,1987,0,1,1,1340.0,18500.0,652.0,2273.25,2117.04,12,2,0,0
103871,57,1968,13,2,1,1150.0,11500.0,601.0,40287.16,27985.13,11,1,0,1
103872,51,1973,5,1,0,1950.0,19000.0,659.0,6410.57,8302.39,6,0,0,1
103873,39,1985,2,2,0,1450.0,18000.0,735.0,6449.97,6098.77,6,0,0,0
103874,45,1979,2,1,0,1720.0,27500.0,546.0,1484.45,1807.56,7,4,1,0
103875,28,1996,6,2,0,1410.0,18500.0,713.0,16124.36,16052.66,4,4,0,0
103876,41,1984,6,2,1,2210.0,24000.0,604.0,3243.24,3092.76,19,9,0,0
103877,63,1962,3,3,1,2200.0,23000.0,631.0,4186.84,3859.18,22,0,0,0
103878,37,1988,5,1,1,,39500.0,692.0,0.0,0.0,21,5,0,0
103879,36,1989,7,1,1,1480.0,36500.0,574.0,2032.88,2023.58,17,12,0,0
103880,40,1985,11,3,1,,85500.0,834.0,48398.03,54012.73,21,6,1,0
103881,29,1996,7,2,1,1590.0,21000.0,704.0,2011.2,2157.5,14,11,0,0
103882,57,1968,3,1,1,2360.0,25500.0,803.0,5932.68,4826.39,22,0,0,0
103883,23,2002,0,1,1,,24000.0,,1477.11,1770.06,36,4,0,0
103884,32,1992,5,2,1,,18000.0,602.0,8086.57,6916.92,10,9,0,0
103885,50,1974,25,2,1,1450.0,8000.0,667.0,3692.96,3350.33,3,18,0,0
103886,18,2007,0,2,1,940.0,10000.0,,118.48,142.25,7,16,0,0
103887,69,1955,0,1,0,1210.0,18500.0,626.0,0.0,0.0,4,0,0,0
103888,67,1958,0,1,1,1400.0,15000.0,769.0,32560.49,19299.6,10,0,0,0
103889,47,1978,7,1,0,,37000.0,723.0,1135.85,929.77,8,1,0,1
103890,65,1960,11,2,1,880.0,10500.0,677.0,2610.88,2155.92,11,3,1,0
103891,51,1973,7,2,1,2260.0,26500.0,698.0,0.0,142.03,14,1,0,1
103892,56,1969,31,4,1,2000.0,31000.0,692.0,21962.73,23957.95,53,0,0,0
103893,64,1961,26,2,1,1300.0,9500.0,580.0,6846.56,6141.76,11,0,0,0
103894,80,1944,27,2,0,3410.0,31000.0,760.0,200456.27,190790.45,8,0,0,0
103895,51,1974,12,1,1,,62000.0,832.0,25031.63,27105.36,10,3,1,0
103896,83,1942,16,3,0,1540.0,14000.0,701.0,0.0,0.0,4,0,0,0
103897,64,1961,17,2,1,2760.0,46000.0,703.0,0.0,0.0,12,0,0,0
103898,72,1953,17,2,1,1360.0,13000.0,617.0,52409.36,55733.71,19,8,0,0
103899,48,1977,22,2,1,,25500.0,619.0,26382.46,36543.15,11,2,0,0
103900,53,1972,18,2,1,,16500.0,658.0,,9813.61,15,0,0,1
103901,81,1944,4,2,0,1900.0,32000.0,527.0,23202.94,24690.89,5,0,0,0
103902,38,1987,7,1,1,1550.0,16000.0,612.0,1580.64,1682.73,24,15,0,0
103903,29,1996,4,1,1,,18000.0,554.0,38830.69,46235.73,15,7,0,0
103904,82,1943,26,3,0,1640.0,13500.0,688.0,0.0,0.0,4,0,0,0
103905,18,2007,0,1,1,1550.0,14000.0,636.0,709.77,847.1,7,16,0,0
103906,62,1963,22,2,1,2970.0,28000.0,727.0,39641.36,48868.35,21,17,0,0
103907,37,1988,12,2,1,,20500.0,641.0,618.79,702.94,28,19,1,1
103908,44,1981,19,3,0,1530.0,19000.0,650.0,1485.95,274.23,5,0,1,0
103909,20,2005,1,1,1,,9500.0,722.0,635.53,804.2,21,2,0,0
103910,44,1981,6,2,1,3250.0,70500.0,776.0,52804.47,57223.58,11,6,0,0
103911,26,1999,3,1,1,1410.0,14000.0,472.0,0.0,751.96,31,0,0,0
103912,46,1979,5,1,1,2390.0,37500.0,704.0,,29899.64,12,6,1,0
103913,53,1972,19,1,1,3260.0,49500.0,747.0,33409.31,33849.35,4,17,0,0
103914,25,2000,0,1,0,1310.0,16500.0,649.0,0.0,0.0,8,4,0,0
103915,61,1964,0,1,0,1490.0,17000.0,,10982.52,9876.09,9,4,0,1
103916,60,1965,13,2,1,740.0,18500.0,592.0,1170.43,1323.37,15,0,0,0
103917,18,2007,0,1,1,,20000.0,674.0,0.0,0.0,16,8,0,0
103918,39,1986,6,1,1,3400.0,36000.0,722.0,8762.72,8607.48,6,7,0,0
103919,34,1991,14,2,1,,32000.0,728.0,14954.93,15722.24,27,9,0,0
103920,90,1935,3,2,1,1870.0,16500.0,600.0,7903.87,7759.52,30,0,0,0
103921,46,1979,6,2,1,,26000.0,639.0,,5186.73,10,15,2,1
103922,25,2000,1,1,1,2360.0,40500.0,695.0,1179.97,2538.77,17,5,0,0
103923,49,1975,9,2,0,,34500.0,692.0,30764.46,24923.42,4,0,0,0
103924,26,1999,7,3,1,1510.0,9500.0,739.0,0.0,681.5,8,7,0,0
103925,35,1990,16,3,1,1970.0,37000.0,669.0,38526.97,47501.63,21,4,1,0
103926,66,1959,1,1,1,1900.0,21500.0,834.0,5193.74,5661.97,10,0,0,0
103927,46,1979,7,1,1,1550.0,16000.0,616.0,7627.99,6211.34,24,4,0,1
103928,48,1977,13,2,1,2730.0,40000.0,646.0,8049.11,9056.71,6,24,1,0
103929,63,1962,13,1,1,1410.0,14000.0,761.0,11522.9,9858.41,8,12,1,0
103930,77,1948,14,3,1,2900.0,49000.0,654.0,88222.43,93627.76,12,0,0,0
103931,52,1973,1,2,1,,31000.0,577.0,3198.01,3383.89,20,9,1,0
103932,30,1995,3,2,1,1510.0,15000.0,690.0,1716.24,1950.18,12,5,1,1
103933,46,1979,0,2,1,1740.0,20000.0,,5234.85,4578.84,14,20,0,0
103934,51,1973,19,4,1,3440.0,25500.0,788.0,62732.38,63814.58,34,0,0,0
103935,44,1981,1,2,1,2980.0,20500.0,,,20590.66,34,0,0,0
103936,57,1968,26,1,0,2490.0,42000.0,593.0,200203.06,169778.89,4,0,0,0
103937,35,1990,0,2,1,1620.0,24500.0,739.0,,2882.21,14,10,0,0
103938,75,1950,13,2,0,2340.0,13500.0,686.0,57065.88,78422.67,9,0,0,0
103939,54,1971,30,1,1,6030.0,84000.0,749.0,,108195.6,28,9,0,0
103940,22,2003,2,1,1,850.0,11500.0,,0.0,0.0,11,3,1,0
103941,47,1977,7,1,1,2920.0,34000.0,685.0,16413.88,16869.47,17,4,1,0
103942,58,1967,5,1,0,3110.0,35500.0,616.0,6692.1,6431.39,7,2,0,0
103943,53,1972,9,2,1,4390.0,32000.0,755.0,28239.46,31412.63,23,6,0,0
103944,71,1954,5,1,1,1110.0,16000.0,694.0,11134.15,9339.43,11,3,0,0
103945,31,1994,10,3,1,,22500.0,841.0,13543.86,12642.19,26,9,0,0
103946,23,2002,2,1,1,2010.0,20000.0,830.0,24500.64,27320.03,13,0,0,0
103947,60,1965,6,2,1,,22500.0,642.0,4496.78,3794.25,12,0,0,0
103948,40,1984,3,1,0,,43500.0,664.0,,55495.25,2,4,1,1
103949,41,1983,0,2,0,2340.0,17500.0,720.0,16794.62,18979.73,8,5,0,0
103950,60,1965,20,1,1,3120.0,33500.0,731.0,50906.63,54418.2,16,13,0,0
103951,31,1993,6,1,1,1790.0,16000.0,,6038.89,5874.34,21,10,0,0
103952,26,1999,2,1,0,2480.0,59500.0,651.0,1820.8,1860.87,4,0,0,0
103953,29,1995,0,1,0,1130.0,10500.0,596.0,,9360.15,4,2,1,0
103954,57,1968,8,1,1,2120.0,34500.0,774.0,0.0,0.0,13,8,0,0
103955,44,1981,7,2,1,2070.0,12500.0,727.0,5000.89,5943.14,6,9,0,0
103956,35,1990,5,1,0,,32500.0,787.0,,6814.11,7,4,0,1
103957,18,2007,0,2,1,3130.0,42500.0,647.0,0.0,741.25,35,19,0,0
103958,57,1968,15,2,1,1180.0,21500.0,627.0,883.25,923.7,5,13,0,0
103959,30,1995,8,1,1,1450.0,11500.0,553.0,1996.51,2184.24,10,14,0,0
103960,56,1969,19,3,1,1200.0,13500.0,583.0,25484.75,28041.98,50,0,0,0
103961,40,1984,16,4,1,1860.0,10500.0,,760.68,625.19,11,2,0,0
103962,51,1974,25,3,1,,47500.0,704.0,20065.96,24021.25,23,9,0,0
103963,35,1989,4,1,0,1570.0,13000.0,672.0,8038.92,9579.2,6,1,1,0
103964,51,1974,1,2,0,,9500.0,624.0,1445.95,1887.49,8,0,0,0
103965,18,2006,0,1,1,1640.0,18500.0,690.0,2843.65,2887.35,10,11,0,0
103966,34,1991,0,1,1,,23500.0,607.0,264.61,280.41,11,3,0,0
103967,54,1971,7,3,1,,29000.0,700.0,6254.44,6835.07,3,8,0,1
103968,69,1956,13,2,1,1650.0,15000.0,705.0,36778.32,38720.53,14,0,0,0
103969,53,1972,18,1,1,2100.0,40500.0,678.0,2597.94,2218.21,2,14,0,0
103970,35,1990,0,1,1,,26500.0,731.0,17349.7,16591.31,35,4,0,0
103971,36,1989,6,1,0,1440.0,17500.0,666.0,15531.09,13542.65,4,0,1,0
103972,48,1976,1,2,1,5200.0,74500.0,774.0,15484.62,9981.21,10,10,0,1
103973,28,1997,5,1,1,1470.0,17500.0,649.0,0.0,0.0,18,8,0,0
103974,62,1962,31,1,0,1500.0,19000.0,642.0,0.0,0.0,6,0,0,0
103975,77,1947,2,1,1,1850.0,10500.0,588.0,111523.07,124925.76,13,0,1,0
103976,38,1987,7,2,1,2360.0,47000.0,575.0,5054.22,6101.97,24,10,0,0
103977,18,2007,0,2,1,,30000.0,,0.0,0.0,47,17,0,0
103978,34,1991,8,1,1,2200.0,24500.0,612.0,11590.85,11301.62,20,6,0,0
103979,43,1982,8,2,1,,14000.0,582.0,18792.67,18010.14,21,0,0,0
103980,37,1987,18,4,1,3680.0,17000.0,588.0,,70148.98,25,4,0,0
103981,65,1960,14,1,1,3580.0,44500.0,706.0,23632.22,19891.77,12,5,0,0
103982,62,1963,30,4,1,,12000.0,723.0,5233.14,4827.04,19,4,0,0
103983,33,1992,5,1,1,2330.0,38000.0,,6289.54,2895.87,15,7,0,0
103984,64,1961,5,2,0,1560.0,28000.0,522.0,0.0,0.0,6,0,1,0
103985,72,1953,2,1,0,,29500.0,731.0,5417.23,5851.17,5,5,0,1
103986,20,2004,0,1,0,,7000.0,,4526.12,4519.28,6,4,2,1
103987,42,1983,6,4,1,2180.0,39500.0,702.0,3398.16,3358.1,22,16,0,0
103988,48,1977,18,1,1,1140.0,14500.0,616.0,,625.82,19,10,0,0
103989,68,1957,7,1,0,1890.0,18500.0,726.0,40995.45,51536.65,9,0,0,0
103990,22,2003,2,2,1,1560.0,16000.0,591.0,0.0,0.0,25,9,0,0
103991,41,1983,16,2,1,1420.0,12000.0,598.0,1358.13,1154.63,9,9,1,1
103992,35,1990,5,2,1,1600.0,15000.0,724.0,10199.14,2063.46,6,9,0,0
103993,33,1992,9,1,0,3060.0,35000.0,669.0,20162.04,19702.31,1,1,0,0
103994,43,1982,4,1,1,1470.0,10000.0,718.0,5498.54,6468.02,14,2,0,0
103995,58,1967,3,2,1,2190.0,34000.0,755.0,48941.62,56148.3,16,0,0,0
103996,56,1968,6,1,1,,72500.0,729.0,237344.84,73034.13,17,1,0,1
103997,67,1958,12,1,1,1020.0,7000.0,692.0,6718.39,7683.14,11,6,0,0
103998,38,1987,5,1,0,,18000.0,504.0,8599.59,6500.0,1,5,1,1
103999,48,1977,2,1,1,1860.0,14500.0,766.0,27961.79,26099.06,23,1,0,0
104000,54,1971,13,2,1,3250.0,24500.0,771.0,47922.16,50934.45,13,17,0,0
104001,68,1957,9,1,1,2470.0,54500.0,649.0,38032.08,38358.06,16,0,0,0
104002,32,1993,11,1,1,2290.0,35000.0,757.0,25446.72,27587.21,11,7,0,0
104003,46,1979,4,1,1,2280.0,33000.0,617.0,0.0,0.0,12,3,0,0
104004,31,1994,9,1,1,2820.0,30000.0,758.0,0.0,0.0,13,7,0,0
104005,52,1972,2,2,1,4490.0,44500.0,646.0,0.0,0.0,17,0,0,0
104006,22,2003,2,2,1,1290.0,9500.0,665.0,4145.14,4388.93,46,5,0,0
104007,28,1997,8,1,1,2250.0,54500.0,730.0,4029.6,3830.31,15,4,0,0
104008,46,1979,5,2,1,3140.0,40500.0,762.0,38802.7,32433.88,18,16,1,0
104009,29,1995,0,1,1,,45500.0,568.0,4754.54,5025.29,15,10,0,0
104010,51,1973,4,1,0,1450.0,19000.0,678.0,0.0,0.0,7,0,0,0
104011,33,1991,6,1,0,1220.0,10500.0,587.0,0.0,0.0,9,1,0,0
104012,18,2007,0,1,1,3040.0,49500.0,665.0,18432.58,19581.08,22,53,0,0
104013,35,1989,2,2,0,3540.0,37500.0,760.0,0.0,0.0,9,5,1,0
104014,62,1963,0,1,1,2470.0,21000.0,584.0,15096.17,13762.04,37,0,1,0
104015,52,1973,12,2,1,,27000.0,831.0,1748.81,1778.01,11,11,1,0
104016,55,1970,12,1,1,3660.0,42000.0,727.0,101275.99,289209.01,21,7,0,0
104017,18,2007,0,2,1,1420.0,16500.0,,0.0,0.0,12,10,1,0
104018,38,1987,3,1,1,900.0,9000.0,482.0,2420.75,2458.59,11,7,0,0
104019,55,1970,18,2,1,2800.0,33500.0,757.0,70452.5,60915.69,23,5,0,0
104020,42,1983,9,1,1,1910.0,47000.0,745.0,3669.69,3460.34,14,6,0,0
104021,58,1967,11,3,1,,17500.0,743.0,9739.54,11455.51,18,4,0,0
104022,54,1971,5,2,1,1670.0,24500.0,698.0,0.0,0.0,25,6,0,0
104023,38,1986,4,2,1,3220.0,48500.0,789.0,0.0,0.0,9,12,1,0
104024,61,1964,29,2,0,,16500.0,656.0,,1696.35,5,0,1,0
104025,69,1956,21,1,0,1460.0,25000.0,624.0,28190.77,29750.68,1,0,0,0
104026,58,1967,7,1,0,1350.0,17000.0,584.0,,7487.05,3,3,1,1
104027,56,1968,6,2,0,1450.0,28000.0,700.0,1978.3,2197.58,4,1,0,1
104028,28,1997,0,1,1,,11000.0,,2145.41,2053.33,18,6,0,0
104029,48,1977,14,3,1,2580.0,38000.0,737.0,7089.42,8208.45,5,7,0,0
104030,50,1975,6,2,1,,54500.0,610.0,16626.92,16666.73,22,0,0,0
104031,31,1994,5,2,0,970.0,13500.0,677.0,0.0,0.0,7,2,1,0
104032,41,1984,21,2,1,2250.0,40000.0,608.0,0.0,0.0,6,8,0,1
104033,36,1989,5,3,1,2900.0,51500.0,609.0,19035.34,20274.97,5,7,0,0
104034,64,1961,16,1,1,,22000.0,703.0,58765.9,36054.45,10,2,0,1
104035,31,1994,9,1,1,1100.0,28500.0,741.0,0.0,0.0,24,2,1,0
104036,49,1976,17,1,1,1330.0,15000.0,604.0,2896.69,2487.31,15,5,0,0
104037,45,1980,16,1,0,3190.0,32000.0,772.0,,94004.86,8,3,0,0
104038,54,1971,20,3,1,3790.0,51500.0,782.0,108647.69,126601.72,44,7,0,0
104039,45,1979,12,2,1,1790.0,16000.0,601.0,17552.17,21361.25,17,3,0,0
104040,32,1993,2,1,1,940.0,6500.0,617.0,2114.87,2310.52,21,8,1,0
104041,50,1975,4,2,0,2600.0,23000.0,536.0,47103.8,65696.44,6,1,0,0
104042,75,1950,12,3,1,1820.0,39000.0,635.0,45611.67,44311.08,20,2,0,0
104043,53,1972,10,1,1,,25000.0,844.0,228590.67,229495.11,19,0,0,1
104044,62,1962,6,1,0,1820.0,20000.0,671.0,27607.04,31046.29,2,0,0,0
104045,22,2003,3,1,1,2340.0,36000.0,,3786.83,4206.05,22,0,0,0
104046,73,1952,3,2,1,2080.0,25000.0,712.0,0.0,0.0,31,4,0,0
104047,64,1961,3,1,1,2780.0,33500.0,563.0,0.0,954.75,2,6,0,0
104048,44,1981,2,1,1,2060.0,48500.0,494.0,9453.06,9602.02,12,13,0,0
104049,57,1967,17,1,1,1040.0,14000.0,624.0,5668.51,6487.33,8,14,0,1
104050,72,1953,2,1,1,1010.0,15500.0,640.0,13527.1,13497.46,15,1,0,0
104051,45,1979,21,1,1,,31000.0,699.0,,24169.23,13,7,0,0
104052,29,1996,7,1,1,1710.0,28500.0,625.0,2452.78,2249.66,14,6,0,0
104053,58,1966,13,1,1,2400.0,34500.0,715.0,17917.76,19626.32,6,8,0,0
104054,42,1983,5,2,0,2920.0,31500.0,606.0,109673.5,109102.05,2,0,0,0
104055,54,1970,22,2,1,,18500.0,649.0,30136.28,40757.33,10,4,0,1
104056,41,1984,12,2,0,3500.0,95000.0,701.0,,4514.2,8,4,0,0
104057,23,2002,0,1,1,1320.0,24000.0,581.0,5971.38,13663.05,5,10,0,0
104058,39,1986,2,1,1,1500.0,8500.0,756.0,4047.42,3673.25,12,10,0,0
104059,54,1971,19,1,1,,24500.0,604.0,20015.87,19661.74,39,4,0,1
104060,29,1996,4,1,1,1290.0,13500.0,,817.97,2181.52,5,6,0,0
104061,71,1953,12,2,1,1440.0,11500.0,743.0,122559.15,130442.64,16,3,0,0
104062,18,2007,0,1,1,1350.0,10500.0,582.0,6578.18,3663.82,20,5,0,1
104063,32,1993,2,1,1,2120.0,31000.0,670.0,19482.92,20973.5,20,22,0,0
104064,50,1974,2,1,1,2180.0,14500.0,588.0,,2073.64,13,2,0,0
104065,49,1975,10,3,1,1210.0,17000.0,709.0,0.0,0.0,38,1,1,0
104066,58,1966,12,1,1,1660.0,20500.0,677.0,7838.7,6748.2,5,12,0,0
104067,48,1976,18,1,1,1050.0,16000.0,623.0,10446.39,9503.4,8,17,0,0
104068,70,1954,7,1,0,,29500.0,783.0,140942.58,88851.19,8,0,1,1
104069,39,1986,0,1,1,2060.0,43000.0,681.0,,6658.7,15,4,0,0
104070,55,1970,10,1,0,,21500.0,705.0,4848.09,4203.12,3,0,0,0
104071,36,1988,11,1,0,1630.0,16500.0,617.0,5454.16,3809.47,9,3,1,1
104072,64,1961,15,3,1,3180.0,48500.0,605.0,58401.03,58744.27,2,13,0,0
104073,43,1982,16,1,1,2890.0,38500.0,731.0,5200.89,5903.2,19,8,0,0
104074,41,1984,5,1,1,3440.0,88000.0,624.0,28281.76,12491.47,13,5,0,1
104075,46,1978,13,1,1,2320.0,31500.0,653.0,19140.28,14080.35,31,0,0,0
104076,32,1993,0,1,1,,50000.0,744.0,254409.2,277195.0,21,2,0,0
104077,40,1985,14,3,1,2350.0,25500.0,718.0,5160.43,5194.57,18,4,0,0
104078,22,2003,0,1,1,,28500.0,688.0,9247.49,4905.98,12,5,0,1
104079,41,1984,9,1,1,4540.0,59500.0,743.0,,4157.79,12,7,0,0
104080,45,1980,17,1,0,2680.0,27500.0,779.0,73091.37,66929.46,5,0,1,1
104081,56,1969,18,1,1,1830.0,64500.0,656.0,5810.18,5885.22,11,5,0,0
104082,40,1985,10,1,1,,12500.0,654.0,,62826.91,5,11,0,0
104083,27,1997,7,2,1,,22500.0,689.0,0.0,0.0,21,5,0,0
104084,45,1980,19,3,0,,12000.0,576.0,2335.87,2594.35,8,0,0,0
104085,37,1987,2,1,1,2690.0,39500.0,702.0,0.0,0.0,14,4,0,0
104086,32,1993,13,1,1,1370.0,23000.0,685.0,2852.01,2970.37,17,6,0,0
104087,72,1953,18,4,1,1330.0,14000.0,645.0,32094.54,42752.51,19,1,0,0
104088,42,1983,19,3,1,3150.0,31500.0,640.0,6886.31,7262.47,47,0,0,0
104089,90,1935,22,1,0,3030.0,60000.0,616.0,191866.08,191225.14,9,0,0,0
104090,41,1983,17,2,1,2540.0,30500.0,826.0,16813.85,19040.35,16,0,0,0
104091,30,1994,11,1,1,3250.0,57000.0,720.0,38587.2,36810.7,14,5,0,0
104092,42,1983,0,2,0,1290.0,12500.0,606.0,,1107.49,3,0,0,0
104093,34,1990,12,2,1,,50500.0,770.0,16665.97,17885.42,4,12,1,0
104094,57,1968,11,2,0,,19500.0,646.0,18992.47,8267.9,2,0,0,1
104095,38,1986,14,4,0,,21500.0,630.0,3557.64,2904.81,8,4,0,1
104096,47,1978,6,1,0,2650.0,26000.0,556.0,1317.62,1541.08,4,0,0,0
104097,58,1967,14,4,1,2150.0,25000.0,635.0,12013.7,14033.93,24,23,0,0
104098,45,1979,11,1,1,1210.0,17500.0,650.0,692.04,728.54,13,4,0,0
104099,49,1976,1,2,0,830.0,17000.0,622.0,1121.22,1124.49,2,0,0,0
104100,37,1988,4,1,1,1280.0,19000.0,,26665.41,27300.0,11,0,0,0
104101,60,1964,12,1,0,2380.0,21000.0,598.0,0.0,0.0,9,0,0,0
104102,72,1952,23,3,1,1480.0,19500.0,731.0,5781.61,6461.93,11,4,0,0
104103,43,1982,13,1,1,1660.0,6000.0,677.0,44854.97,46770.44,16,1,0,0
104104,32,1993,1,1,0,1630.0,19500.0,587.0,848.66,964.2,9,4,0,0
104105,48,1977,10,1,1,2470.0,36000.0,743.0,,11469.26,3,9,0,0
104106,73,1952,21,2,1,1220.0,20000.0,712.0,39423.67,41096.5,13,0,0,0
104107,43,1981,0,1,0,4530.0,89500.0,638.0,,0.0,5,0,1,1
104108,69,1956,21,2,1,,20500.0,764.0,0.0,0.0,38,0,0,0
104109,33,1992,12,2,0,,27500.0,759.0,11967.15,14794.15,8,3,1,1
104110,44,1981,0,2,1,2690.0,20500.0,778.0,0.0,0.0,19,2,0,1
104111,62,1963,6,2,0,2320.0,13000.0,729.0,,6527.91,8,0,2,1
104112,51,1974,6,1,0,1180.0,18000.0,521.0,3966.02,2748.9,8,0,1,1
104113,40,1984,6,1,1,2340.0,18500.0,685.0,6456.44,2667.16,19,0,1,1
104114,73,1951,18,2,1,1580.0,21000.0,777.0,0.0,0.0,15,0,0,0
104115,46,1978,1,1,1,2320.0,31000.0,784.0,50254.96,94398.6,21,7,0,0
104116,48,1977,2,3,1,,35000.0,704.0,0.0,0.0,6,6,0,1
104117,43,1982,14,1,0,,36000.0,687.0,25714.83,13278.16,4,1,0,1
104118,34,1991,11,3,1,2520.0,36000.0,739.0,51537.58,50479.37,19,11,0,0
104119,49,1976,14,1,1,,30500.0,809.0,31331.91,32442.31,8,8,0,1
104120,66,1959,11,1,0,2070.0,11500.0,689.0,31031.37,42767.86,6,0,0,0
104121,45,1980,21,1,1,1360.0,12500.0,665.0,0.0,0.0,2,7,1,0
104122,65,1960,17,2,0,,66000.0,591.0,15772.63,15665.14,4,0,0,0
104123,34,1991,5,1,1,1290.0,17500.0,850.0,22502.58,7941.74,10,2,0,0
104124,50,1975,11,1,1,1560.0,24500.0,623.0,0.0,0.0,17,10,1,0
104125,56,1968,4,1,0,,19500.0,685.0,0.0,0.0,3,0,1,1
104126,54,1971,8,3,0,3240.0,99500.0,691.0,454382.38,529396.54,1,0,0,0
104127,44,1981,6,2,1,1970.0,33500.0,,9568.73,11235.54,3,26,0,0
104128,18,2006,0,1,1,,22500.0,,0.0,0.0,36,6,0,0
104129,44,1981,15,1,0,3720.0,31500.0,674.0,79325.3,73742.74,1,0,0,0
104130,60,1965,7,1,1,1170.0,20000.0,577.0,14410.86,8452.93,14,0,0,1
104131,56,1969,11,2,1,3140.0,23000.0,759.0,144681.11,160416.37,23,3,0,0
104132,45,1979,23,1,0,1570.0,14000.0,630.0,7181.89,6021.77,4,2,0,1
104133,67,1957,6,1,0,2000.0,45500.0,649.0,17470.76,20904.53,4,3,1,0
104134,30,1995,2,3,1,1090.0,11000.0,632.0,1394.55,1297.96,32,27,0,0
104135,53,1972,4,1,1,2090.0,24000.0,649.0,2317.87,2173.8,31,7,0,0
104136,71,1954,9,1,1,1230.0,23000.0,658.0,7010.22,8864.56,8,11,0,0
104137,70,1955,11,1,1,2880.0,44500.0,747.0,196792.7,169714.68,16,3,1,0
104138,76,1949,18,1,0,1720.0,13000.0,675.0,151123.94,156979.99,7,0,0,0
104139,28,1997,7,1,1,1920.0,20500.0,536.0,3454.17,1925.93,17,0,0,1
104140,40,1984,6,4,1,1520.0,23000.0,604.0,6620.13,8066.54,29,4,0,0
104141,49,1975,13,3,1,,21000.0,653.0,0.0,0.0,7,8,0,0
104142,59,1965,12,1,0,2950.0,30000.0,705.0,2535.33,2176.44,7,1,0,0
104143,29,1996,1,1,1,770.0,10000.0,547.0,1429.67,1316.61,13,0,0,0
104144,51,1974,6,2,1,2950.0,46500.0,675.0,18532.51,7191.16,23,13,0,0
104145,34,1990,11,2,1,,39500.0,656.0,23726.95,20601.99,41,29,0,0
104146,45,1979,19,4,1,2140.0,21000.0,649.0,,1389.12,25,0,1,0
104147,22,2002,2,2,1,,24500.0,701.0,,22914.29,17,6,0,0
104148,56,1969,2,1,1,2930.0,41500.0,753.0,84944.17,77163.72,10,11,0,1
104149,18,2007,0,1,1,1080.0,18000.0,,4427.69,4746.02,20,5,0,0
104150,52,1972,12,2,1,1880.0,25000.0,556.0,7992.56,7406.92,16,5,0,0
104151,28,1996,6,2,1,600.0,6500.0,,75.69,29.07,10,8,0,1
104152,34,1990,6,2,1,1120.0,14000.0,570.0,7069.23,5939.05,16,7,0,0
104153,55,1970,21,1,1,,39500.0,825.0,21109.07,16678.86,10,3,0,0
104154,51,1973,15,1,0,5780.0,109000.0,580.0,50913.21,52030.08,7,5,0,0
104155,28,1997,5,1,1,,69000.0,832.0,130303.6,135904.09,50,4,0,0
104156,18,2007,0,1,1,2620.0,36500.0,686.0,6386.59,5969.14,34,7,0,0
104157,49,1976,11,4,1,,23500.0,620.0,,14450.48,22,5,0,0
104158,49,1976,8,1,1,,15500.0,673.0,9575.51,9762.85,14,0,0,0
104159,23,2001,3,1,1,,21000.0,531.0,556.22,605.59,7,19,0,0
104160,73,1952,4,1,1,790.0,14000.0,687.0,0.0,0.0,21,0,0,0
104161,59,1966,7,3,1,2610.0,19500.0,724.0,9273.35,1123.04,12,0,0,1
104162,24,2000,1,1,1,2070.0,39000.0,,5519.04,5473.21,28,3,0,0
104163,60,1965,23,1,1,1810.0,17500.0,718.0,57260.35,55330.87,13,0,0,0
104164,26,1999,5,1,1,1040.0,11000.0,610.0,2422.68,1304.57,17,3,0,0
104165,70,1954,1,1,0,1990.0,52500.0,712.0,57699.16,57975.99,8,0,0,0
104166,72,1953,5,1,0,,27000.0,742.0,102594.7,93916.44,1,0,0,1
104167,73,1952,17,2,0,930.0,10000.0,601.0,54212.75,66394.5,9,0,0,0
104168,27,1998,4,3,1,1010.0,8000.0,517.0,2768.56,2889.24,21,48,0,0
104169,41,1984,6,3,1,2320.0,38000.0,674.0,145467.29,156086.27,35,2,0,0
104170,27,1998,4,2,1,,13000.0,,1265.96,1232.78,26,2,0,0
104171,32,1993,8,2,1,2280.0,25000.0,665.0,8054.11,8603.24,34,7,0,0
104172,77,1948,10,1,0,2050.0,12500.0,568.0,,14588.0,8,0,0,0
104173,48,1977,6,1,1,,88500.0,695.0,14510.92,13378.68,23,4,0,0
104174,43,1981,3,1,1,1300.0,11000.0,511.0,2206.13,2309.79,15,2,0,0
104175,43,1982,2,1,1,1440.0,27000.0,618.0,2859.47,2259.09,2,8,0,0
104176,34,1991,2,2,1,2090.0,42000.0,678.0,10168.25,10767.28,28,8,1,0
104177,38,1987,4,1,1,2790.0,22000.0,757.0,18992.84,19490.03,17,5,0,0
104178,54,1971,13,1,0,2190.0,19000.0,563.0,0.0,0.0,6,4,0,1
104179,42,1983,6,1,1,1710.0,34500.0,555.0,22577.16,23321.47,1,8,0,0
104180,40,1985,3,1,1,1710.0,16500.0,531.0,1240.84,801.51,12,7,0,1
104181,43,1982,2,1,1,2680.0,38500.0,,10175.27,13470.87,10,2,0,0
104182,48,1976,4,1,0,1280.0,20000.0,633.0,13419.49,13349.88,7,2,0,0
104183,44,1981,6,1,1,4880.0,93500.0,751.0,23176.46,25245.97,15,3,0,0
104184,39,1986,20,1,1,,13000.0,726.0,17822.81,20707.3,31,9,0,0
104185,40,1985,17,2,0,1490.0,18500.0,572.0,0.0,0.0,8,0,0,0
104186,53,1972,9,1,1,,33500.0,651.0,,11524.45,2,6,1,0
104187,41,1983,12,4,1,2190.0,44500.0,772.0,4453.66,4722.19,38,5,0,0
104188,43,1981,13,2,1,2650.0,48500.0,718.0,39283.27,44069.86,17,1,0,0
104189,36,1988,4,2,0,2330.0,29000.0,686.0,2974.23,3306.47,8,0,0,0
104190,45,1980,15,2,0,2240.0,22000.0,620.0,21207.55,21130.35,6,0,1,0
104191,54,1970,11,1,1,2240.0,15500.0,652.0,45526.94,38433.73,13,2,1,1
104192,19,2006,0,2,1,1550.0,11000.0,610.0,0.0,0.0,23,2,0,0
104193,49,1975,22,3,1,,11000.0,634.0,7863.63,7443.56,20,31,0,0
104194,56,1969,6,1,0,2120.0,24000.0,630.0,46336.84,38338.52,7,0,0,1
104195,46,1979,7,2,1,4220.0,71500.0,681.0,,26904.82,25,10,0,0
104196,37,1988,10,1,0,,14500.0,598.0,10551.23,10534.9,3,3,0,1
104197,61,1964,8,1,0,,16500.0,685.0,49716.28,44289.29,7,0,0,0
104198,61,1963,3,1,1,2720.0,45000.0,679.0,7630.4,7529.69,26,9,0,0
104199,32,1993,5,1,0,2090.0,16000.0,707.0,3397.47,3688.18,6,4,0,0
104200,53,1972,29,1,1,4190.0,52500.0,729.0,298541.36,267968.89,20,1,0,0
104201,50,1975,3,1,1,2140.0,26500.0,565.0,2182.8,2030.24,17,5,0,0
104202,18,2007,0,1,1,2050.0,37000.0,,9375.5,1097.75,24,7,0,0
104203,51,1974,6,1,0,3730.0,68000.0,721.0,8136.2,6215.54,9,3,0,0
104204,25,2000,4,1,1,,33000.0,777.0,59085.67,67899.11,4,13,1,0
104205,46,1979,5,1,1,3940.0,41000.0,759.0,22453.63,25323.38,19,0,0,0
104206,24,2001,4,2,1,,16500.0,798.0,,45923.48,19,19,0,0
104207,54,1971,2,1,0,,46000.0,660.0,221074.8,189533.05,5,5,0,1
104208,82,1942,25,2,1,,27500.0,645.0,71491.36,71690.39,10,0,0,0
104209,36,1989,13,1,1,,30000.0,534.0,4356.66,4463.5,5,39,0,0
104210,32,1993,10,3,1,2660.0,24500.0,749.0,24875.54,22441.23,11,1,0,0
104211,22,2003,0,3,1,1120.0,13500.0,703.0,1123.99,938.87,14,5,1,0
104212,30,1995,2,1,1,1950.0,24000.0,719.0,8836.01,8000.45,11,11,0,0
104213,62,1963,10,1,0,1710.0,21000.0,548.0,13931.23,13468.38,3,0,0,0
104214,47,1978,3,1,0,1910.0,44000.0,709.0,1047.76,1005.13,2,1,2,1
104215,20,2004,0,2,1,1960.0,37000.0,,26951.87,25973.14,16,5,0,0
104216,42,1982,19,2,0,2810.0,32000.0,600.0,16017.33,15873.02,2,3,0,0
104217,40,1985,2,1,1,1180.0,14000.0,672.0,2471.04,2946.59,17,15,0,0
104218,55,1970,17,2,1,1490.0,19000.0,628.0,40144.06,43359.09,48,9,0,0
104219,38,1987,10,1,1,1980.0,18500.0,670.0,0.0,71.0,32,1,0,0
104220,52,1973,24,4,1,1610.0,27500.0,648.0,1757.57,2041.27,11,12,1,0
104221,44,1980,10,1,1,3360.0,42500.0,700.0,6923.08,7101.9,18,1,0,0
104222,20,2004,1,1,1,1720.0,20500.0,489.0,0.0,0.0,18,4,0,0
104223,30,1994,6,3,1,1420.0,20500.0,703.0,1075.07,1101.12,49,9,0,0
104224,66,1959,6,1,0,,15500.0,713.0,20504.22,17657.65,5,0,0,1
104225,51,1974,21,1,1,,46000.0,692.0,22068.84,22777.05,11,0,1,1
104226,49,1975,29,2,1,,21500.0,793.0,0.0,0.0,11,0,1,0
104227,46,1979,26,1,1,2800.0,21000.0,621.0,43509.26,41013.14,14,4,0,0
104228,21,2004,0,1,1,,19000.0,706.0,,2593.56,19,6,0,1
104229,42,1983,8,1,0,1510.0,20500.0,702.0,3351.53,2911.77,4,1,1,0
104230,52,1973,12,2,0,,25500.0,622.0,14817.92,14668.33,7,3,0,0
104231,57,1968,16,2,1,1540.0,43500.0,563.0,0.0,0.0,33,1,0,0
104232,62,1963,16,1,0,1830.0,18000.0,553.0,,22806.29,3,3,0,0
104233,52,1972,26,3,0,3790.0,59000.0,707.0,57520.58,60319.61,6,1,0,0
104234,55,1970,15,2,1,2840.0,46000.0,773.0,,73841.76,16,0,0,0
104235,38,1987,14,2,0,2760.0,33500.0,744.0,158708.41,26658.83,5,3,0,0
104236,68,1957,18,3,1,,30500.0,675.0,121403.91,188996.33,13,0,0,0
104237,32,1993,3,2,1,1410.0,28500.0,606.0,1132.86,1396.67,25,6,0,0
104238,51,1974,28,2,0,,13000.0,706.0,24289.81,19531.42,2,0,0,1
104239,42,1983,4,1,1,1690.0,21500.0,559.0,2689.77,2497.91,12,18,0,0
104240,65,1960,20,2,0,2070.0,18500.0,622.0,45455.3,44959.15,2,0,0,0
104241,44,1980,5,3,1,2230.0,57500.0,,2548.63,2734.46,12,0,1,0
104242,57,1968,4,2,1,1340.0,20000.0,529.0,8352.23,7571.68,10,0,0,0
104243,36,1989,8,2,1,1540.0,23000.0,663.0,16829.3,16455.48,11,3,0,0
104244,64,1961,24,2,1,3090.0,49500.0,786.0,,101549.13,13,0,0,1
104245,61,1964,16,2,1,2110.0,33500.0,610.0,24410.05,31312.49,13,0,0,0
104246,70,1954,29,1,1,1800.0,17000.0,759.0,0.0,0.0,10,0,0,0
104247,42,1983,12,1,1,,36500.0,818.0,160443.16,27362.97,17,0,1,1
104248,60,1965,8,1,1,,45000.0,738.0,40018.54,46167.45,20,0,0,0
104249,57,1967,13,1,0,1560.0,19500.0,720.0,5956.84,5490.85,9,5,0,1
104250,64,1961,20,2,1,,31500.0,710.0,157827.9,201696.89,43,9,0,0
104251,58,1967,10,2,1,2410.0,35000.0,681.0,8005.83,9102.71,19,0,0,0
104252,50,1975,13,2,0,,25000.0,551.0,2304.95,1283.44,8,2,1,1
104253,64,1960,11,1,1,,22500.0,682.0,0.0,0.0,14,0,1,1
104254,18,2007,0,2,0,1800.0,18000.0,,2107.04,2018.49,9,1,0,0
104255,42,1983,6,2,1,1380.0,7000.0,670.0,8216.74,7573.35,17,0,0,0
104256,34,1990,8,1,1,2760.0,26500.0,747.0,42164.15,40302.33,15,12,1,0
104257,64,1961,6,1,1,,72000.0,778.0,18994.92,17953.03,12,13,0,0
104258,44,1980,6,1,1,,19500.0,613.0,5693.55,5716.86,20,7,0,1
104259,58,1967,7,1,0,1710.0,29500.0,676.0,7265.31,7731.6,2,4,0,1
104260,49,1975,3,1,1,3000.0,35500.0,799.0,34366.71,43806.16,11,0,1,0
104261,64,1961,17,2,1,2190.0,16500.0,697.0,92996.25,98655.86,16,0,0,0
104262,60,1965,12,1,0,1550.0,18500.0,665.0,5981.3,4829.16,8,1,0,0
104263,47,1978,14,1,1,2140.0,18000.0,577.0,16175.6,15434.57,33,6,0,0
104264,55,1969,0,2,1,2250.0,35500.0,662.0,,6827.07,34,4,0,0
104265,47,1978,3,2,1,2010.0,22500.0,766.0,4501.16,4098.08,20,7,0,0
104266,41,1984,3,4,1,2710.0,30500.0,770.0,11968.82,12524.95,30,22,0,0
104267,55,1970,25,3,1,,35000.0,689.0,109187.52,121350.55,14,2,0,0
104268,71,1953,13,3,1,1020.0,11000.0,613.0,6874.97,6142.55,15,0,0,0
104269,60,1965,23,2,1,1440.0,11500.0,740.0,4483.49,8884.92,3,9,0,0
104270,35,1989,0,1,1,,12500.0,626.0,,989.43,14,14,1,0
104271,60,1965,12,2,0,2310.0,71000.0,672.0,,2150.35,4,0,0,0
104272,35,1989,3,1,1,2540.0,37500.0,850.0,0.0,0.0,11,6,0,0
104273,18,2007,0,1,1,,12000.0,749.0,0.0,1741.58,13,16,0,0
104274,33,1992,5,1,1,1340.0,12000.0,761.0,30578.7,50340.38,8,13,1,0
104275,50,1974,10,1,1,2440.0,21000.0,681.0,6178.48,7332.22,21,13,0,0
104276,25,2000,4,1,1,1550.0,15000.0,671.0,1315.79,1410.36,19,9,0,0
104277,50,1975,10,1,1,2240.0,37500.0,612.0,181608.09,177193.47,19,5,0,0
104278,65,1960,15,2,1,1100.0,21000.0,755.0,15784.17,16635.56,13,4,0,0
104279,46,1979,23,4,1,2160.0,29000.0,656.0,11875.61,11439.52,10,0,0,0
104280,54,1970,8,1,1,2780.0,32500.0,530.0,15030.1,15666.5,8,12,1,0
104281,43,1982,21,1,1,1010.0,14500.0,644.0,4137.99,7795.98,18,4,0,0
104282,18,2006,0,1,1,2380.0,19000.0,599.0,8762.65,10762.23,22,5,0,0
104283,51,1974,29,1,1,1340.0,16000.0,532.0,0.0,353.08,12,0,0,0
104284,36,1989,7,2,0,,19000.0,702.0,41593.66,42037.56,8,4,0,0
104285,51,1974,7,1,1,2510.0,53500.0,605.0,8880.75,8360.71,10,2,0,1
104286,18,2007,0,1,1,1700.0,16500.0,,13167.83,14066.49,13,4,0,0
104287,50,1975,7,2,0,1540.0,22500.0,622.0,11576.87,11749.99,4,0,0,0
104288,55,1970,20,4,1,3080.0,54000.0,709.0,31117.53,32880.98,45,4,0,0
104289,68,1957,6,2,1,1880.0,9000.0,585.0,10779.29,9742.53,3,11,0,0
104290,50,1975,16,1,1,1280.0,12000.0,648.0,37745.19,34731.91,13,4,0,0
104291,27,1997,4,1,0,,6000.0,541.0,1026.11,928.91,6,5,0,1
104292,47,1978,19,4,1,2060.0,30500.0,636.0,,8010.06,15,1,0,0
104293,18,2007,0,2,1,,45000.0,683.0,0.0,0.0,19,8,1,1
104294,18,2007,0,1,1,1260.0,36000.0,,0.0,0.0,22,23,0,0
104295,51,1973,13,1,1,,17000.0,,32293.2,5962.83,17,0,0,1
104296,55,1969,14,3,1,2250.0,20500.0,705.0,0.0,0.0,27,0,0,0
104297,50,1975,3,2,0,1700.0,21000.0,619.0,9978.72,22447.44,4,5,1,0
104298,65,1959,9,2,1,770.0,5000.0,592.0,896.74,959.69,10,12,0,0
104299,59,1965,6,1,0,3180.0,50000.0,651.0,11524.1,13372.52,2,4,0,0
104300,56,1969,13,1,0,2760.0,32000.0,732.0,3895.55,4311.94,5,0,0,1
104301,22,2003,0,1,1,,37500.0,462.0,,2226.7,5,12,0,1
104302,37,1988,11,1,1,1100.0,10500.0,567.0,8655.03,8419.96,4,22,1,0
104303,50,1975,11,1,0,,20000.0,701.0,4479.38,1988.41,0,1,0,1
104304,25,2000,2,1,1,1640.0,20000.0,671.0,1476.16,1665.58,16,13,0,0
104305,29,1996,5,1,1,,25500.0,673.0,2431.19,1185.76,13,2,0,0
104306,24,2001,0,1,1,3160.0,33000.0,673.0,47155.34,49479.25,45,8,0,0
104307,37,1988,1,2,1,1770.0,35500.0,,8818.91,9139.22,25,7,0,0
104308,50,1975,8,1,1,3720.0,42000.0,667.0,32936.3,36410.22,10,14,0,0
104309,65,1960,3,1,0,2270.0,27000.0,611.0,17239.48,15310.98,1,0,1,1
104310,48,1976,21,4,1,,36500.0,677.0,10324.04,10315.3,11,3,0,0
104311,42,1983,8,2,0,1600.0,13500.0,629.0,3734.91,4105.31,3,4,0,0
104312,31,1993,10,1,0,1440.0,23500.0,652.0,9475.5,7869.33,6,4,0,1
104313,67,1958,11,2,1,3690.0,74000.0,850.0,294543.59,324667.97,19,0,1,0
104314,51,1973,9,4,1,1540.0,17500.0,734.0,17317.44,5359.53,34,0,0,0
104315,58,1966,10,1,1,,35500.0,563.0,107723.92,127456.75,14,3,0,0
104316,31,1994,10,1,1,,13500.0,640.0,1985.65,2143.67,3,10,0,0
104317,28,1997,1,1,0,1090.0,20000.0,655.0,4449.61,5095.32,2,5,0,1
104318,51,1973,23,2,0,1820.0,22500.0,760.0,0.0,0.0,9,4,0,0
104319,49,1976,15,2,0,3070.0,20500.0,601.0,96868.91,122891.0,9,1,1,0
104320,65,1959,16,2,1,3330.0,32500.0,711.0,18154.6,15619.01,5,7,0,0
104321,37,1988,2,1,0,,79500.0,716.0,175806.23,147920.24,6,0,0,0
104322,43,1982,13,2,1,2170.0,66500.0,764.0,49980.56,70017.65,31,5,0,0
104323,39,1986,2,1,1,,20500.0,655.0,6477.36,6502.39,19,0,1,0
104324,62,1963,10,3,1,2190.0,22000.0,624.0,,27822.91,12,8,0,0
104325,35,1990,4,1,1,1670.0,39000.0,599.0,1257.58,402.59,15,3,0,0
104326,59,1966,4,1,1,3380.0,79500.0,694.0,,26894.16,15,0,0,1
104327,46,1979,1,2,0,2490.0,21000.0,,5245.99,4937.32,9,1,0,0
104328,55,1970,3,2,1,1070.0,12500.0,592.0,1074.2,1122.23,7,8,0,0
104329,67,1957,14,2,1,1410.0,19500.0,685.0,0.0,0.0,34,0,0,0
104330,54,1971,11,2,1,3660.0,46000.0,623.0,17729.61,21039.98,15,12,0,0
104331,76,1949,17,3,1,1460.0,35000.0,611.0,0.0,0.0,20,0,0,0
104332,52,1973,5,1,0,,11000.0,658.0,1122.51,931.16,3,0,0,1
104333,19,2006,0,2,1,1040.0,11000.0,,,0.0,11,3,0,0
104334,52,1973,7,2,0,1490.0,13500.0,556.0,3310.82,3085.38,4,2,0,0
104335,44,1981,8,1,1,1460.0,29000.0,678.0,7105.33,3567.27,15,3,0,0
104336,34,1991,4,3,1,1250.0,16000.0,597.0,0.0,0.0,20,15,0,0
104337,44,1981,16,2,0,1440.0,15000.0,646.0,0.0,0.0,8,2,1,0
104338,33,1992,3,2,1,1830.0,53500.0,673.0,1984.64,1885.56,14,9,1,0
104339,53,1972,10,1,0,,16000.0,690.0,14533.67,17329.39,4,0,1,1
104340,51,1974,1,1,1,2080.0,33000.0,,0.0,0.0,13,0,0,1
104341,60,1965,16,1,0,3030.0,31500.0,739.0,98922.69,91452.05,9,4,1,0
104342,56,1969,25,3,1,2120.0,25000.0,636.0,0.0,0.0,18,2,0,0
104343,56,1969,1,1,0,1200.0,8500.0,633.0,9870.41,10638.64,9,0,0,0
104344,26,1998,0,1,1,,57000.0,850.0,21312.67,19015.58,11,0,0,1
104345,42,1983,5,2,1,2200.0,37500.0,673.0,7516.26,7554.95,19,21,0,0
104346,18,2007,0,1,0,,20500.0,520.0,0.0,0.0,5,0,0,1
104347,55,1970,3,1,1,,23000.0,567.0,4807.61,4765.31,10,0,0,0
104348,46,1978,0,1,0,2770.0,42500.0,647.0,33705.72,31233.12,9,0,0,0
104349,51,1974,9,1,1,1110.0,9000.0,618.0,731.05,593.8,2,11,0,0
104350,45,1980,1,1,0,,32500.0,578.0,6167.63,6768.67,2,4,0,1
104351,51,1974,11,1,1,2680.0,31500.0,679.0,6964.1,7626.72,25,11,1,0
104352,18,2006,0,1,1,1090.0,20500.0,,1492.57,1579.71,11,11,1,0
104353,51,1974,20,2,1,,14500.0,829.0,25221.86,24340.62,16,20,0,0
104354,73,1951,23,3,1,1250.0,12500.0,664.0,19200.49,18332.26,10,0,0,0
104355,52,1973,10,2,1,2810.0,38000.0,714.0,12713.12,13506.66,15,4,0,0
104356,40,1985,2,1,1,910.0,11000.0,513.0,1067.14,1060.69,9,9,0,1
104357,66,1959,6,3,1,,26000.0,655.0,9160.67,8711.96,12,7,0,0
104358,51,1973,11,1,0,1970.0,27500.0,706.0,23764.25,24766.02,1,1,0,0
104359,52,1973,26,4,1,2230.0,19000.0,850.0,0.0,0.0,18,4,0,0
104360,76,1949,15,1,1,1410.0,9000.0,718.0,28504.74,36617.09,20,0,0,0
104361,53,1971,25,2,0,3540.0,35000.0,795.0,35773.87,34494.14,8,0,0,0
104362,37,1987,3,2,1,1560.0,12500.0,649.0,2584.16,2396.12,23,12,0,0
104363,34,1991,9,1,0,1610.0,39500.0,785.0,9208.6,9759.05,9,5,0,1
104364,63,1962,15,1,1,5000.0,67000.0,739.0,19449.39,19291.2,33,0,0,0
104365,22,2003,2,2,1,3720.0,20500.0,,0.0,0.0,10,3,0,0
104366,39,1986,5,1,0,2050.0,28000.0,577.0,5944.47,6528.94,3,2,0,1
104367,36,1988,3,1,1,,20500.0,658.0,,5099.17,4,17,0,0
104368,61,1964,18,1,0,2570.0,33500.0,739.0,0.0,0.0,7,5,0,0
104369,43,1982,21,3,1,2300.0,29500.0,651.0,0.0,367.33,25,17,0,0
104370,49,1976,4,1,1,5930.0,61000.0,611.0,11355.66,9271.86,14,1,1,0
104371,18,2007,0,1,1,1180.0,8500.0,683.0,0.0,0.0,21,9,0,0
104372,38,1987,11,2,1,2020.0,23000.0,774.0,0.0,0.0,35,13,0,0
104373,46,1979,11,1,0,1650.0,19500.0,560.0,1510.09,1462.66,7,5,0,1
104374,45,1980,18,2,1,1870.0,16000.0,675.0,50954.41,54068.83,26,5,0,0
104375,46,1979,7,2,1,2080.0,18000.0,707.0,6219.58,6852.79,34,2,0,0
104376,55,1970,20,2,1,1550.0,19000.0,605.0,,7371.17,11,0,0,0
104377,50,1974,25,4,1,,30000.0,727.0,33549.2,26301.34,9,7,0,0
104378,66,1959,22,2,1,790.0,12000.0,687.0,2692.88,2702.8,10,0,0,0
104379,38,1987,9,1,1,1710.0,23500.0,710.0,6981.98,7128.88,13,11,0,0
104380,44,1980,19,2,1,3590.0,45000.0,731.0,27869.16,29679.08,4,10,1,0
104381,39,1986,16,1,1,,40000.0,758.0,85399.66,69352.27,4,10,0,1
104382,69,1956,13,1,1,2490.0,25000.0,663.0,26484.78,31227.97,11,0,0,1
104383,65,1960,15,3,0,1520.0,13000.0,763.0,33275.28,39115.77,5,0,0,0
104384,26,1999,2,2,1,,39000.0,,7663.29,9421.1,15,8,0,1
104385,27,1997,5,3,1,2300.0,71000.0,672.0,,6461.19,12,6,0,0
104386,60,1965,5,2,1,1380.0,13500.0,679.0,0.0,0.0,10,7,1,0
104387,61,1963,10,1,0,2120.0,26500.0,776.0,4318.42,3773.06,9,0,0,0
104388,54,1971,16,1,1,,23500.0,722.0,1903.34,1931.72,18,0,0,0
104389,24,2001,4,1,1,1290.0,9500.0,629.0,0.0,0.0,8,13,1,0
104390,37,1988,13,1,1,,27000.0,725.0,53467.03,30464.68,22,6,0,0
104391,36,1989,7,1,1,,16000.0,661.0,0.0,0.0,13,10,0,0
104392,42,1983,7,1,1,2750.0,31500.0,748.0,10026.1,8426.79,13,4,0,0
104393,43,1982,7,3,1,1550.0,11500.0,763.0,621.84,592.41,24,2,0,0
104394,22,2002,2,1,0,,12000.0,482.0,3538.87,4073.44,3,2,1,0
104395,36,1989,0,2,1,2580.0,16000.0,,13050.7,11295.14,20,8,0,1
104396,38,1987,2,1,1,1380.0,16000.0,757.0,1813.97,1420.24,6,10,0,0
104397,18,2006,0,1,1,1480.0,22500.0,,1748.89,1794.01,11,10,0,0
104398,71,1953,15,1,0,2560.0,34000.0,764.0,65078.5,66569.18,7,0,0,0
104399,71,1954,26,1,1,2300.0,25000.0,679.0,115412.79,133338.0,16,0,2,0
104400,33,1991,6,2,1,,62000.0,715.0,50569.79,51920.61,21,4,0,0
104401,38,1987,11,2,1,4250.0,46500.0,629.0,22647.23,25827.87,10,11,0,0
104402,38,1987,10,1,1,,17500.0,618.0,6106.52,14936.78,2,12,0,0
104403,35,1990,7,2,1,1220.0,14000.0,593.0,3877.19,3848.15,8,13,0,0
104404,54,1971,13,2,1,,28000.0,664.0,10612.35,10191.03,21,0,1,0
104405,30,1995,2,1,1,1790.0,21000.0,678.0,166283.22,167476.73,15,6,0,0
104406,60,1965,8,1,1,1880.0,21000.0,622.0,0.0,0.0,12,14,0,0
104407,55,1970,20,1,1,1240.0,15500.0,538.0,,680.08,29,2,0,0
104408,46,1979,3,1,0,1660.0,29500.0,612.0,3679.19,3869.15,3,5,0,0
104409,75,1950,12,3,1,2310.0,22000.0,677.0,15974.53,16857.65,12,0,0,0
104410,59,1966,8,1,0,2430.0,20000.0,765.0,63700.04,64639.71,7,0,0,1
104411,40,1985,5,2,1,1820.0,34000.0,743.0,3621.53,3331.32,14,5,1,0
104412,43,1982,17,2,1,1090.0,9500.0,639.0,0.0,0.0,27,2,0,0
104413,63,1962,9,2,0,2770.0,32000.0,674.0,226093.92,201867.52,6,0,1,1
104414,34,1990,0,1,1,1000.0,15500.0,577.0,6248.32,6839.0,19,5,2,0
104415,30,1995,7,1,1,,23500.0,,35644.01,36282.55,27,10,0,0
104416,58,1966,2,2,0,2720.0,37500.0,780.0,17547.3,18917.5,8,3,0,0
104417,57,1967,10,2,0,870.0,18500.0,591.0,2465.52,3006.61,5,3,0,0
104418,35,1990,9,1,1,1200.0,11500.0,707.0,3786.56,3513.39,29,5,0,0
104419,75,1950,8,2,1,1160.0,10500.0,,65886.07,64123.51,12,0,0,0
104420,40,1985,4,2,0,1140.0,25500.0,633.0,,6465.62,8,0,0,0
104421,62,1963,5,1,1,,81500.0,766.0,26056.88,25313.18,11,4,2,0
104422,53,1972,12,1,1,,15500.0,575.0,17407.17,17167.31,2,9,0,1
104423,34,1991,5,1,1,,28000.0,576.0,0.0,0.0,6,6,0,1
104424,45,1979,10,1,1,3250.0,42000.0,640.0,10281.48,10243.58,18,2,1,0
104425,18,2007,0,1,1,,26000.0,701.0,6312.7,6608.45,28,24,1,0
104426,61,1964,11,1,1,1340.0,15000.0,657.0,1952.24,2061.8,21,10,0,0
104427,47,1978,8,1,0,,32000.0,679.0,3362.73,2593.48,3,0,1,1
104428,61,1963,18,2,1,,55500.0,765.0,78057.86,87086.9,32,0,1,0
104429,34,1991,8,1,1,,24500.0,,0.0,146.83,8,8,1,0
104430,44,1981,3,2,1,5320.0,28500.0,,66023.14,67991.03,25,1,0,1
104431,26,1998,1,1,1,,18000.0,789.0,0.0,0.0,8,9,0,0
104432,35,1989,4,1,0,,29500.0,751.0,4632.81,5304.79,5,3,0,0
104433,58,1967,18,1,1,2970.0,29000.0,847.0,21608.89,24745.35,13,0,0,0
104434,54,1971,15,1,0,1940.0,43000.0,605.0,26688.13,26228.75,6,4,0,0
104435,67,1957,6,1,0,,17500.0,651.0,,24800.09,1,0,1,1
104436,62,1962,19,2,1,1400.0,16500.0,626.0,20579.84,20286.61,9,6,1,0
104437,49,1976,13,2,1,2020.0,26500.0,652.0,2877.74,7004.54,8,14,0,0
104438,18,2007,0,1,1,1740.0,23000.0,,2306.24,3704.55,13,3,0,0
104439,68,1956,11,1,1,1160.0,12000.0,598.0,69973.67,70385.47,17,0,0,0
104440,50,1975,3,2,1,2140.0,39000.0,663.0,,9121.18,12,9,1,0
104441,90,1934,8,1,0,2170.0,50500.0,669.0,356105.12,401738.09,6,0,0,0
104442,75,1950,25,2,1,1680.0,26000.0,683.0,0.0,218.66,19,0,0,0
104443,56,1969,24,2,1,,71000.0,847.0,300578.59,309666.77,28,2,0,0
104444,50,1975,26,2,0,,8500.0,753.0,13520.17,2766.17,0,0,1,1
104445,42,1982,11,2,1,1520.0,28000.0,521.0,18327.76,14744.48,26,11,0,0
104446,30,1995,8,1,1,1240.0,16000.0,604.0,7421.88,7888.34,15,0,0,0
104447,37,1987,3,1,1,,48000.0,626.0,7458.18,7971.03,18,1,0,1
104448,46,1978,23,1,0,,41500.0,736.0,,6910.1,9,0,0,1
104449,30,1995,3,2,1,,24500.0,705.0,3478.32,2705.91,37,5,0,0
104450,42,1982,15,1,1,2520.0,19000.0,713.0,49264.1,42769.01,14,0,0,0
104451,63,1962,29,3,1,,44000.0,761.0,22000.61,21204.66,40,4,0,0
104452,31,1993,1,1,1,,16500.0,441.0,428.74,82.62,1,6,0,1
104453,43,1982,12,2,1,2310.0,28500.0,734.0,4635.15,4136.53,12,3,0,0
104454,42,1983,6,2,1,,21000.0,569.0,44379.68,44376.44,49,7,1,0
104455,48,1977,7,1,1,1990.0,14000.0,603.0,3693.67,3217.28,15,9,0,0
104456,32,1992,2,2,1,1580.0,22500.0,638.0,666.39,912.86,18,0,0,0
104457,40,1984,2,2,1,2530.0,24000.0,647.0,28539.94,19749.34,25,0,0,1
104458,18,2007,0,2,1,,14500.0,,2861.3,2972.61,44,6,0,0
104459,44,1981,21,3,1,1690.0,19000.0,566.0,3675.33,998.12,6,7,0,0
104460,56,1969,28,2,1,2740.0,26500.0,748.0,117638.8,31213.23,14,10,0,0
104461,56,1969,3,1,1,1860.0,16000.0,601.0,1066.44,118.57,8,7,1,0
104462,63,1962,29,1,1,2350.0,39000.0,569.0,123991.7,112341.86,20,0,0,0
104463,31,1994,1,1,1,1390.0,17000.0,659.0,4344.83,5755.13,25,11,0,0
104464,51,1974,9,4,1,,28500.0,725.0,0.0,0.0,26,4,1,1
104465,48,1976,8,1,1,3330.0,36500.0,821.0,75294.67,24734.21,11,0,0,1
104466,43,1982,10,1,0,3370.0,61500.0,802.0,8733.23,8925.05,7,0,1,0
104467,51,1973,33,4,1,2970.0,20500.0,783.0,67277.28,69776.44,37,7,0,0
104468,47,1978,27,4,1,1540.0,15500.0,581.0,7040.55,6226.14,41,6,1,0
104469,33,1992,2,1,1,,12000.0,568.0,3005.08,3297.7,24,4,0,0
104470,71,1953,15,1,1,1440.0,22500.0,692.0,41767.97,9073.86,13,6,0,1
104471,71,1954,1,3,0,1500.0,20000.0,,16233.57,11870.2,3,0,2,1
104472,28,1997,9,1,1,2510.0,32000.0,825.0,55298.27,47824.82,38,8,0,0
104473,55,1970,30,1,1,1880.0,12000.0,784.0,43510.84,41425.56,21,13,0,0
104474,37,1987,6,1,1,2800.0,49500.0,669.0,282530.35,269071.51,10,10,0,0
104475,59,1966,0,2,0,2690.0,17000.0,696.0,16068.35,14241.95,9,0,1,0
104476,35,1989,1,1,1,2980.0,26000.0,664.0,2627.5,3410.71,29,4,0,0
104477,29,1996,2,1,1,,9000.0,683.0,11806.61,12285.36,14,3,0,1
104478,54,1970,2,2,0,2360.0,40500.0,683.0,9802.6,9285.86,1,0,0,1
104479,39,1986,3,1,0,1220.0,16000.0,645.0,2064.43,2044.38,3,3,0,0
104480,50,1975,23,1,1,,10500.0,543.0,,59031.69,23,1,0,0
104481,40,1984,3,2,1,1200.0,10500.0,606.0,662.8,706.56,12,5,0,0
104482,30,1994,3,2,1,1700.0,19500.0,673.0,3081.76,3257.06,24,0,0,0
104483,18,2006,0,1,1,1080.0,24000.0,533.0,1146.76,963.52,52,8,0,0
104484,61,1964,12,1,1,1590.0,32000.0,567.0,53393.75,48134.97,26,6,1,0
104485,51,1974,21,2,0,2370.0,37000.0,643.0,0.0,0.0,3,3,0,1
104486,18,2006,0,1,1,2410.0,47500.0,660.0,0.0,462.38,15,8,0,0
104487,30,1995,11,2,1,,27500.0,555.0,,7891.63,40,1,0,0
104488,43,1982,2,2,1,1600.0,17000.0,621.0,2491.09,2295.09,18,3,0,0
104489,66,1959,20,2,1,,38500.0,781.0,115973.43,65905.24,15,4,1,1
104490,57,1968,2,2,1,1730.0,9000.0,716.0,0.0,0.0,10,2,0,0
104491,58,1966,20,1,0,1800.0,16500.0,710.0,69295.86,90067.62,3,0,0,1
104492,52,1973,4,1,0,2750.0,22000.0,832.0,0.0,0.0,5,3,0,1
104493,46,1979,5,1,0,970.0,9500.0,640.0,0.0,0.0,2,0,1,0
104494,48,1977,5,3,1,,17000.0,,9177.18,8528.3,14,3,0,1
104495,53,1971,15,4,1,2630.0,14500.0,701.0,17025.72,13578.17,20,11,0,0
104496,37,1988,2,1,1,780.0,31500.0,590.0,,951.79,10,4,0,0
104497,18,2007,0,1,1,,19500.0,,1512.36,1680.54,4,20,0,0
104498,52,1972,1,1,1,2850.0,35500.0,701.0,7369.52,7717.48,18,10,1,0
104499,43,1982,1,1,1,,24000.0,510.0,5648.92,4979.53,22,8,1,0
104500,24,2001,1,2,1,3140.0,36000.0,624.0,5899.76,7672.32,28,3,0,0
104501,43,1982,4,1,1,1020.0,13000.0,693.0,0.0,0.0,19,0,0,0
104502,63,1961,28,3,1,3070.0,19500.0,683.0,126868.8,136022.45,13,2,0,0
104503,33,1992,10,1,0,810.0,11500.0,630.0,999.45,1027.23,9,5,0,0
104504,41,1983,1,1,0,3670.0,64500.0,641.0,13643.37,3482.37,5,3,0,1
104505,39,1985,8,1,1,1220.0,14500.0,716.0,11018.13,10510.39,13,16,0,0
104506,33,1991,8,2,1,,48500.0,616.0,39736.72,9795.13,15,3,0,1
104507,36,1989,3,1,0,1160.0,9000.0,725.0,6640.7,7601.21,9,3,0,0
104508,43,1982,5,1,0,2660.0,21000.0,734.0,49192.3,42410.69,3,3,0,1
104509,59,1966,22,1,1,,23000.0,,68744.35,62766.04,10,0,0,1
104510,48,1976,17,2,1,3610.0,35500.0,836.0,0.0,0.0,16,3,1,1
104511,59,1966,22,2,1,3720.0,47500.0,634.0,45480.39,53416.2,23,0,1,0
104512,43,1982,16,2,1,1780.0,23000.0,606.0,4981.81,4864.67,5,14,1,0
104513,47,1978,3,1,1,,17500.0,600.0,4113.24,3873.49,21,16,0,0
104514,22,2003,2,2,1,,13500.0,592.0,1734.74,1793.27,16,22,0,0
104515,52,1973,18,1,1,2040.0,18000.0,605.0,17159.66,20874.16,24,0,0,0
104516,59,1966,14,1,0,1010.0,10500.0,583.0,,4335.3,3,2,0,0
104517,47,1977,2,1,1,,25500.0,704.0,29317.46,30469.05,12,17,0,0
104518,61,1964,18,1,1,3470.0,49500.0,717.0,156123.41,143858.55,11,3,0,1
104519,64,1961,27,2,1,2380.0,40000.0,656.0,113414.91,127667.75,27,0,0,0
104520,48,1977,1,1,0,2210.0,16500.0,627.0,0.0,1970.69,5,5,0,1
104521,53,1972,18,2,1,,57000.0,798.0,15373.43,16474.14,20,0,0,1
104522,75,1950,26,3,1,2010.0,19500.0,666.0,101583.27,90994.71,15,0,0,0
104523,35,1990,2,2,1,1320.0,12000.0,676.0,11944.48,7441.41,15,0,1,1
104524,52,1973,17,3,1,3430.0,41000.0,691.0,0.0,0.0,23,10,0,0
104525,73,1951,2,1,1,1620.0,31500.0,583.0,,3577.81,9,12,0,0
104526,37,1988,4,2,1,1790.0,20500.0,719.0,19170.72,18526.96,23,2,1,0
104527,74,1951,15,1,1,3180.0,44500.0,797.0,208848.36,278358.48,19,0,0,0
104528,48,1977,4,2,1,3320.0,32000.0,744.0,64935.09,72546.09,11,9,0,0
104529,37,1988,7,3,1,1350.0,17500.0,472.0,753.7,644.69,17,4,0,0
104530,55,1969,18,3,1,990.0,12000.0,636.0,19921.68,17340.43,18,0,0,0
104531,59,1966,6,1,1,3640.0,32500.0,850.0,117254.3,125799.35,31,7,0,0
104532,40,1985,14,2,1,1350.0,26500.0,625.0,0.0,0.0,12,2,0,0
104533,50,1975,0,2,1,2080.0,29000.0,756.0,13087.24,10456.27,16,7,0,1
104534,42,1983,4,1,1,1950.0,31000.0,,44476.14,42626.84,6,9,0,0
104535,39,1986,7,1,0,3430.0,24000.0,722.0,26534.59,28848.7,3,4,0,0
104536,53,1972,27,1,1,2210.0,26500.0,820.0,24153.89,27790.26,31,6,0,0
104537,61,1963,1,1,1,1070.0,6000.0,621.0,1818.08,1886.18,25,0,0,0
104538,35,1990,6,3,1,2430.0,40500.0,,0.0,0.0,26,4,0,0
104539,45,1980,14,1,1,3190.0,53500.0,660.0,18433.93,18332.03,3,8,0,0
104540,77,1947,1,2,0,1040.0,15000.0,553.0,1922.58,1895.61,0,3,0,0
104541,56,1969,25,1,0,,8500.0,707.0,36752.36,35453.57,3,1,0,1
104542,25,2000,5,3,1,2090.0,27500.0,558.0,4779.58,4664.77,57,14,1,0
104543,58,1967,4,2,1,1900.0,22000.0,703.0,10662.89,4389.75,21,1,0,0
104544,30,1995,1,2,0,,6000.0,603.0,691.5,873.5,5,3,0,0
104545,24,2001,0,1,1,2630.0,24500.0,724.0,0.0,0.0,60,19,0,0
104546,46,1979,15,1,0,2120.0,20000.0,680.0,59417.14,78793.3,7,4,0,0
104547,67,1958,1,1,0,2230.0,38500.0,688.0,5717.25,6685.32,4,1,1,0
104548,61,1963,21,1,1,2290.0,17500.0,806.0,7432.99,2300.8,11,0,0,0
104549,68,1957,3,1,0,1170.0,12500.0,768.0,95348.99,97193.59,9,0,0,0
104550,59,1966,28,1,0,,25500.0,548.0,39546.55,39027.9,6,0,0,0
104551,42,1983,9,1,0,1930.0,29000.0,589.0,4269.53,3944.09,8,4,1,1
104552,55,1970,19,4,1,,79500.0,826.0,712423.21,479682.74,12,4,0,1
104553,73,1952,1,1,0,,13000.0,594.0,9367.5,8683.13,7,5,0,0
104554,77,1948,24,1,1,1980.0,25000.0,673.0,9513.47,9247.2,20,0,0,0
104555,24,2001,2,1,1,1200.0,11500.0,690.0,5493.21,5247.24,11,0,0,0
104556,52,1973,14,2,1,2190.0,20000.0,701.0,24271.27,4341.21,7,10,0,0
104557,37,1988,1,1,1,1630.0,23000.0,503.0,323.25,185.61,14,4,1,0
104558,61,1964,20,3,1,1960.0,23000.0,772.0,11224.85,11639.65,8,9,0,0
104559,57,1968,12,2,1,1970.0,28500.0,586.0,3474.55,2694.12,16,13,0,0
104560,47,1978,15,2,1,2260.0,15500.0,613.0,11521.71,3942.26,3,10,0,1
104561,37,1987,9,1,1,1460.0,27000.0,727.0,889.45,666.02,1,10,0,1
104562,53,1971,4,3,0,,27500.0,,8563.51,9698.5,4,0,0,0
104563,46,1979,19,1,1,2610.0,21500.0,668.0,30945.96,29849.65,11,4,2,0
104564,49,1976,3,1,1,2180.0,18500.0,631.0,0.0,0.0,16,18,0,0
104565,45,1980,4,1,0,2370.0,33000.0,581.0,3705.85,3737.59,8,3,0,1
104566,52,1972,26,2,1,1250.0,23000.0,553.0,2239.11,1938.48,18,2,0,0
104567,47,1978,5,1,0,,32500.0,701.0,12545.94,5164.63,3,2,0,1
104568,59,1966,19,2,1,1320.0,10500.0,564.0,3482.02,3350.29,20,0,0,0
104569,18,2007,0,1,0,1070.0,15500.0,,2507.77,2443.07,8,1,0,0
104570,43,1982,14,2,1,,32500.0,744.0,,74686.26,43,4,1,0
104571,40,1985,9,1,0,4030.0,40000.0,753.0,8899.7,9806.61,6,0,0,0
104572,52,1973,1,1,1,2230.0,22000.0,728.0,4273.3,4398.46,21,7,0,0
104573,60,1964,16,2,1,3600.0,37500.0,766.0,8396.9,7200.14,8,24,1,0
104574,50,1974,12,2,0,1010.0,12000.0,617.0,2754.57,3167.91,9,5,0,0
104575,48,1977,1,1,1,,30500.0,524.0,3324.18,2288.08,12,3,0,1
104576,40,1985,3,1,0,,19000.0,624.0,1475.77,1477.64,5,3,0,0
104577,58,1967,7,1,1,3830.0,101500.0,777.0,,7994.01,36,0,0,0
104578,74,1950,10,1,1,1190.0,16000.0,554.0,15479.95,14276.86,16,0,0,0
104579,53,1972,7,4,1,3950.0,27500.0,651.0,56720.44,48749.19,45,2,0,0
104580,50,1974,1,1,0,1780.0,12000.0,696.0,21272.56,16989.05,3,0,0,0
104581,53,1971,16,2,1,1520.0,23000.0,628.0,8904.14,8791.79,14,0,0,0
104582,39,1986,4,1,1,1720.0,17500.0,,3125.08,3481.94,19,20,0,0
104583,35,1990,3,2,1,2170.0,22000.0,742.0,20615.41,26184.34,23,11,0,0
104584,35,1989,2,1,1,,14500.0,642.0,10536.88,10579.85,29,19,0,0
104585,50,1975,17,3,1,,17000.0,683.0,0.0,164.63,16,1,0,1
104586,58,1966,26,2,1,5160.0,60500.0,695.0,24234.2,26479.71,19,0,0,0
104587,51,1973,13,3,1,,47500.0,628.0,0.0,0.0,26,0,0,1
104588,42,1983,3,1,1,,30500.0,731.0,6337.04,6184.61,3,20,1,0
104589,56,1969,24,3,1,1680.0,26500.0,557.0,99154.11,97787.08,31,3,0,0
104590,42,1983,2,1,0,1450.0,20000.0,599.0,9092.88,8839.25,4,0,1,0
104591,52,1973,26,1,1,1770.0,25500.0,693.0,5815.93,2229.25,13,4,0,0
104592,39,1986,11,1,1,,11000.0,535.0,3869.82,3743.51,18,0,0,0
104593,52,1972,10,1,1,3450.0,36000.0,742.0,133219.02,359459.44,25,9,0,0
104594,33,1991,6,1,1,1620.0,15000.0,578.0,44501.95,18403.99,19,3,0,0
104595,23,2002,3,2,1,,30000.0,598.0,0.0,0.0,28,5,0,0
104596,54,1970,13,2,0,1200.0,7000.0,768.0,2592.95,2583.1,7,2,0,0
104597,68,1957,4,1,1,2360.0,42000.0,706.0,29965.88,27867.39,16,5,0,0
104598,40,1984,13,2,1,,92000.0,762.0,0.0,1373.89,35,17,0,0
104599,18,2007,0,1,1,3750.0,64000.0,,0.0,0.0,26,19,0,0
104600,63,1962,12,3,1,1550.0,17500.0,670.0,0.0,0.0,24,9,1,0
104601,49,1976,25,3,1,3510.0,42000.0,790.0,,83600.48,18,4,0,0
104602,81,1944,0,1,1,1300.0,11500.0,614.0,3177.39,2676.79,13,0,0,0
104603,68,1957,0,2,1,990.0,8500.0,662.0,7108.69,7311.44,16,2,0,0
104604,39,1986,10,2,1,3580.0,26500.0,713.0,0.0,0.0,28,0,0,0
104605,46,1978,14,2,1,3000.0,27000.0,711.0,6134.22,1185.83,7,7,0,0
104606,54,1970,29,3,0,3120.0,23500.0,714.0,42787.69,37350.29,7,1,0,0
104607,38,1987,0,3,1,1920.0,19500.0,588.0,919.11,1821.8,17,19,0,0
104608,70,1955,29,1,1,3250.0,49000.0,850.0,99601.56,113280.65,29,0,0,0
104609,57,1968,21,2,1,2520.0,52000.0,717.0,,27664.49,27,7,0,0
104610,35,1989,4,1,1,1750.0,17000.0,593.0,4216.86,926.12,9,11,0,0
104611,67,1958,9,2,1,1400.0,25000.0,734.0,46951.3,43491.71,4,19,0,0
104612,28,1997,5,1,1,3030.0,46500.0,814.0,6561.16,6538.35,21,2,0,0
104613,56,1969,9,1,1,2000.0,29500.0,570.0,3174.92,3584.1,13,3,0,0
104614,28,1997,4,1,1,2880.0,32500.0,,6527.89,6446.91,31,5,0,0
104615,62,1963,10,3,0,,31500.0,650.0,7752.22,8348.68,8,0,0,0
104616,35,1989,5,1,1,,81000.0,669.0,7364.27,8912.75,9,6,0,0
104617,39,1985,6,1,0,,22000.0,688.0,0.0,0.0,8,4,1,0
104618,51,1974,22,2,1,2220.0,18500.0,771.0,68860.09,76450.85,20,2,0,0
104619,52,1973,19,3,1,3680.0,37000.0,599.0,31967.35,30106.63,20,15,0,0
104620,52,1973,1,1,0,1610.0,36500.0,659.0,,3886.83,7,0,0,1
104621,49,1976,18,3,1,,37500.0,781.0,0.0,0.0,24,6,0,0
104622,32,1993,4,1,0,1290.0,22000.0,587.0,1119.57,946.04,7,2,0,0
104623,43,1982,0,2,0,1500.0,15000.0,503.0,20394.21,11516.73,6,0,0,0
104624,47,1978,9,2,1,2250.0,40000.0,770.0,5294.57,1356.26,23,11,0,0
104625,51,1974,7,2,1,3390.0,33500.0,560.0,4782.26,4639.94,9,8,0,0
104626,38,1987,13,1,1,,23000.0,519.0,,5268.43,20,1,0,1
104627,58,1967,12,1,0,1570.0,25500.0,546.0,0.0,202.84,3,4,0,0
104628,40,1985,1,1,0,3780.0,62000.0,604.0,4233.84,4653.2,9,1,0,0
104629,37,1988,5,1,0,1830.0,16500.0,761.0,8424.47,7511.06,5,2,1,0
104630,32,1992,14,1,1,1560.0,17000.0,537.0,16378.3,15971.58,28,5,0,0
104631,32,1992,1,1,0,990.0,10000.0,689.0,1074.35,1080.17,3,3,0,0
104632,31,1994,2,1,1,2580.0,69500.0,659.0,12360.99,13432.02,31,7,0,0
104633,36,1989,1,1,1,2090.0,26500.0,696.0,8393.57,8837.77,28,4,0,0
104634,68,1957,18,1,1,1720.0,15000.0,736.0,37438.89,34378.22,8,6,0,0
104635,47,1978,10,1,0,3140.0,40500.0,643.0,9632.61,10273.36,9,3,0,0
104636,73,1951,28,2,1,2600.0,33500.0,670.0,130084.16,118487.99,16,7,0,0
104637,20,2005,0,2,1,1260.0,16500.0,,4796.56,4728.71,42,20,1,0
104638,58,1967,9,1,1,1590.0,17500.0,732.0,29120.02,29454.98,12,6,0,0
104639,56,1969,6,4,1,3310.0,49500.0,585.0,272417.44,292124.43,24,0,0,0
104640,21,2004,0,1,1,1260.0,12000.0,,1531.44,1628.47,18,4,0,0
104641,49,1976,25,2,1,2700.0,37000.0,694.0,14049.49,8889.37,13,0,0,1
104642,49,1976,0,1,1,2130.0,21000.0,569.0,18878.6,19653.97,1,10,2,1
104643,52,1973,6,2,1,2190.0,18500.0,630.0,37286.04,33532.92,47,12,0,0
104644,37,1988,6,2,1,1160.0,14000.0,626.0,2282.02,2278.66,10,7,1,1
104645,53,1972,9,1,1,1710.0,23000.0,662.0,1611.8,1084.45,3,7,0,1
104646,62,1963,9,1,1,1510.0,12000.0,607.0,4234.38,4372.98,11,1,0,1
104647,31,1993,3,2,1,,26000.0,653.0,1318.43,1264.89,14,3,0,1
104648,40,1984,13,2,1,3000.0,20500.0,769.0,126719.28,108298.11,23,7,0,0
104649,55,1970,7,1,0,,29000.0,641.0,67970.31,19144.66,8,0,0,1
104650,32,1992,6,1,1,3060.0,33500.0,676.0,229334.4,234534.15,30,10,0,0
104651,59,1966,1,1,1,,24500.0,622.0,10008.62,10894.3,20,1,0,0
104652,46,1978,9,1,1,2560.0,32500.0,619.0,132115.48,136473.42,7,6,0,0
104653,60,1965,16,2,1,2410.0,29500.0,638.0,13725.28,12180.51,25,0,0,0
104654,18,2006,0,1,1,1760.0,16000.0,650.0,0.0,0.0,17,4,0,0
104655,61,1964,18,2,1,920.0,12500.0,,0.0,0.0,16,0,0,0
104656,54,1971,2,2,1,2270.0,31500.0,593.0,10434.95,10260.06,17,0,0,0
104657,56,1969,20,2,1,3360.0,48500.0,800.0,103535.02,107616.99,37,0,0,0
104658,36,1989,13,1,1,,8000.0,771.0,0.0,0.0,11,6,0,1
104659,71,1954,19,1,0,1360.0,26500.0,639.0,16497.23,15482.9,0,2,0,0
104660,35,1990,7,1,1,2410.0,29500.0,636.0,9128.36,10244.1,13,6,0,0
104661,60,1965,14,2,1,,56500.0,759.0,101721.11,102277.5,11,0,1,0
104662,45,1980,9,1,1,,30000.0,696.0,20399.15,21951.65,37,0,0,0
104663,18,2007,0,1,1,2220.0,28000.0,,7950.98,8113.76,19,0,0,0
104664,56,1969,5,3,1,2090.0,28500.0,661.0,22726.77,27508.21,7,6,0,0
104665,47,1978,8,1,1,,22000.0,718.0,8488.13,6961.95,9,10,0,1
104666,35,1990,11,1,1,2210.0,20000.0,680.0,9966.9,4321.07,29,2,0,1
104667,44,1981,1,1,1,1400.0,26000.0,583.0,7698.97,19423.34,48,2,0,0
104668,87,1938,0,1,0,3600.0,44500.0,607.0,26874.86,23739.91,4,0,0,0
104669,36,1988,8,1,1,,19000.0,787.0,7741.13,7470.73,8,13,0,0
104670,61,1964,10,2,1,1080.0,7500.0,701.0,5728.62,6488.49,11,14,0,0
104671,44,1981,8,3,1,,17000.0,598.0,0.0,0.0,30,0,0,0
104672,49,1976,17,2,0,,21500.0,637.0,25829.89,60395.1,8,0,1,0
104673,60,1965,20,3,0,1960.0,25500.0,677.0,0.0,426.24,1,0,0,1
104674,60,1965,28,1,1,,68500.0,662.0,,79217.13,15,3,1,0
104675,52,1973,4,1,1,2200.0,20000.0,681.0,11661.8,12428.91,3,7,0,0
104676,31,1994,4,1,0,2120.0,19000.0,679.0,13572.56,11850.51,7,2,0,0
104677,50,1975,2,2,1,4930.0,34500.0,690.0,0.0,0.0,13,0,0,0
104678,49,1976,22,1,0,2550.0,23500.0,791.0,32482.5,26722.95,9,5,0,0
104679,37,1988,1,1,1,3010.0,36000.0,713.0,23895.44,23492.11,19,0,0,0
104680,30,1995,2,1,1,1400.0,18500.0,619.0,9672.15,11150.79,11,7,0,0
104681,64,1960,20,3,1,2410.0,34500.0,663.0,98805.9,76801.64,25,8,0,0
104682,29,1996,0,1,1,1050.0,8500.0,611.0,1937.66,2091.64,6,9,0,0
104683,56,1969,6,1,1,3060.0,28000.0,624.0,9586.21,9223.04,10,0,0,0
104684,35,1989,12,1,1,2570.0,32500.0,791.0,0.0,0.0,27,7,0,0
104685,56,1969,5,1,1,1790.0,16000.0,623.0,3699.85,4182.3,11,9,1,0
104686,18,2007,0,1,0,850.0,18500.0,,,0.0,4,1,1,0
104687,59,1966,16,3,1,930.0,9000.0,535.0,16209.73,17103.43,20,5,0,1
104688,41,1984,9,1,1,3610.0,41000.0,621.0,4521.4,4293.32,8,14,0,0
104689,32,1993,4,3,1,1560.0,14500.0,642.0,0.0,0.0,11,5,1,0
104690,76,1948,24,3,0,1700.0,40000.0,669.0,35860.41,38104.29,7,0,1,0
104691,46,1978,9,1,1,2980.0,27500.0,702.0,134743.89,128097.59,12,11,0,0
104692,49,1976,23,1,1,1380.0,14000.0,577.0,7660.22,7834.04,9,9,0,0
104693,49,1976,15,2,1,2910.0,47500.0,670.0,45623.68,49932.9,33,3,0,0
104694,58,1967,1,1,0,2450.0,39500.0,752.0,22591.77,25145.21,8,4,0,0
104695,38,1987,12,1,0,2410.0,32500.0,667.0,3648.66,3884.23,8,0,1,0
104696,70,1955,12,2,1,1470.0,26000.0,482.0,,13137.98,4,7,0,0
104697,34,1990,0,1,1,,35500.0,640.0,0.0,0.0,7,9,0,0
104698,38,1987,2,1,0,1350.0,17000.0,691.0,2256.58,1980.15,6,1,0,0
104699,49,1976,1,1,1,1750.0,23500.0,,2422.28,2917.16,13,4,0,0
104700,78,1947,0,1,0,3380.0,46000.0,668.0,176829.18,170950.94,2,0,0,0
104701,39,1986,6,1,1,1750.0,31500.0,542.0,,1526.41,20,1,0,1
104702,52,1972,24,3,1,1800.0,45500.0,725.0,26650.16,30879.38,20,6,0,0
104703,40,1985,13,1,1,2300.0,27500.0,783.0,27485.79,28971.88,12,8,1,0
104704,35,1990,1,1,0,910.0,9000.0,430.0,1723.15,1448.02,6,0,0,1
104705,51,1974,16,2,1,5300.0,59000.0,652.0,216115.86,259807.61,25,0,0,1
104706,68,1957,30,2,1,2590.0,51500.0,683.0,51280.59,46331.15,12,0,0,0
104707,27,1998,3,1,1,2300.0,32500.0,718.0,11720.43,15651.34,12,0,0,0
104708,50,1974,15,2,1,1270.0,14000.0,733.0,7926.95,7448.37,27,3,0,0
104709,54,1971,17,1,0,2410.0,32000.0,529.0,5087.9,5367.89,9,5,0,0
104710,43,1982,9,1,1,,16000.0,615.0,5792.43,5884.66,12,10,0,0
104711,42,1983,6,1,1,2200.0,37500.0,765.0,9554.89,7820.04,16,2,1,0
104712,34,1991,5,2,1,2690.0,31000.0,672.0,0.0,0.0,21,3,1,0
104713,40,1985,11,1,0,1510.0,31500.0,563.0,7220.47,10277.04,3,3,0,0
104714,37,1988,11,2,1,1170.0,9000.0,700.0,1566.1,1664.46,4,8,1,0
104715,60,1965,13,1,0,4470.0,44500.0,670.0,132535.31,132357.14,9,0,1,0
104716,37,1988,2,1,1,,22000.0,711.0,11697.53,12232.22,20,0,0,1
104717,51,1974,6,1,0,2520.0,35500.0,726.0,52471.8,5364.82,3,0,1,1
104718,65,1960,12,1,0,1690.0,23000.0,608.0,6732.83,6863.34,4,2,0,0
104719,31,1993,4,2,1,2090.0,14000.0,610.0,4810.97,4740.68,15,19,0,0
104720,33,1992,0,1,1,2430.0,33000.0,623.0,0.0,0.0,13,7,0,0
104721,47,1978,7,3,0,1750.0,14000.0,,15037.41,15895.63,5,0,0,0
104722,38,1986,9,1,1,1660.0,16000.0,634.0,0.0,0.0,12,6,1,0
104723,61,1964,3,1,1,960.0,19000.0,608.0,743.56,147.19,10,8,0,0
104724,58,1967,18,3,1,,33500.0,708.0,241007.82,268809.37,13,9,0,0
104725,51,1974,15,2,1,2590.0,30000.0,761.0,4243.73,2290.92,10,5,0,0
104726,64,1960,11,2,0,2180.0,13500.0,806.0,128047.4,105429.78,6,0,0,0
104727,42,1983,10,1,0,2120.0,17500.0,512.0,0.0,0.0,5,2,0,0
104728,48,1977,7,2,0,3980.0,76000.0,608.0,0.0,707.79,9,0,0,1
104729,64,1961,11,1,1,1900.0,33000.0,611.0,53806.24,49859.09,16,0,0,0
104730,83,1942,5,1,1,2210.0,37000.0,609.0,,0.0,12,0,0,0
104731,40,1985,2,1,1,2080.0,25500.0,607.0,1582.64,1626.52,6,9,0,0
104732,42,1983,4,1,1,1690.0,18000.0,717.0,8224.5,9015.82,34,6,1,0
104733,70,1954,2,2,1,1860.0,29500.0,616.0,,0.0,11,4,0,1
104734,48,1977,5,2,1,2820.0,27500.0,689.0,3670.36,3423.35,31,11,0,0
104735,25,2000,5,1,1,850.0,10500.0,574.0,1329.23,1535.98,7,20,0,0
104736,53,1971,24,4,1,2340.0,40500.0,704.0,11097.61,12022.51,23,0,0,0
104737,47,1978,4,1,1,,22000.0,580.0,4985.26,5653.93,9,15,0,0
104738,49,1976,4,1,1,2230.0,23000.0,816.0,17616.01,23846.4,9,14,0,0
104739,61,1964,5,2,0,,18000.0,,20942.22,22843.38,3,0,0,0
104740,39,1986,10,1,1,1440.0,13500.0,686.0,22890.59,20786.66,22,3,0,1
104741,38,1987,2,1,1,,12000.0,631.0,22896.23,23228.74,17,6,0,0
104742,36,1988,2,1,1,1680.0,26000.0,736.0,,0.0,14,1,1,1
104743,65,1959,4,2,1,1670.0,63000.0,661.0,25664.51,32058.39,14,12,1,0
104744,51,1973,10,1,1,2390.0,24000.0,675.0,30280.79,27401.41,9,11,0,0
104745,18,2007,0,1,1,1570.0,21000.0,,,3432.47,27,10,1,0
104746,61,1964,14,2,1,1710.0,20500.0,760.0,49350.37,58373.51,12,4,0,0
104747,53,1972,5,2,1,1730.0,13000.0,634.0,11390.19,13054.02,16,10,0,0
104748,18,2007,0,1,1,1060.0,12000.0,662.0,15389.45,14185.04,13,1,0,0
104749,71,1954,16,3,1,1630.0,33000.0,670.0,19277.88,19770.31,23,0,0,0
104750,75,1950,15,2,0,1880.0,38000.0,730.0,,19051.21,6,0,0,0
104751,48,1977,7,1,1,2130.0,29000.0,534.0,1166.31,1084.95,10,11,0,0
104752,56,1968,20,4,1,1900.0,29000.0,563.0,2364.16,2166.0,17,6,0,0
104753,41,1984,16,4,1,,35000.0,691.0,4441.29,4158.78,12,16,0,0
104754,39,1986,17,3,1,1800.0,39000.0,699.0,9248.21,7980.22,12,5,0,0
104755,64,1960,22,1,1,2040.0,23000.0,686.0,0.0,0.0,11,3,0,0
104756,40,1985,7,2,1,1960.0,15000.0,556.0,5865.84,5929.2,10,10,0,0
104757,40,1985,14,4,1,1830.0,54500.0,652.0,24210.79,25810.9,46,12,0,0
104758,54,1971,17,1,1,2890.0,56500.0,,16252.35,21024.51,14,7,0,0
104759,25,2000,1,1,1,1460.0,8000.0,796.0,8857.28,8433.28,13,10,0,0
104760,40,1984,10,2,1,3150.0,65500.0,707.0,11028.73,13876.73,12,7,0,0
104761,58,1966,11,2,0,1980.0,19000.0,742.0,14842.82,19046.3,3,0,0,0
104762,19,2006,1,1,1,,5000.0,580.0,,0.0,17,13,0,0
104763,44,1981,15,1,1,1100.0,13500.0,668.0,0.0,0.0,6,16,0,0
104764,40,1985,9,1,1,,22000.0,610.0,6129.59,5608.75,19,11,0,1
104765,34,1991,9,1,1,1420.0,18000.0,596.0,0.0,0.0,27,2,0,0
104766,27,1998,1,1,1,,10000.0,629.0,2755.02,2796.39,7,14,0,0
104767,32,1993,11,1,1,2650.0,30000.0,608.0,24497.67,24697.28,43,0,1,0
104768,35,1990,2,2,1,1690.0,23000.0,498.0,9409.05,943.43,19,2,0,1
104769,33,1992,9,2,1,1790.0,21500.0,557.0,8643.14,7914.96,12,3,1,0
104770,42,1983,12,2,1,1880.0,28000.0,662.0,1640.37,1475.44,1,6,1,1
104771,40,1984,9,2,1,2680.0,27500.0,700.0,81254.48,75200.96,36,0,0,0
104772,30,1994,8,2,1,,39000.0,732.0,15896.47,14489.68,14,7,1,0
104773,51,1973,17,3,1,4540.0,88500.0,785.0,129873.0,133825.35,30,3,0,0
104774,50,1975,14,2,1,,26500.0,752.0,40713.05,45553.17,26,3,0,0
104775,25,2000,1,1,0,1160.0,9500.0,485.0,298.3,291.65,4,3,0,0
104776,61,1964,23,2,1,2620.0,15500.0,842.0,502138.02,572627.19,17,0,0,0
104777,43,1981,7,2,1,1740.0,20500.0,611.0,5854.12,6102.37,18,5,1,0
104778,54,1970,15,2,1,2150.0,32000.0,795.0,30722.22,26101.03,15,15,0,0
104779,35,1990,4,1,1,3930.0,52500.0,713.0,10384.97,8370.07,37,15,0,0
104780,30,1995,3,1,0,1330.0,19500.0,637.0,4371.84,4073.26,8,0,0,0
104781,46,1979,15,1,1,1360.0,17500.0,519.0,3541.56,4002.09,6,8,0,0
104782,31,1994,9,1,1,1680.0,10500.0,715.0,,26504.11,18,6,0,0
104783,61,1963,17,2,1,1390.0,30500.0,712.0,51577.21,72735.84,17,16,0,0
104784,78,1947,2,1,1,1810.0,29000.0,619.0,30802.12,35370.85,11,0,0,0
104785,57,1968,23,1,1,,18000.0,724.0,2240.35,1995.61,22,2,0,0
104786,46,1979,9,1,1,1950.0,29500.0,616.0,9762.27,10356.96,36,5,0,0
104787,40,1984,5,1,1,2860.0,33000.0,558.0,,0.0,9,13,0,1
104788,33,1991,0,1,1,2060.0,32500.0,811.0,5272.14,5547.76,12,0,0,0
104789,43,1982,15,3,1,1700.0,33000.0,569.0,4856.23,4625.96,8,6,0,0
104790,34,1991,2,2,1,930.0,8000.0,552.0,463.01,402.13,6,8,0,0
104791,37,1987,2,1,1,1030.0,5500.0,574.0,2764.51,2909.52,12,8,0,0
104792,65,1960,23,2,0,1360.0,12500.0,689.0,9496.58,9194.46,4,0,0,0
104793,41,1984,0,1,1,1860.0,37000.0,653.0,,5274.48,19,0,0,1
104794,57,1968,6,1,1,,8000.0,683.0,1757.89,2170.73,2,6,0,1
104795,61,1964,2,1,1,4690.0,56000.0,,78870.62,90420.72,11,6,0,0
104796,48,1977,6,1,0,1830.0,18000.0,640.0,20354.71,19494.73,5,1,1,1
104797,52,1972,8,1,1,2930.0,54500.0,732.0,0.0,0.0,15,19,0,0
104798,49,1976,3,1,1,1820.0,23500.0,563.0,9993.39,11015.55,17,3,1,1
104799,34,1990,2,1,1,1220.0,12500.0,,0.0,0.0,12,2,0,0
104800,42,1982,1,1,1,2530.0,30000.0,632.0,6264.26,5908.78,23,9,0,0
104801,56,1969,11,4,1,,29000.0,661.0,8821.68,8239.38,14,3,0,1
104802,26,1998,0,2,1,,17000.0,694.0,1026.88,1121.58,20,3,1,0
104803,39,1986,3,3,0,1490.0,12000.0,645.0,1772.9,1955.81,4,0,0,1
104804,52,1973,1,1,1,,16500.0,572.0,4495.02,5156.97,30,7,0,0
104805,54,1971,4,3,1,,28000.0,646.0,80182.36,88672.95,38,4,0,0
104806,47,1978,19,2,0,1910.0,27000.0,750.0,0.0,0.0,7,1,1,1
104807,41,1983,18,1,1,1260.0,13500.0,722.0,9073.33,10674.08,14,17,0,0
104808,52,1973,20,3,1,3320.0,56000.0,580.0,4435.19,3918.17,20,17,0,0
104809,50,1975,2,1,1,,23500.0,695.0,16775.69,16496.47,24,6,1,1
104810,47,1978,7,2,1,1880.0,24000.0,730.0,0.0,0.0,18,5,0,0
104811,47,1977,13,3,1,2720.0,27000.0,669.0,16635.69,11931.75,15,1,0,1
104812,51,1973,11,1,1,,74500.0,760.0,41753.32,42685.96,22,0,0,0
104813,37,1987,2,1,1,2410.0,20000.0,620.0,1398.31,1414.34,7,8,0,0
104814,61,1964,15,2,0,660.0,7000.0,716.0,5272.08,5927.14,9,0,0,0
104815,65,1960,10,1,0,1730.0,11500.0,705.0,39583.49,40867.05,1,0,0,1
104816,43,1982,7,1,1,1980.0,36500.0,673.0,1897.16,965.76,22,8,1,1
104817,18,2006,0,1,1,1200.0,14000.0,664.0,434.15,478.18,14,4,0,0
104818,28,1997,9,1,1,2490.0,40000.0,666.0,11590.65,12873.16,10,1,0,1
104819,57,1968,16,2,1,,32000.0,523.0,91143.25,93883.28,14,0,0,0
104820,32,1993,1,2,1,1610.0,17000.0,551.0,4048.66,4458.1,15,6,0,0
104821,53,1972,5,3,1,2630.0,22500.0,669.0,6631.3,8176.98,24,9,0,0
104822,27,1998,1,1,1,1970.0,41500.0,596.0,4568.84,5904.1,12,8,0,0
104823,54,1970,13,3,1,,35000.0,731.0,106660.12,103315.62,12,10,1,1
104824,48,1976,14,2,1,1790.0,17500.0,694.0,26678.51,37517.67,15,3,0,0
104825,46,1978,6,1,0,,21500.0,,35253.33,17325.79,4,0,0,1
104826,40,1984,15,1,1,3590.0,83500.0,687.0,218082.93,259744.34,19,0,0,0
104827,52,1973,5,1,0,,69500.0,718.0,26735.78,35556.01,8,5,0,1
104828,29,1996,6,1,1,2120.0,14500.0,569.0,1319.55,1195.11,7,17,0,0
104829,51,1973,7,1,0,,20000.0,659.0,2480.23,797.05,9,0,0,1
104830,42,1983,3,1,1,3690.0,47000.0,668.0,21754.09,20576.95,12,21,0,0
104831,70,1955,25,1,0,1440.0,27000.0,523.0,12107.64,17341.89,2,0,0,0
104832,18,2007,0,1,1,2540.0,16500.0,,1992.98,2132.48,28,23,1,0
104833,49,1975,3,1,1,1780.0,22000.0,592.0,5446.48,6787.8,16,17,0,0
104834,36,1988,6,1,0,1920.0,17500.0,783.0,0.0,0.0,6,1,0,0
104835,53,1972,8,1,1,1310.0,23500.0,707.0,48046.14,57074.76,15,5,0,0
104836,60,1965,14,1,1,,14000.0,690.0,53830.49,46579.55,11,0,0,0
104837,25,2000,1,1,0,1200.0,21000.0,609.0,,0.0,8,5,0,1
104838,67,1958,13,3,1,1650.0,25000.0,714.0,8927.25,8468.29,20,2,0,0
104839,39,1986,11,2,0,1710.0,33000.0,,3192.26,3845.61,8,0,1,0
104840,42,1983,14,1,1,2510.0,46000.0,559.0,4779.06,6778.41,7,6,0,0
104841,35,1989,0,1,1,3170.0,36000.0,850.0,135530.54,124751.06,16,5,1,0
104842,18,2006,0,1,1,,12000.0,,4509.0,5511.51,19,14,0,0
104843,38,1987,1,1,1,2070.0,17500.0,582.0,2576.87,2486.53,19,5,1,0
104844,27,1997,6,2,1,1140.0,11500.0,569.0,877.02,890.83,29,4,0,0
104845,21,2004,1,1,1,1620.0,8500.0,585.0,5097.42,5193.02,45,11,0,0
104846,63,1962,8,1,1,1680.0,18000.0,584.0,9621.36,12605.91,15,5,0,0
104847,62,1963,5,1,1,1590.0,8000.0,660.0,9599.2,18356.74,11,5,0,0
104848,50,1975,1,1,0,3320.0,63000.0,675.0,0.0,0.0,7,2,0,0
104849,31,1994,5,2,1,,22000.0,641.0,0.0,0.0,14,8,0,0
104850,63,1962,14,1,1,2060.0,19000.0,666.0,23760.38,26949.27,16,11,0,0
104851,47,1978,2,2,1,2090.0,34500.0,797.0,23842.49,7006.98,10,5,0,1
104852,42,1983,7,1,0,3550.0,33500.0,,16507.66,18918.88,9,2,1,1
104853,33,1992,9,2,1,1730.0,15500.0,642.0,22608.16,22190.77,25,9,1,0
104854,47,1978,14,1,0,1970.0,18000.0,665.0,,51415.33,9,5,0,0
104855,42,1983,11,2,0,,19000.0,,17281.73,13580.75,8,1,0,1
104856,40,1985,8,1,1,,31000.0,665.0,10179.45,10045.31,20,3,0,0
104857,41,1983,8,3,1,,52000.0,731.0,18748.95,21160.11,19,15,0,0
104858,55,1969,1,1,1,3930.0,48000.0,620.0,46533.23,45857.93,16,0,0,0
104859,54,1971,11,1,1,2810.0,23500.0,661.0,0.0,0.0,31,5,0,0
104860,66,1959,22,2,1,3700.0,28500.0,680.0,84390.34,75738.07,32,0,0,0
104861,41,1984,5,1,1,,44500.0,664.0,16664.37,22064.27,17,4,1,0
104862,27,1998,4,1,1,,15500.0,509.0,4671.19,9017.27,38,4,0,0
104863,48,1976,12,2,0,1800.0,32000.0,616.0,7426.15,7578.82,4,3,0,0
104864,21,2003,0,1,1,1090.0,17000.0,611.0,9684.97,8239.62,11,14,0,0
104865,32,1993,2,1,1,2350.0,14500.0,695.0,28500.66,26019.51,21,1,0,0
104866,61,1964,4,2,1,2550.0,26000.0,639.0,0.0,0.0,12,8,0,0
104867,70,1955,6,2,1,1410.0,22000.0,776.0,13689.38,16332.18,11,10,0,0
104868,53,1972,10,4,1,2630.0,37000.0,597.0,40652.9,35127.08,45,8,0,0
104869,48,1977,11,1,1,3150.0,29500.0,769.0,34195.71,36964.13,24,4,0,0
104870,41,1984,16,1,1,1910.0,26500.0,604.0,,21508.02,13,10,1,0
104871,47,1978,19,2,1,2810.0,40000.0,719.0,75577.65,94786.29,3,24,0,0
104872,46,1979,17,1,1,,59000.0,,0.0,309.29,16,0,1,0
104873,50,1975,28,2,1,2090.0,22500.0,690.0,0.0,0.0,21,5,0,0
104874,34,1991,3,1,0,3370.0,48500.0,701.0,0.0,0.0,3,5,0,0
104875,49,1976,3,1,1,2140.0,22500.0,786.0,40055.75,38303.88,18,1,1,0
104876,25,2000,1,2,1,1740.0,20000.0,728.0,12541.2,4642.51,10,6,0,0
104877,22,2003,1,1,1,1720.0,47000.0,718.0,0.0,0.0,23,0,0,1
104878,63,1962,30,3,0,660.0,4500.0,594.0,0.0,252.01,4,4,0,0
104879,90,1934,23,2,0,1650.0,24500.0,667.0,238352.82,272983.12,8,0,0,0
104880,49,1975,5,1,1,2050.0,38000.0,,3939.31,3942.02,11,0,0,0
104881,47,1978,19,2,1,5150.0,63000.0,818.0,137780.5,122433.97,18,25,0,0
104882,66,1959,15,2,0,2060.0,26500.0,735.0,12975.36,29706.63,5,0,0,0
104883,26,1999,5,2,1,,17500.0,769.0,1395.28,1357.88,29,25,0,0
104884,22,2003,0,1,1,,23000.0,584.0,1949.87,1546.67,14,9,0,0
104885,57,1968,16,1,1,1710.0,21500.0,600.0,47274.8,47804.44,11,1,0,0
104886,67,1958,27,4,1,2590.0,43000.0,596.0,,45808.68,27,0,0,0
104887,55,1970,13,3,1,2060.0,35000.0,671.0,0.0,0.0,10,4,0,0
104888,43,1981,20,3,1,2300.0,25500.0,747.0,21078.59,24344.83,8,11,1,0
104889,73,1952,4,1,0,2030.0,19500.0,694.0,162010.38,180939.32,5,0,0,0
104890,38,1987,14,2,1,1730.0,17000.0,659.0,,1696.41,30,0,0,0
104891,44,1981,15,3,1,1000.0,8000.0,627.0,601.35,624.36,25,9,1,0
104892,39,1985,0,2,1,,19000.0,425.0,513.79,502.87,13,4,0,0
104893,28,1997,3,1,1,1440.0,20000.0,626.0,0.0,0.0,20,6,0,0
104894,43,1982,8,1,1,2320.0,27500.0,572.0,2013.88,1967.27,23,9,0,0
104895,44,1981,14,3,1,2240.0,25000.0,734.0,191299.97,64439.05,44,2,1,0
104896,44,1981,3,3,0,2790.0,12000.0,682.0,29825.7,23836.32,6,2,0,0
104897,54,1971,29,4,1,1990.0,27500.0,621.0,0.0,0.0,21,8,0,0
104898,37,1987,6,1,1,,52500.0,729.0,26004.26,25356.44,14,12,1,0
104899,65,1960,10,2,1,1350.0,15500.0,622.0,0.0,0.0,11,6,0,0
104900,41,1984,6,1,1,1940.0,22000.0,687.0,,9231.56,9,8,0,0
104901,30,1995,2,2,1,1870.0,21500.0,655.0,6332.07,5945.32,24,19,0,0
104902,29,1996,6,1,1,2400.0,27500.0,755.0,0.0,419.49,15,1,0,0
104903,40,1985,4,1,1,,10500.0,633.0,5079.03,4998.23,15,8,0,0
104904,43,1982,16,3,1,4620.0,41500.0,776.0,95705.58,130148.38,44,3,0,0
104905,52,1973,5,3,1,1300.0,15500.0,614.0,11647.07,13075.03,21,13,0,0
104906,48,1976,3,2,0,1840.0,27500.0,611.0,8442.13,9629.08,6,0,0,0
104907,62,1962,4,2,0,,44000.0,752.0,30443.59,26820.36,5,3,0,0
104908,39,1986,11,1,1,2120.0,22500.0,789.0,57947.58,56728.19,7,7,0,0
104909,56,1969,27,1,1,4130.0,56000.0,730.0,200059.19,257214.77,16,0,0,0
104910,47,1977,2,1,0,2220.0,14500.0,566.0,3431.96,3591.29,7,1,0,0
104911,56,1968,8,1,1,,33000.0,778.0,12731.01,14329.7,10,0,0,0
104912,35,1990,3,1,1,,8500.0,660.0,3655.99,3466.18,13,22,0,0
104913,59,1966,7,2,1,2280.0,29500.0,742.0,4664.06,4400.04,18,11,0,0
104914,31,1994,4,1,1,1290.0,15000.0,640.0,3062.48,3567.48,26,0,1,0
104915,79,1946,11,4,1,2360.0,18000.0,820.0,31262.57,25352.55,23,0,0,0
104916,23,2002,0,1,1,3620.0,59500.0,,0.0,0.0,5,9,0,0
104917,39,1986,9,2,0,3640.0,38500.0,659.0,47444.59,47918.51,3,3,0,0
104918,45,1980,25,4,1,,10000.0,728.0,0.0,0.0,18,9,1,0
104919,69,1956,9,2,1,2140.0,18000.0,741.0,11410.81,12574.5,11,0,0,0
104920,72,1952,1,1,0,2040.0,32500.0,698.0,42388.23,42969.32,0,0,1,0
104921,31,1994,1,1,1,990.0,19000.0,480.0,2600.48,1211.95,24,0,0,1
104922,64,1961,14,1,1,3680.0,56500.0,850.0,20681.08,19720.55,15,0,0,0
104923,25,2000,2,1,1,2890.0,28500.0,577.0,45235.64,40879.07,5,11,0,0
104924,73,1952,14,1,0,3180.0,53500.0,850.0,174739.67,137192.22,9,0,0,0
104925,39,1985,4,1,1,3560.0,51500.0,622.0,12316.66,11213.06,24,2,0,0
104926,54,1970,14,2,1,1250.0,18000.0,623.0,1822.02,1386.72,6,11,0,0
104927,50,1975,18,1,1,,30500.0,645.0,22556.56,23637.41,13,0,0,0
104928,33,1992,10,1,1,2200.0,37500.0,,40590.5,33093.25,14,13,0,0
104929,47,1977,1,1,0,1530.0,23000.0,544.0,10226.16,10855.88,5,0,0,0
104930,52,1973,25,1,0,2920.0,33500.0,752.0,29415.57,16457.59,5,2,0,1
104931,29,1996,5,2,1,,9500.0,687.0,17742.09,18744.51,19,8,0,0
104932,52,1973,4,3,1,1520.0,19500.0,637.0,10101.5,10272.37,48,0,0,0
104933,44,1981,7,1,1,4100.0,50000.0,740.0,,73136.92,25,0,0,0
104934,34,1991,7,1,1,1250.0,14000.0,619.0,6097.49,15539.22,6,12,0,0
104935,62,1962,4,2,0,1890.0,20000.0,743.0,0.0,0.0,3,0,1,1
104936,35,1990,4,2,0,,62000.0,630.0,0.0,181.2,9,2,0,1
104937,21,2004,2,2,1,1380.0,18000.0,586.0,3647.87,3001.25,14,15,0,0
104938,57,1968,16,3,1,5220.0,69500.0,697.0,212582.09,217234.85,31,6,2,1
104939,31,1994,3,1,1,3140.0,27000.0,671.0,,225286.55,21,14,0,0
104940,48,1977,20,2,1,,23500.0,549.0,1042.82,116.05,9,6,0,1
104941,32,1993,2,1,1,,12500.0,709.0,0.0,0.0,0,11,0,1
104942,66,1959,10,1,0,810.0,11000.0,574.0,466.74,632.71,3,0,0,0
104943,49,1976,5,1,0,2330.0,41500.0,667.0,,21681.34,8,4,0,0
104944,57,1968,6,1,1,3870.0,62000.0,673.0,23828.58,6244.12,17,0,0,0
104945,37,1987,13,2,1,1360.0,9500.0,563.0,9998.11,10082.86,19,23,0,0
104946,32,1993,6,2,1,1740.0,16500.0,685.0,0.0,66.74,12,1,0,0
104947,45,1979,6,1,1,,64000.0,752.0,38953.19,28912.23,5,28,1,0
104948,55,1970,13,1,1,2500.0,33500.0,639.0,0.0,0.0,21,3,0,0
104949,55,1970,15,2,1,2310.0,21500.0,828.0,,15592.97,14,0,0,0
104950,69,1956,15,1,0,1280.0,20500.0,630.0,24678.81,23498.68,1,3,0,0
104951,51,1974,4,1,0,1240.0,9000.0,547.0,9694.31,7531.27,4,0,0,0
104952,70,1955,12,2,1,,52000.0,720.0,18180.06,43653.76,18,5,0,0
104953,30,1994,2,1,1,,13500.0,671.0,2574.21,2990.34,12,3,1,0
104954,41,1984,13,1,0,,27500.0,702.0,0.0,0.0,6,5,0,0
104955,31,1994,0,1,1,590.0,5000.0,496.0,341.48,115.57,11,3,0,1
104956,48,1977,11,2,1,,12000.0,608.0,5369.64,4741.74,20,0,1,1
104957,32,1993,11,1,1,3330.0,57000.0,606.0,123169.74,130055.22,6,24,0,0
104958,54,1970,10,1,1,2120.0,30500.0,707.0,35665.67,26642.41,13,4,0,1
104959,46,1979,5,1,1,1590.0,45500.0,709.0,16294.71,12716.85,14,0,0,1
104960,50,1975,8,1,1,3690.0,59000.0,789.0,106755.0,79793.07,12,2,0,0
104961,51,1973,11,2,0,1910.0,17500.0,660.0,1211.05,1395.22,4,4,0,0
104962,42,1983,10,3,1,2290.0,19000.0,717.0,28284.85,29911.09,25,0,0,0
104963,62,1963,23,2,1,2840.0,23000.0,850.0,18927.22,14996.75,20,0,0,0
104964,78,1946,22,3,1,740.0,8000.0,716.0,76483.8,68377.71,11,0,0,0
104965,54,1970,20,4,1,3260.0,38500.0,642.0,16755.38,16315.27,10,1,0,0
104966,49,1976,9,3,1,1630.0,26500.0,619.0,2699.99,1331.6,24,8,0,0
104967,55,1970,10,1,0,2190.0,52000.0,729.0,0.0,0.0,5,4,0,0
104968,37,1987,8,2,0,,17000.0,751.0,77778.58,73903.5,5,5,1,0
104969,34,1990,2,1,1,,13000.0,639.0,684.66,607.02,32,2,0,1
104970,37,1988,7,1,1,1200.0,9500.0,559.0,790.31,827.75,8,12,0,0
104971,53,1972,8,1,1,3900.0,42500.0,678.0,157952.29,166931.07,8,18,1,0
104972,51,1974,8,1,1,2290.0,63500.0,740.0,33906.96,31971.57,11,5,1,0
104973,70,1955,19,3,1,,29500.0,761.0,80436.89,100930.35,18,1,0,0
104974,25,2000,5,1,1,1070.0,17000.0,656.0,6438.6,6266.28,4,17,0,0
104975,55,1970,11,1,0,1290.0,11500.0,556.0,9959.24,9984.16,9,2,1,0
104976,67,1958,19,3,1,1190.0,11500.0,548.0,0.0,210.93,11,4,0,0
104977,28,1996,8,2,0,,25500.0,571.0,9228.38,5033.52,7,1,0,1
104978,59,1966,6,2,1,,25500.0,673.0,0.0,0.0,15,8,0,0
104979,55,1970,5,1,1,2840.0,19000.0,661.0,506482.13,375891.0,11,0,0,1
104980,47,1977,3,3,1,3370.0,56000.0,707.0,17456.5,17449.19,14,8,0,0
104981,23,2002,1,2,1,2010.0,27000.0,692.0,5606.51,5763.8,11,17,0,0
104982,36,1988,4,1,1,2370.0,37000.0,554.0,18697.72,35557.06,14,18,0,0
104983,59,1966,20,2,1,2930.0,33500.0,731.0,18433.75,45228.48,42,5,0,0
104984,61,1964,10,1,0,1790.0,24500.0,734.0,5474.0,1232.69,8,2,1,0
104985,44,1981,2,2,1,2090.0,15500.0,568.0,0.0,0.0,13,0,0,0
104986,43,1982,15,2,1,1250.0,11000.0,602.0,2825.26,2849.99,8,10,1,0
104987,66,1958,4,1,0,,17000.0,741.0,6385.54,6374.32,1,0,0,1
104988,49,1976,13,2,0,1570.0,14500.0,639.0,5875.02,7013.5,4,1,0,0
104989,55,1970,20,3,1,1850.0,24500.0,702.0,17382.38,15409.24,12,4,0,0
104990,57,1968,9,1,0,,18500.0,644.0,2502.83,2259.85,9,0,1,1
104991,19,2006,0,2,1,1390.0,21000.0,631.0,0.0,0.0,16,11,0,0
104992,90,1934,5,2,0,2040.0,26000.0,548.0,92123.73,53109.83,4,0,0,0
104993,55,1970,9,1,1,2780.0,16500.0,662.0,51783.73,57850.25,18,3,0,0
104994,75,1949,1,2,0,1480.0,24000.0,594.0,0.0,0.0,6,0,0,0
104995,36,1989,3,1,1,1750.0,27500.0,678.0,,4846.07,10,3,0,0
104996,23,2002,2,1,1,1490.0,13500.0,587.0,14831.76,15619.04,30,19,1,0
104997,55,1969,9,2,1,2340.0,26500.0,658.0,16638.64,22612.01,14,1,0,0
104998,23,2002,2,1,1,,32500.0,617.0,7467.51,18627.94,11,15,0,0
104999,37,1988,3,1,1,1330.0,19000.0,504.0,422.08,411.68,9,8,0,0
105000,46,1979,11,3,1,3170.0,27000.0,682.0,67146.69,59561.94,27,14,0,0
105001,27,1998,6,2,1,1460.0,14500.0,674.0,3121.4,3114.87,29,15,0,0
105002,48,1977,8,1,1,3010.0,20500.0,720.0,21836.53,22809.13,5,21,0,0
105003,46,1979,14,1,1,,24000.0,697.0,17786.59,17635.11,17,5,0,0
105004,43,1982,11,1,1,,19500.0,,18262.38,17792.43,3,6,0,0
105005,39,1986,16,1,1,1360.0,19000.0,619.0,13658.07,14879.66,11,4,0,0
105006,66,1959,10,1,0,1930.0,17000.0,701.0,20035.91,17113.51,7,0,1,0
105007,47,1978,7,2,1,,71000.0,607.0,30261.44,25942.89,47,0,0,0
105008,50,1975,19,1,1,3660.0,50500.0,711.0,27593.78,30642.23,30,3,0,0
105009,53,1972,2,1,1,4050.0,33000.0,710.0,,21366.89,11,0,0,1
105010,36,1988,13,3,1,2900.0,74000.0,739.0,31310.32,29303.3,21,6,0,0
105011,43,1982,8,1,0,,42000.0,623.0,3734.53,3838.91,8,0,0,1
105012,81,1944,11,3,0,,7000.0,547.0,14057.82,17055.4,5,0,0,0
105013,37,1988,9,1,1,3800.0,26000.0,657.0,0.0,0.0,35,3,1,0
105014,70,1955,11,1,1,2060.0,13000.0,754.0,99687.44,107610.43,12,0,0,0
105015,20,2005,0,1,1,,5000.0,,1596.05,1487.42,10,7,1,0
105016,50,1974,24,2,1,2740.0,26500.0,753.0,2966.16,2666.55,9,15,0,1
105017,39,1985,3,2,1,,16000.0,768.0,21744.29,26385.58,12,4,0,0
105018,51,1973,17,1,1,1530.0,17000.0,576.0,0.0,2033.66,15,3,1,1
105019,56,1969,9,4,1,3970.0,48000.0,850.0,87295.29,84956.72,34,0,0,0
105020,55,1969,8,1,1,3560.0,53000.0,653.0,31047.65,33582.57,13,14,0,0
105021,35,1989,6,1,1,2120.0,21000.0,791.0,16944.09,16732.14,10,19,0,0
105022,31,1994,3,1,1,,19000.0,786.0,3390.87,2867.72,11,8,0,0
105023,55,1970,14,2,1,1910.0,26000.0,680.0,,3601.37,20,0,0,0
105024,65,1960,16,2,1,1840.0,14500.0,637.0,3057.18,2914.56,11,6,0,0
105025,56,1969,12,1,0,2610.0,17500.0,699.0,3998.78,4367.36,6,1,0,1
105026,68,1957,9,3,0,530.0,14500.0,714.0,723.95,647.66,8,2,0,0
105027,36,1988,3,1,1,1440.0,11500.0,580.0,2939.89,3349.07,37,12,0,0
105028,33,1991,9,1,1,3050.0,43500.0,643.0,4254.08,4255.0,28,7,0,0
105029,40,1985,10,2,1,1340.0,12000.0,498.0,3567.29,2994.37,7,23,1,0
105030,61,1964,22,2,0,,15500.0,721.0,,7226.88,3,0,0,1
105031,41,1984,10,1,0,3940.0,55500.0,850.0,0.0,0.0,6,2,0,1
105032,30,1994,3,1,1,1200.0,8000.0,656.0,1694.01,1672.54,9,7,0,0
105033,59,1965,11,2,1,760.0,13500.0,527.0,5440.98,6693.85,13,5,0,1
105034,38,1987,6,2,1,1250.0,19000.0,605.0,1862.01,1814.1,21,5,0,0
105035,36,1989,4,1,1,1860.0,28000.0,551.0,,2066.28,10,1,0,0
105036,27,1998,6,1,1,1380.0,17000.0,,11645.16,11369.33,7,7,0,0
105037,54,1971,25,2,1,,42000.0,701.0,20397.96,21120.46,35,11,0,0
105038,48,1976,2,1,1,3590.0,47500.0,688.0,27324.08,31778.43,13,3,0,0
105039,60,1965,25,2,0,2430.0,13500.0,737.0,235282.83,271582.96,9,0,0,0
105040,41,1984,7,2,1,2420.0,44500.0,651.0,2546.88,2387.53,18,8,0,0
105041,49,1975,3,1,1,2120.0,31000.0,575.0,35370.37,32520.58,3,7,1,0
105042,64,1961,3,2,1,3000.0,30500.0,634.0,24057.7,4823.87,21,0,0,0
105043,32,1993,9,1,0,1000.0,18500.0,448.0,0.0,0.0,5,2,0,1
105044,75,1950,21,1,1,,14000.0,673.0,28237.43,32623.88,5,18,0,0
105045,49,1976,9,2,1,4480.0,56500.0,703.0,104983.12,254963.36,12,7,0,0
105046,44,1981,9,1,1,2760.0,46000.0,589.0,4423.68,4787.2,9,12,1,0
105047,55,1969,6,1,0,1490.0,22500.0,575.0,1594.09,3725.39,8,0,0,0
105048,51,1974,5,1,1,1280.0,15000.0,495.0,954.16,780.83,20,5,0,0
105049,42,1983,2,1,1,2810.0,36000.0,524.0,1401.25,1632.77,11,2,0,0
105050,49,1976,2,2,1,,53500.0,705.0,165998.08,166074.33,14,2,1,1
105051,58,1967,19,1,1,3000.0,37500.0,669.0,30234.77,36053.45,5,6,1,0
105052,71,1953,2,1,0,2630.0,19500.0,713.0,0.0,0.0,4,0,0,0
105053,64,1961,4,2,0,1200.0,11500.0,638.0,1452.14,1450.83,6,0,0,0
105054,67,1958,14,2,1,2120.0,19000.0,670.0,43541.52,46072.87,13,1,0,0
105055,59,1966,10,1,0,,33500.0,845.0,23643.12,27017.5,5,2,0,0
105056,48,1977,18,3,1,1360.0,19500.0,525.0,,0.0,19,7,0,0
105057,32,1993,11,2,1,2170.0,21500.0,637.0,117419.89,123753.0,26,20,0,0
105058,44,1980,16,1,1,,13000.0,850.0,5445.98,4454.47,15,0,2,1
105059,37,1988,16,1,1,,29000.0,664.0,22152.9,23536.47,13,23,0,1
105060,57,1968,27,1,1,2060.0,23000.0,722.0,62954.87,63042.64,10,0,1,0
105061,18,2006,0,1,0,,17500.0,,1798.37,2114.38,7,0,0,0
105062,41,1984,12,2,1,1590.0,14000.0,764.0,15588.4,16369.64,20,2,0,0
105063,55,1969,2,1,1,1580.0,10000.0,640.0,0.0,424.59,14,8,0,0
105064,52,1973,0,1,0,4310.0,30000.0,835.0,11520.8,12491.7,5,1,0,0
105065,52,1973,5,1,1,2590.0,20500.0,831.0,231305.9,249020.06,15,3,1,0
105066,52,1973,30,2,1,2910.0,39000.0,689.0,124217.62,136469.94,12,17,0,0
105067,27,1998,3,1,0,1480.0,16000.0,591.0,7323.94,6414.88,6,2,0,1
105068,67,1957,11,1,1,1490.0,13500.0,604.0,0.0,2446.46,10,3,1,1
105069,60,1965,13,1,1,2170.0,58000.0,594.0,4184.53,4050.75,3,9,0,0
105070,65,1960,17,2,1,1010.0,8500.0,745.0,4639.28,4723.73,10,11,0,0
105071,51,1974,4,1,1,,31000.0,,10323.56,6777.91,11,3,0,1
105072,42,1983,10,1,1,1930.0,24500.0,585.0,3696.16,4111.32,19,9,0,0
105073,60,1965,15,2,0,3470.0,85500.0,802.0,0.0,0.0,3,5,0,0
105074,38,1986,12,1,0,1450.0,20000.0,587.0,1900.44,1830.54,5,5,0,0
105075,31,1994,5,1,1,720.0,6500.0,611.0,656.27,724.51,18,7,0,0
105076,19,2006,1,1,1,1270.0,28000.0,766.0,8806.59,9656.38,22,0,1,1
105077,34,1991,10,2,1,,27500.0,688.0,38335.14,37133.8,18,13,0,1
105078,44,1981,16,2,0,3010.0,23500.0,805.0,,0.0,3,2,0,0
105079,24,2001,2,1,1,,27000.0,647.0,,3010.93,12,9,0,0
105080,21,2004,1,2,1,1850.0,21500.0,563.0,3540.16,3562.74,25,4,0,0
105081,37,1988,6,2,1,1830.0,28500.0,682.0,0.0,0.0,23,7,0,0
105082,61,1964,11,3,1,1820.0,28000.0,648.0,12469.18,12284.68,15,0,0,0
105083,42,1983,13,2,1,1620.0,13500.0,619.0,,31360.05,2,6,0,0
105084,50,1974,6,1,0,3750.0,28000.0,701.0,13890.38,16840.24,7,0,0,0
105085,30,1995,3,1,1,520.0,4000.0,498.0,218.74,217.96,13,6,0,0
105086,48,1977,1,1,1,1610.0,18500.0,565.0,5426.22,4200.59,9,16,0,1
105087,54,1971,4,2,0,1810.0,17000.0,624.0,,15179.8,6,0,1,0
105088,27,1998,4,2,1,980.0,14500.0,555.0,2477.96,2986.99,23,9,0,0
105089,38,1987,0,1,1,1540.0,22500.0,650.0,664.65,756.84,7,16,0,0
105090,40,1985,15,2,1,2010.0,13500.0,575.0,1504.93,1516.53,23,12,1,0
105091,52,1973,19,1,1,,110000.0,850.0,784468.96,781494.82,0,8,1,0
105092,37,1988,8,1,1,2120.0,26000.0,666.0,15578.25,17721.69,7,13,0,0
105093,21,2003,1,1,1,1620.0,16000.0,624.0,0.0,0.0,11,10,0,0
105094,38,1987,5,1,1,,30500.0,710.0,6636.99,5738.86,19,6,0,1
105095,67,1958,10,2,0,1980.0,33500.0,644.0,15638.86,31771.97,3,1,0,0
105096,66,1958,3,1,0,2140.0,53500.0,,0.0,0.0,4,0,0,0
105097,38,1986,10,1,1,,22500.0,830.0,16903.62,23140.83,23,5,0,0
105098,33,1991,5,2,1,,15000.0,663.0,1946.3,1585.69,32,8,0,0
105099,31,1994,5,1,1,,22500.0,722.0,,29071.13,14,1,0,0
105100,40,1984,0,2,1,,26500.0,656.0,558.57,637.78,13,4,1,0
105101,49,1976,8,1,0,2010.0,30500.0,726.0,7059.66,5968.08,3,0,0,1
105102,58,1966,10,3,1,3150.0,15500.0,850.0,147655.15,160752.59,15,0,0,0
105103,71,1954,7,1,0,1950.0,13500.0,723.0,93891.02,36901.49,0,0,0,0
105104,43,1982,9,1,1,2750.0,25500.0,754.0,0.0,0.0,21,8,0,0
105105,72,1953,11,1,1,1470.0,20500.0,639.0,56609.42,67317.51,15,0,0,0
105106,62,1963,14,1,1,2840.0,32000.0,729.0,0.0,0.0,4,6,0,0
105107,42,1983,4,2,0,,45500.0,734.0,6543.73,3014.69,5,0,0,1
105108,25,2000,0,1,0,1680.0,16500.0,,,15192.86,5,2,0,0
105109,45,1980,12,1,1,,27000.0,589.0,3860.97,4007.06,10,4,2,1
105110,70,1955,13,2,1,3100.0,31000.0,727.0,20837.97,17398.17,17,1,0,0
105111,44,1980,4,1,1,2610.0,68000.0,701.0,41832.57,50866.62,11,15,0,0
105112,72,1952,6,3,0,1860.0,20000.0,691.0,9464.97,8615.23,6,0,0,0
105113,30,1995,8,2,0,,23500.0,666.0,3507.51,2855.25,9,1,0,0
105114,74,1951,5,1,0,1160.0,10500.0,507.0,10802.52,13872.03,8,0,0,0
105115,39,1986,4,1,1,890.0,7500.0,598.0,398.7,417.08,24,8,0,0
105116,33,1992,2,2,1,770.0,9000.0,,689.51,562.5,24,5,1,0
105117,39,1986,7,1,1,2890.0,43000.0,726.0,8969.41,18678.4,18,0,1,0
105118,37,1988,14,1,1,,17500.0,632.0,13602.45,12289.15,41,1,1,0
105119,23,2002,0,3,1,1610.0,26000.0,483.0,886.51,732.08,14,4,0,0
105120,33,1992,7,1,1,3040.0,46000.0,714.0,3807.32,3305.22,10,0,0,0
105121,18,2006,0,1,1,,13000.0,525.0,2547.9,2830.43,13,2,1,1
105122,65,1960,11,1,1,3840.0,34500.0,763.0,0.0,0.0,9,8,0,0
105123,55,1969,11,1,1,3400.0,83000.0,726.0,34352.33,39097.14,5,6,0,0
105124,38,1986,12,1,0,2370.0,42000.0,681.0,6360.29,6429.1,7,4,0,0
105125,35,1990,10,2,1,1540.0,23000.0,513.0,1167.64,1139.03,10,0,0,0
105126,67,1958,24,2,1,2310.0,18500.0,533.0,38035.37,40861.14,22,0,0,1
105127,31,1994,2,1,1,940.0,8000.0,650.0,438.58,426.32,23,3,0,0
105128,60,1965,8,2,1,3130.0,25000.0,814.0,110802.67,108151.91,32,0,0,0
105129,66,1959,4,2,0,1850.0,27000.0,690.0,26369.94,25757.1,3,0,0,0
105130,57,1968,15,2,0,2920.0,27000.0,712.0,,0.0,9,0,0,0
105131,47,1978,8,1,1,2870.0,32500.0,720.0,81232.49,47693.87,12,19,0,0
105132,57,1968,20,1,1,1990.0,24500.0,697.0,0.0,0.0,3,17,0,1
105133,44,1981,13,3,1,1090.0,17000.0,560.0,0.0,0.0,14,4,0,0
105134,63,1962,27,1,0,2940.0,23500.0,760.0,43257.76,45117.79,9,0,0,0
105135,37,1988,16,3,1,1960.0,23000.0,564.0,28146.99,21732.9,33,6,0,0
105136,74,1950,24,2,1,1890.0,27000.0,739.0,53806.45,56004.95,28,0,0,0
105137,59,1966,3,1,1,,39000.0,712.0,3405.55,3321.89,6,6,0,1
105138,44,1980,17,2,0,,14000.0,707.0,4588.44,4425.67,6,0,1,1
105139,64,1961,19,2,1,3880.0,45000.0,775.0,0.0,0.0,20,11,0,0
105140,62,1963,28,1,1,2610.0,27000.0,752.0,58587.99,58650.12,13,0,1,1
105141,42,1983,7,2,1,1000.0,11500.0,675.0,399.15,124.41,6,9,0,1
105142,30,1995,4,2,1,1630.0,30500.0,626.0,0.0,0.0,14,8,1,0
105143,28,1997,1,1,1,3070.0,45000.0,769.0,6335.61,7014.64,29,7,0,0
105144,36,1989,13,1,1,,10500.0,597.0,2350.11,2536.31,18,18,0,0
105145,43,1982,17,1,1,1820.0,35500.0,672.0,190.69,166.5,23,2,0,0
105146,44,1981,10,1,1,3180.0,58000.0,561.0,18690.97,22777.35,14,14,0,0
105147,81,1944,19,4,0,1790.0,18500.0,747.0,301261.97,322542.13,8,0,0,0
105148,46,1979,21,1,0,1850.0,18000.0,696.0,0.0,246.37,3,0,0,1
105149,49,1976,19,1,1,2690.0,29000.0,720.0,60436.03,82173.35,25,9,0,1
105150,38,1986,2,1,1,2310.0,19000.0,618.0,80156.55,80435.42,36,9,0,0
105151,68,1956,16,1,1,1370.0,13000.0,765.0,52455.24,53611.38,11,0,0,0
105152,26,1998,5,1,1,3080.0,24500.0,,39344.99,35234.99,47,4,0,0
105153,51,1974,29,3,1,970.0,10000.0,536.0,2188.05,2163.86,15,0,0,0
105154,46,1979,5,2,0,2070.0,19000.0,502.0,4420.04,4992.43,3,0,0,0
105155,45,1980,6,1,0,,34000.0,592.0,14219.68,4052.79,3,0,0,1
105156,48,1977,9,3,1,2460.0,52500.0,608.0,0.0,0.0,7,8,0,0
105157,39,1986,17,2,1,700.0,9000.0,476.0,0.0,0.0,15,4,0,0
105158,31,1993,0,2,1,1810.0,32000.0,708.0,8086.13,8339.56,20,15,1,0
105159,62,1963,11,1,1,2940.0,30000.0,670.0,77842.86,82611.41,27,10,0,0
105160,67,1958,22,3,1,2480.0,20000.0,711.0,123182.56,137179.33,8,8,0,0
105161,57,1968,16,2,1,1400.0,8500.0,578.0,7153.55,7310.34,11,1,1,0
105162,66,1959,23,4,1,2180.0,26500.0,667.0,,22813.83,27,0,0,0
105163,50,1975,11,1,0,,17500.0,632.0,38784.83,33846.67,8,0,1,1
105164,18,2007,0,1,0,,11000.0,,0.0,0.0,9,1,0,0
105165,32,1993,0,1,1,1920.0,28500.0,710.0,8058.24,8254.26,17,2,0,0
105166,54,1971,8,1,0,,52500.0,615.0,172384.21,333596.68,4,0,0,0
105167,18,2006,0,1,1,,14500.0,,0.0,0.0,32,1,1,1
105168,49,1976,5,1,0,,40000.0,654.0,,0.0,3,3,0,1
105169,52,1973,8,2,1,,15000.0,612.0,0.0,0.0,2,6,0,1
105170,51,1974,11,1,1,1120.0,15500.0,676.0,0.0,0.0,10,0,0,0
105171,31,1994,7,1,1,2020.0,21000.0,678.0,1507.72,1827.13,19,22,0,0
105172,42,1983,9,1,1,3650.0,41000.0,,65196.07,134084.39,32,3,0,0
105173,42,1983,10,1,1,,55000.0,601.0,13107.35,13366.73,19,3,0,0
105174,50,1975,18,2,1,,25000.0,755.0,17785.4,13436.21,22,0,0,1
105175,43,1981,16,1,1,2430.0,18000.0,679.0,1623.23,1692.97,10,7,0,0
105176,21,2004,1,1,0,,22500.0,,2286.04,2698.38,4,1,0,1
105177,82,1942,14,1,0,1780.0,35500.0,641.0,33200.02,36690.19,4,0,0,0
105178,52,1973,8,1,1,2650.0,52000.0,593.0,16593.32,14306.91,21,10,0,0
105179,43,1982,8,3,1,,26000.0,609.0,0.0,0.0,35,13,0,0
105180,39,1986,7,2,1,2240.0,24500.0,669.0,14296.26,15224.57,27,0,1,0
105181,58,1967,8,1,1,3650.0,27000.0,576.0,3673.72,3901.0,24,0,0,0
105182,50,1975,9,2,1,1670.0,25500.0,709.0,15451.53,14617.46,12,15,1,0
105183,53,1971,9,1,1,3250.0,49500.0,628.0,14054.65,16362.94,22,0,1,0
105184,25,2000,3,3,1,1580.0,13000.0,608.0,1815.83,1586.73,10,3,0,0
105185,18,2007,0,1,1,1180.0,10500.0,,4386.08,3486.85,3,6,0,1
105186,67,1958,4,2,0,1780.0,18000.0,764.0,4257.52,4788.49,9,0,1,0
105187,50,1975,12,3,1,,35500.0,725.0,4284.79,4732.08,28,7,0,0
105188,51,1974,9,2,1,6000.0,85000.0,625.0,12242.25,15700.4,15,0,0,0
105189,64,1960,7,2,1,,29000.0,,102675.23,86965.73,15,0,0,0
105190,41,1984,6,2,1,3030.0,71500.0,585.0,18756.44,18749.47,21,8,0,0
105191,54,1971,10,2,0,,18000.0,654.0,0.0,1813.27,9,0,1,1
105192,20,2005,1,2,1,1850.0,20500.0,705.0,0.0,0.0,14,16,1,0
105193,45,1980,6,1,1,,46500.0,618.0,1866.57,4483.27,29,8,0,0
105194,46,1979,7,2,1,4610.0,44500.0,688.0,101028.34,88132.39,75,2,0,0
105195,62,1963,26,3,1,1730.0,19500.0,786.0,11109.38,11501.66,28,0,0,0
105196,40,1985,5,2,1,1200.0,29500.0,574.0,1620.86,1787.89,16,13,0,0
105197,78,1947,11,2,0,3360.0,48000.0,850.0,210722.53,182760.96,6,3,0,1
105198,18,2007,0,1,1,,19500.0,660.0,8253.05,8328.81,15,10,0,0
105199,63,1961,3,2,0,1500.0,16000.0,629.0,0.0,0.0,6,0,0,0
105200,21,2004,0,1,1,550.0,5500.0,,301.78,356.35,19,6,0,0
105201,62,1962,7,2,0,2160.0,34000.0,746.0,,43362.3,3,2,0,0
105202,59,1965,6,2,1,2570.0,22000.0,706.0,0.0,0.0,15,5,0,0
105203,37,1988,14,1,1,1120.0,12500.0,623.0,4521.71,4117.93,23,8,0,0
105204,41,1983,2,1,1,3140.0,38000.0,701.0,24156.43,25593.48,5,9,0,1
105205,43,1982,13,2,1,1590.0,20000.0,753.0,2710.08,2416.71,26,0,0,0
105206,59,1966,3,1,1,2020.0,25500.0,643.0,14213.07,13918.73,11,0,0,0
105207,39,1986,3,1,1,,21000.0,504.0,1643.1,1928.73,8,8,0,0
105208,52,1972,10,1,1,5300.0,60000.0,651.0,26495.41,28877.91,14,6,0,0
105209,48,1976,13,1,1,,14000.0,,8876.79,8189.47,16,0,0,1
105210,57,1968,11,2,1,1130.0,14500.0,632.0,154.96,150.32,24,4,0,0
105211,50,1975,30,4,1,3460.0,41500.0,698.0,12721.58,13401.63,15,7,0,0
105212,54,1971,14,1,1,5080.0,76500.0,849.0,22426.8,24522.83,26,6,0,0
105213,58,1967,14,1,0,2100.0,16000.0,684.0,1356.97,1585.27,4,0,0,0
105214,58,1967,9,2,1,,34000.0,632.0,341109.97,329483.72,31,4,0,0
105215,57,1968,13,2,1,,26000.0,712.0,13825.66,12285.67,12,4,0,1
105216,45,1979,19,1,1,,44000.0,695.0,17268.49,16723.14,39,3,0,0
105217,46,1979,13,1,1,,28500.0,687.0,6564.85,6254.85,13,2,0,1
105218,36,1989,10,3,1,2500.0,19500.0,701.0,90892.42,196846.15,29,8,0,0
105219,56,1969,20,2,0,2480.0,17000.0,771.0,91013.16,15049.12,6,0,0,0
105220,33,1992,1,1,1,,46000.0,529.0,20650.42,17696.75,11,7,0,0
105221,44,1981,6,2,1,4340.0,81500.0,643.0,3514.96,3772.64,21,0,0,0
105222,46,1978,23,1,1,2610.0,30500.0,657.0,46657.48,51153.33,30,8,0,0
105223,56,1969,5,1,1,,31500.0,,0.0,0.0,36,1,0,1
105224,54,1971,25,2,0,1260.0,10500.0,725.0,1135.21,1436.08,8,0,0,0
105225,58,1966,7,2,1,2800.0,20000.0,551.0,14289.29,5635.84,8,14,0,0
105226,50,1975,19,2,1,,17000.0,719.0,9149.23,6238.84,17,4,1,1
105227,27,1998,5,1,1,1750.0,18000.0,640.0,2499.18,2710.21,16,12,0,0
105228,40,1985,6,1,1,,11000.0,609.0,20216.38,19001.79,11,3,0,0
105229,50,1975,11,1,1,3230.0,40000.0,647.0,25068.47,34485.63,12,0,0,0
105230,53,1971,29,4,1,1970.0,19500.0,673.0,0.0,0.0,14,7,0,0
105231,36,1989,1,2,1,2320.0,37000.0,553.0,16874.44,16253.89,22,25,0,0
105232,38,1987,13,2,1,,16000.0,686.0,7582.45,8240.31,3,23,1,0
105233,46,1979,18,2,1,,28000.0,715.0,84739.47,84039.04,27,4,0,0
105234,30,1994,2,2,1,3270.0,30000.0,738.0,4013.82,3332.29,24,0,0,0
105235,45,1979,8,2,1,1910.0,19000.0,608.0,0.0,0.0,24,0,0,0
105236,64,1961,18,1,0,2220.0,19500.0,634.0,,56669.84,9,0,0,0
105237,29,1995,6,3,1,2430.0,38000.0,706.0,8140.63,8294.74,18,17,0,0
105238,27,1998,3,1,1,880.0,11000.0,624.0,0.0,0.0,25,1,1,0
105239,62,1963,31,1,1,,21000.0,622.0,0.0,0.0,4,11,1,1
105240,45,1979,18,1,0,2050.0,29500.0,607.0,1609.77,1207.93,7,2,1,0
105241,71,1954,21,2,1,940.0,14000.0,707.0,26127.84,26700.96,15,0,0,0
105242,27,1997,1,1,1,800.0,7500.0,661.0,,2933.98,12,8,0,1
105243,62,1963,12,1,1,3220.0,29000.0,767.0,66074.07,74612.71,29,0,0,0
105244,51,1974,18,2,1,2030.0,16500.0,713.0,,63771.17,33,0,0,0
105245,30,1995,1,1,0,,26500.0,594.0,0.0,0.0,4,0,0,1
105246,53,1972,10,1,1,3000.0,35500.0,704.0,75307.61,14027.44,15,0,0,1
105247,79,1946,2,2,1,2080.0,36000.0,624.0,140238.0,136399.38,17,0,1,0
105248,60,1965,2,1,1,,36000.0,734.0,13672.91,13250.43,13,0,0,0
105249,50,1975,23,4,0,2820.0,16500.0,653.0,,9458.34,5,4,0,0
105250,42,1983,16,3,1,1850.0,35500.0,654.0,0.0,0.0,3,11,0,0
105251,28,1997,8,1,1,2440.0,16000.0,729.0,2863.7,2779.83,30,16,0,0
105252,28,1997,3,2,1,,36000.0,649.0,16332.01,16231.78,16,1,1,0
105253,42,1983,3,2,1,1290.0,13500.0,593.0,3123.26,3224.45,23,2,0,0
105254,60,1964,15,1,0,,21000.0,759.0,12840.02,10332.53,6,5,0,1
105255,45,1980,5,4,1,3630.0,77000.0,661.0,4266.51,3757.41,11,11,0,0
105256,72,1953,22,2,1,970.0,8000.0,634.0,88979.39,75671.39,15,0,2,0
105257,33,1991,12,2,1,1300.0,21500.0,545.0,12524.75,11875.55,15,1,1,0
105258,31,1994,2,1,1,1160.0,11500.0,656.0,6270.61,5269.68,11,8,0,0
105259,48,1977,4,1,1,3090.0,23000.0,747.0,19193.56,21278.59,4,11,0,0
105260,46,1979,13,1,0,2120.0,30000.0,695.0,6027.83,2154.97,9,4,0,1
105261,70,1954,27,1,1,2360.0,15500.0,539.0,18099.62,17272.65,18,3,0,0
105262,57,1968,13,2,1,1720.0,16000.0,635.0,0.0,0.0,14,4,0,0
105263,48,1977,15,2,1,2350.0,44500.0,778.0,101029.17,115569.8,38,19,1,0
105264,36,1989,2,2,1,2530.0,49500.0,,30084.67,27977.13,8,14,1,0
105265,58,1967,24,1,1,1150.0,20000.0,504.0,4461.18,2290.04,17,0,1,0
105266,83,1942,2,2,1,940.0,8000.0,601.0,7966.64,9060.51,15,0,0,0
105267,49,1975,18,1,0,,36000.0,686.0,3600.84,4417.19,0,2,0,1
105268,29,1996,6,1,1,,11500.0,565.0,0.0,0.0,11,7,0,0
105269,24,2001,4,1,0,950.0,17000.0,,1389.54,1508.11,6,3,0,0
105270,42,1983,6,1,1,1310.0,20000.0,674.0,51588.63,49629.34,25,11,0,0
105271,51,1974,11,2,0,2150.0,27000.0,584.0,8282.19,9354.17,8,0,0,1
105272,37,1988,4,1,1,1160.0,8000.0,615.0,4357.81,4416.69,21,2,0,0
105273,41,1984,2,1,1,,19000.0,538.0,2908.8,3052.22,4,16,0,0
105274,40,1985,2,2,1,2760.0,42000.0,649.0,10654.17,11201.01,21,1,1,0
105275,67,1957,14,1,0,,24000.0,649.0,58305.65,60467.5,6,0,1,0
105276,29,1996,5,4,1,1330.0,12500.0,666.0,1879.41,1951.29,71,12,0,0
105277,40,1984,16,1,1,1950.0,27000.0,623.0,,0.0,21,8,0,0
105278,64,1961,2,2,0,3500.0,32000.0,732.0,83094.94,89093.91,7,3,0,0
105279,70,1954,8,1,0,960.0,15000.0,,0.0,0.0,6,0,0,0
105280,39,1986,11,3,1,1560.0,32000.0,603.0,7939.51,7548.57,51,0,0,0
105281,45,1980,14,1,1,,17000.0,626.0,2082.61,2025.35,10,0,0,1
105282,75,1950,18,1,0,2290.0,21000.0,790.0,26233.82,24958.56,9,0,0,0
105283,67,1958,9,1,1,1530.0,12500.0,656.0,71680.61,81186.69,15,0,0,0
105284,36,1989,14,1,1,1570.0,22000.0,586.0,2763.76,2607.04,19,5,1,0
105285,34,1990,1,1,1,,11500.0,668.0,9053.87,8357.44,14,0,0,1
105286,50,1975,8,2,1,2260.0,18000.0,815.0,,61749.17,37,1,1,0
105287,34,1990,2,1,1,2240.0,28500.0,703.0,21016.98,19141.09,21,11,0,0
105288,42,1982,21,2,1,1650.0,15000.0,573.0,2691.8,2689.38,20,0,1,0
105289,53,1972,14,1,0,2610.0,39000.0,710.0,16788.35,11960.35,8,1,0,1
105290,24,2000,2,2,1,1690.0,13500.0,638.0,0.0,0.0,14,7,0,1
105291,52,1973,10,2,1,,23000.0,629.0,7449.12,7212.3,23,8,0,0
105292,55,1970,17,1,1,,24500.0,519.0,19126.58,19155.93,16,0,0,0
105293,45,1980,8,1,1,,34000.0,660.0,5087.96,4778.27,11,0,2,1
105294,60,1965,10,1,0,2830.0,31500.0,781.0,9485.78,7882.89,7,0,1,1
105295,39,1986,0,2,1,,14500.0,654.0,6773.27,7422.53,11,11,1,0
105296,44,1980,8,2,0,1780.0,18500.0,561.0,3403.0,5693.78,6,0,0,0
105297,21,2004,2,1,1,1710.0,18500.0,616.0,,2415.55,29,1,0,0
105298,18,2007,0,2,1,1730.0,24500.0,,0.0,523.93,12,1,0,0
105299,31,1993,0,2,1,,15000.0,652.0,2192.53,3035.12,48,4,0,0
105300,46,1978,9,1,1,1790.0,19500.0,721.0,0.0,0.0,6,12,0,0
105301,47,1978,11,1,1,3020.0,29500.0,569.0,131013.17,122877.45,5,10,1,0
105302,43,1981,1,1,1,,7500.0,500.0,1297.39,1391.84,8,11,0,1
105303,43,1982,1,1,1,1240.0,8000.0,,5824.56,6583.61,6,7,0,0
105304,46,1979,5,1,1,,14000.0,635.0,4028.7,4896.51,19,11,1,0
105305,48,1977,14,1,0,,133500.0,775.0,116286.11,58426.7,7,2,0,1
105306,36,1989,2,1,1,1400.0,11000.0,647.0,619.61,630.69,18,8,0,0
105307,24,2000,1,1,1,2210.0,11500.0,741.0,,7547.29,35,3,0,0
105308,56,1969,5,1,1,2780.0,26500.0,690.0,0.0,0.0,19,4,1,1
105309,27,1997,3,1,1,2620.0,35500.0,628.0,11342.71,25740.42,21,2,0,0
105310,69,1956,18,1,0,1410.0,15500.0,549.0,21089.27,22231.9,7,4,0,0
105311,31,1994,4,1,1,1380.0,16000.0,632.0,1195.32,1510.88,10,4,0,0
105312,42,1982,7,1,1,1230.0,17000.0,655.0,430.59,573.38,8,13,1,0
105313,61,1964,20,2,1,3250.0,35500.0,638.0,19096.7,16644.3,28,4,0,0
105314,40,1985,12,2,1,2100.0,27500.0,782.0,11365.63,12509.42,13,1,0,0
105315,29,1996,1,2,1,,20000.0,558.0,,5401.98,10,1,0,1
105316,44,1981,17,3,1,3420.0,20000.0,664.0,19960.52,20770.98,19,17,0,0
105317,60,1965,29,3,1,4980.0,43500.0,777.0,,38505.04,28,0,1,0
105318,47,1978,6,1,1,1260.0,25000.0,621.0,2497.33,2495.56,12,6,0,0
105319,44,1980,17,1,1,1590.0,17500.0,574.0,950.58,998.31,17,3,0,0
105320,45,1979,14,1,1,,37500.0,705.0,8213.61,8506.47,31,5,0,0
105321,65,1959,6,1,1,920.0,15500.0,605.0,3307.03,2845.62,9,14,0,0
105322,28,1997,0,1,0,2470.0,32500.0,701.0,0.0,213.43,6,3,0,0
105323,51,1973,27,3,1,2390.0,26000.0,726.0,0.0,0.0,2,6,1,0
105324,82,1942,1,1,0,2680.0,21000.0,827.0,106717.38,108455.06,2,0,0,0
105325,47,1978,0,1,1,,18500.0,657.0,5039.45,6334.25,11,2,0,1
105326,59,1966,8,1,1,,22500.0,621.0,24613.28,32697.19,24,0,0,0
105327,36,1989,5,3,1,2060.0,30500.0,729.0,0.0,546.62,17,2,1,0
105328,39,1985,3,1,1,1540.0,26000.0,501.0,1655.88,1696.82,23,8,1,0
105329,48,1977,13,1,1,1670.0,14000.0,651.0,15875.08,16398.75,19,3,0,0
105330,46,1979,2,1,1,,40500.0,706.0,27690.66,21181.53,23,0,0,0
105331,32,1993,3,1,1,3620.0,43000.0,692.0,8172.87,6930.71,27,10,1,0
105332,59,1966,26,4,1,1840.0,27500.0,587.0,2163.03,1994.42,14,10,1,0
105333,40,1984,8,1,1,2030.0,15000.0,758.0,,7127.52,18,7,0,0
105334,57,1968,2,1,1,2650.0,33500.0,665.0,0.0,663.64,18,6,1,0
105335,45,1980,4,1,1,1070.0,13000.0,436.0,1393.26,916.61,15,1,1,1
105336,67,1958,12,1,1,1200.0,13000.0,700.0,,0.0,6,9,0,0
105337,44,1981,15,1,1,1200.0,15500.0,659.0,0.0,0.0,15,4,0,0
105338,34,1991,4,2,0,1490.0,35000.0,695.0,23080.42,17378.89,8,0,0,0
105339,64,1961,2,2,1,1640.0,25000.0,625.0,8041.62,1091.2,21,0,2,1
105340,26,1998,3,2,1,1160.0,14500.0,,2908.12,3506.51,19,2,0,0
105341,41,1983,4,1,1,2490.0,31500.0,,10820.67,1987.62,10,0,1,1
105342,42,1982,15,1,1,4200.0,76500.0,700.0,138928.91,132598.78,18,6,0,0
105343,62,1963,0,1,1,2380.0,41000.0,668.0,,18048.38,13,2,0,1
105344,54,1970,8,3,0,2030.0,25500.0,660.0,8623.74,3507.93,2,0,0,1
105345,49,1976,6,1,1,2780.0,21000.0,639.0,2589.22,2388.25,22,3,1,0
105346,71,1954,21,2,1,1700.0,10000.0,702.0,0.0,119.9,12,0,1,0
105347,48,1976,18,1,1,1250.0,17500.0,661.0,26904.51,27438.49,2,13,1,1
105348,27,1998,0,1,1,1830.0,18500.0,,6952.01,6284.77,10,0,0,1
105349,30,1995,3,3,1,,6500.0,583.0,1211.32,1128.58,23,9,0,0
105350,25,1999,5,1,0,2360.0,17000.0,603.0,81152.08,84512.66,7,4,0,0
105351,46,1979,13,1,1,1420.0,18000.0,,10590.04,11273.97,13,0,0,0
105352,45,1980,22,2,1,2680.0,38500.0,660.0,1728.32,1401.57,13,5,0,1
105353,52,1973,5,1,1,1420.0,29500.0,554.0,15292.26,25538.94,13,6,0,0
105354,50,1975,9,1,1,4990.0,47500.0,661.0,238486.53,209265.2,18,0,0,1
105355,49,1976,10,1,0,,28000.0,550.0,4833.41,4915.33,8,3,0,0
105356,72,1953,7,1,0,1430.0,15500.0,568.0,15410.27,4083.84,7,0,0,1
105357,51,1973,16,1,1,1770.0,18500.0,642.0,0.0,0.0,14,7,0,0
105358,34,1991,2,2,1,1400.0,16500.0,615.0,0.0,0.0,5,19,0,0
105359,39,1986,6,3,1,2120.0,29500.0,578.0,7226.53,6975.36,14,0,0,0
105360,39,1986,17,3,1,1790.0,28500.0,763.0,7964.76,8307.51,11,0,0,0
105361,45,1979,9,2,1,,30500.0,650.0,5449.51,4603.18,10,1,1,1
105362,24,2001,2,3,1,1940.0,17500.0,543.0,0.0,178.9,10,2,0,0
105363,62,1963,13,3,1,,13000.0,589.0,22663.8,27064.25,24,0,0,0
105364,28,1997,5,2,1,2520.0,48000.0,664.0,22346.05,21998.68,37,3,0,0
105365,54,1971,12,1,1,1390.0,23000.0,624.0,2493.51,2571.94,14,11,1,0
105366,59,1965,25,1,1,1970.0,25500.0,674.0,20727.36,24563.25,11,8,1,0
105367,57,1967,14,2,0,2650.0,54500.0,631.0,11263.63,9532.75,4,0,0,1
105368,49,1976,0,3,1,,8500.0,590.0,0.0,0.0,6,6,1,1
105369,47,1977,8,1,1,,17500.0,711.0,4934.12,1494.01,5,9,1,1
105370,71,1954,23,1,0,1810.0,14500.0,769.0,165243.72,142065.56,8,0,0,0
105371,58,1966,19,2,0,2480.0,18500.0,760.0,24234.26,24010.72,1,2,0,1
105372,27,1997,2,1,1,,33500.0,,2702.86,2697.52,17,0,0,1
105373,56,1968,11,2,0,1930.0,19000.0,636.0,7105.62,4095.77,3,2,0,1
105374,30,1995,11,1,1,1870.0,24000.0,659.0,2809.03,2341.39,19,5,1,0
105375,59,1965,26,1,1,1990.0,17000.0,581.0,,21631.87,5,13,1,0
105376,58,1967,13,2,1,1600.0,19500.0,536.0,71760.06,70178.79,26,14,0,0
105377,85,1940,3,2,0,2660.0,33500.0,746.0,0.0,0.0,7,0,0,0
105378,49,1976,29,1,1,,15500.0,767.0,8001.92,3980.69,18,4,0,0
105379,44,1981,18,2,0,1930.0,29500.0,736.0,,10679.0,6,0,0,1
105380,42,1983,17,2,1,,54500.0,612.0,19178.94,18159.02,14,1,0,1
105381,56,1969,15,1,0,,13500.0,616.0,2019.5,1501.09,5,4,0,1
105382,55,1970,6,1,1,1780.0,18500.0,788.0,5201.9,4737.28,17,0,1,0
105383,54,1970,17,1,1,2190.0,40500.0,589.0,26228.61,21691.89,9,10,1,0
105384,65,1960,3,1,0,2490.0,30500.0,679.0,,8375.38,0,0,0,0
105385,55,1970,11,1,0,1270.0,17500.0,730.0,6525.21,7053.25,2,0,0,0
105386,25,1999,0,1,1,910.0,20500.0,618.0,0.0,0.0,14,13,0,0
105387,40,1985,12,3,0,1180.0,15500.0,631.0,3868.04,4268.23,7,5,0,0
105388,49,1976,23,2,1,2120.0,29500.0,580.0,,19301.23,18,0,0,1
105389,54,1971,25,1,1,3590.0,33000.0,718.0,55500.73,59355.84,24,0,0,0
105390,29,1996,6,1,1,750.0,8000.0,610.0,0.0,0.0,15,18,0,0
105391,64,1961,15,3,1,2670.0,16000.0,568.0,19048.32,15705.19,28,20,0,0
105392,41,1984,13,1,0,,11500.0,697.0,4365.93,4901.83,1,0,1,1
105393,61,1964,20,1,1,3830.0,36500.0,850.0,56249.68,46236.41,17,0,0,0
105394,60,1965,31,2,1,,29000.0,746.0,199352.76,163121.46,15,0,0,0
105395,37,1987,4,1,1,1610.0,17500.0,610.0,4621.94,3776.97,6,11,0,0
105396,57,1968,17,1,1,840.0,14000.0,596.0,2269.01,1929.99,4,15,0,0
105397,65,1959,2,1,0,1440.0,24500.0,637.0,14206.78,14443.26,6,0,0,0
105398,49,1976,3,2,1,,11500.0,658.0,,10750.95,17,0,0,0
105399,57,1967,19,3,1,2480.0,49000.0,719.0,292726.85,265310.85,14,1,0,1
105400,30,1994,3,1,1,2570.0,28500.0,672.0,11891.05,9988.6,16,9,0,0
105401,29,1995,8,1,1,,16500.0,611.0,11749.71,27960.15,18,7,0,0
105402,53,1972,14,1,1,1400.0,12000.0,623.0,5342.69,5161.38,2,6,0,1
105403,19,2006,1,1,1,1220.0,8500.0,,3964.63,3684.35,9,21,0,0
105404,38,1987,13,2,1,2660.0,33000.0,,82667.94,94282.91,35,6,1,0
105405,46,1978,16,2,1,1220.0,14000.0,602.0,1791.69,1775.33,21,10,1,0
105406,57,1968,13,1,0,2480.0,46500.0,612.0,6614.89,8004.66,6,3,1,0
105407,68,1957,18,2,1,1770.0,13000.0,819.0,19943.41,18584.14,10,0,0,0
105408,62,1963,15,3,1,,30000.0,506.0,97264.79,90616.42,47,0,0,0
105409,28,1996,1,1,1,,21500.0,661.0,3494.17,3604.59,11,12,0,0
105410,42,1983,7,2,0,1440.0,30500.0,594.0,421.89,469.78,0,2,0,0
105411,53,1972,11,2,1,2340.0,31000.0,680.0,11743.32,11895.78,10,8,0,0
105412,41,1984,8,2,1,,16000.0,717.0,10349.54,8878.48,0,22,0,0
105413,53,1972,9,1,1,,10000.0,709.0,4406.72,4334.13,14,2,0,0
105414,32,1993,11,2,1,1520.0,23500.0,671.0,12331.14,9420.19,33,1,0,0
105415,33,1991,5,1,1,1220.0,18000.0,708.0,20815.96,16512.43,31,7,0,0
105416,87,1938,6,1,1,1710.0,18000.0,743.0,99200.75,125906.39,14,0,0,0
105417,40,1985,4,1,1,,21000.0,572.0,,126015.45,12,0,0,0
105418,46,1979,14,1,1,1970.0,23500.0,602.0,3213.28,3931.09,20,10,0,1
105419,64,1960,15,3,1,,19000.0,743.0,4338.56,3889.27,17,17,1,0
105420,47,1978,25,2,1,1860.0,15500.0,630.0,690.39,719.08,30,13,0,0
105421,68,1957,12,2,0,1400.0,13000.0,725.0,7547.85,7247.59,7,5,0,0
105422,86,1939,15,1,1,3740.0,28000.0,850.0,163226.43,61650.16,10,0,1,0
105423,52,1972,1,1,0,5130.0,39000.0,767.0,581061.18,588218.73,6,0,0,0
105424,90,1935,3,1,1,1250.0,22500.0,619.0,8488.82,7478.54,10,0,0,0
105425,41,1984,7,4,1,2310.0,25000.0,707.0,11409.88,11329.08,15,0,0,0
105426,18,2006,0,1,1,3260.0,74500.0,625.0,,0.0,31,10,0,0
105427,53,1972,0,1,0,950.0,17000.0,,829.56,863.78,9,4,0,0
105428,56,1969,16,1,1,3130.0,50500.0,666.0,400671.51,207113.36,39,18,0,0
105429,28,1997,3,1,1,,15000.0,,10156.35,11937.68,11,1,1,1
105430,27,1998,2,2,0,2160.0,20500.0,679.0,3068.58,3018.18,7,0,0,0
105431,34,1991,3,2,1,,16000.0,547.0,1090.59,1201.23,36,17,0,0
105432,22,2003,4,1,1,1540.0,15500.0,686.0,0.0,0.0,8,10,0,0
105433,47,1978,10,1,0,,20500.0,850.0,13926.86,9504.55,3,0,0,1
105434,37,1988,4,1,0,,6500.0,707.0,923.15,955.49,2,5,0,0
105435,73,1952,20,4,1,1070.0,7000.0,544.0,8527.98,6873.48,15,0,0,0
105436,64,1961,25,1,1,2280.0,32000.0,597.0,0.0,0.0,20,4,0,0
105437,44,1981,9,1,1,1220.0,12000.0,623.0,4714.33,5548.46,17,8,1,0
105438,44,1981,8,1,0,2780.0,26000.0,,2715.4,2838.5,6,3,0,0
105439,68,1956,9,1,1,1870.0,25500.0,815.0,10897.9,10541.12,25,1,2,0
105440,59,1966,19,2,1,1680.0,23000.0,566.0,21452.79,8101.17,18,12,0,0
105441,25,2000,5,1,1,1210.0,11500.0,,0.0,0.0,11,35,0,0
105442,50,1975,7,2,1,2830.0,38500.0,544.0,5898.75,5735.45,25,2,1,0
105443,54,1971,6,1,1,,41000.0,724.0,12045.26,12007.41,18,0,1,0
105444,50,1975,19,1,1,2230.0,17000.0,592.0,10664.31,11304.68,19,9,2,0
105445,61,1964,10,2,0,,24000.0,787.0,9594.27,10075.58,9,0,0,0
105446,40,1985,5,1,1,1340.0,13500.0,573.0,2585.49,2505.16,11,0,0,0
105447,20,2005,1,3,1,,15500.0,,501.61,386.23,14,5,0,1
105448,63,1961,33,1,1,1980.0,30000.0,799.0,88926.79,77578.18,10,1,0,0
105449,32,1993,7,2,1,1740.0,23500.0,677.0,0.0,161.18,21,12,0,0
105450,40,1984,11,2,1,2540.0,20500.0,763.0,20974.13,5763.79,13,0,0,0
105451,51,1973,12,1,1,1130.0,8000.0,655.0,18101.15,20319.78,8,10,0,0
105452,26,1999,2,3,1,,12500.0,505.0,,316.53,46,9,0,0
105453,45,1980,8,1,0,1980.0,12000.0,612.0,12782.3,12021.54,4,2,0,0
105454,31,1994,7,1,1,1840.0,40500.0,570.0,17202.13,16048.69,6,16,0,0
105455,36,1989,9,1,1,2530.0,38000.0,675.0,21766.54,19168.26,16,3,1,0
105456,31,1994,7,2,1,1240.0,16000.0,672.0,0.0,0.0,18,2,0,0
105457,29,1996,2,1,1,1640.0,15000.0,574.0,7141.48,9808.23,14,14,1,0
105458,59,1966,12,3,0,1930.0,18500.0,693.0,6994.54,7511.97,4,0,0,0
105459,56,1969,1,2,0,,36500.0,698.0,8957.19,8900.73,9,4,1,1
105460,48,1977,7,3,0,,18000.0,587.0,6116.56,5613.64,4,0,1,1
105461,38,1987,1,1,1,1620.0,19500.0,717.0,4721.96,3588.04,22,0,1,0
105462,28,1997,6,1,1,,32500.0,721.0,16329.34,18427.01,4,6,0,1
105463,18,2006,0,1,1,1410.0,10500.0,651.0,,730.54,11,5,0,0
105464,37,1988,5,1,1,1890.0,42000.0,645.0,0.0,0.0,6,6,0,0
105465,41,1984,0,1,1,1620.0,14500.0,542.0,7066.46,1730.08,15,5,0,1
105466,51,1974,15,1,1,3170.0,36500.0,801.0,41641.81,4337.58,10,0,1,1
105467,60,1965,30,2,1,1750.0,27500.0,699.0,35457.3,39230.61,11,0,2,1
105468,45,1980,16,2,0,3710.0,40500.0,683.0,28244.4,19024.45,4,0,0,1
105469,47,1978,6,1,1,,73000.0,727.0,12113.8,13962.72,7,6,0,0
105470,36,1989,2,1,1,,15000.0,697.0,996.45,1120.43,10,0,0,0
105471,44,1981,10,2,1,1880.0,24000.0,570.0,11782.71,13027.89,21,1,1,0
105472,54,1971,24,2,0,,21500.0,,0.0,0.0,7,1,0,1
105473,32,1992,3,1,1,2860.0,30500.0,586.0,7855.14,7432.49,10,3,0,0
105474,45,1980,13,2,1,1290.0,13000.0,578.0,770.93,776.73,10,10,0,0
105475,47,1978,12,1,0,3210.0,32000.0,625.0,19961.16,18565.77,5,2,0,0
105476,32,1993,2,1,0,1470.0,23500.0,617.0,695.71,685.43,3,4,0,0
105477,29,1996,3,2,1,1700.0,15000.0,564.0,7125.69,9125.2,51,1,0,0
105478,66,1959,25,2,1,2450.0,37000.0,834.0,266079.09,209447.62,17,0,0,0
105479,58,1967,8,1,0,2100.0,17500.0,666.0,15394.89,7392.67,4,0,0,1
105480,41,1983,1,2,1,,30000.0,678.0,12463.05,13791.89,22,3,0,0
105481,45,1980,23,2,1,,28000.0,696.0,9698.57,9789.36,11,9,0,0
105482,58,1966,28,2,1,,14500.0,659.0,11047.29,12548.57,14,1,0,0
105483,31,1994,0,2,1,2030.0,9500.0,546.0,14100.51,15580.55,13,7,0,0
105484,45,1980,17,3,1,,18500.0,757.0,6995.62,7598.75,26,4,1,1
105485,59,1965,21,1,0,1620.0,22000.0,713.0,9683.84,10532.9,3,0,0,1
105486,34,1991,10,3,1,1370.0,21000.0,610.0,4766.77,828.68,38,1,0,0
105487,49,1976,23,4,1,4300.0,50000.0,650.0,346490.83,372832.25,19,0,0,0
105488,18,2007,0,1,1,2950.0,27500.0,,5654.98,6170.14,18,3,0,0
105489,47,1978,5,1,1,1770.0,15000.0,477.0,7412.75,9089.45,0,12,1,0
105490,44,1981,11,1,1,2220.0,42500.0,638.0,,39383.93,8,18,0,0
105491,74,1951,10,1,0,1870.0,27000.0,661.0,0.0,0.0,7,0,0,0
105492,49,1975,22,3,1,3630.0,47000.0,715.0,18721.98,19967.78,23,12,1,0
105493,39,1986,5,1,1,,9000.0,748.0,,7656.7,5,6,1,1
105494,54,1971,7,2,1,,92000.0,686.0,11781.79,12756.41,8,6,0,1
105495,49,1976,23,1,1,1050.0,10500.0,593.0,3630.06,1875.85,2,11,0,1
105496,32,1993,13,2,1,,14500.0,,1782.41,1439.52,23,3,0,0
105497,46,1979,12,1,1,2750.0,41000.0,,12058.4,13294.85,17,3,0,0
105498,75,1950,6,1,0,,11000.0,654.0,19967.83,16570.35,9,0,0,1
105499,53,1972,23,2,1,2810.0,59500.0,631.0,0.0,0.0,13,0,2,1
105500,24,2000,3,1,1,,33500.0,699.0,451.04,158.92,7,10,0,1
105501,43,1982,0,2,1,2590.0,34500.0,642.0,18955.84,17407.47,18,12,1,0
105502,52,1973,18,2,0,,60500.0,660.0,0.0,0.0,6,5,1,1
105503,45,1979,8,1,1,900.0,12500.0,492.0,846.9,953.3,7,16,0,0
105504,68,1957,20,1,0,1090.0,16500.0,732.0,,15230.54,4,0,0,0
105505,40,1985,14,2,1,3760.0,33500.0,593.0,0.0,1502.07,27,1,0,0
105506,71,1954,24,1,1,1510.0,24000.0,567.0,28538.24,32303.61,11,0,0,0
105507,37,1988,3,2,1,,27000.0,563.0,,4976.06,36,19,0,0
105508,46,1979,11,2,1,1050.0,14000.0,676.0,0.0,0.0,3,7,0,0
105509,64,1960,8,1,1,4460.0,90000.0,701.0,69679.92,65848.47,19,3,0,0
105510,22,2003,0,1,1,2770.0,36500.0,,1528.92,1321.87,12,0,0,0
105511,33,1992,6,1,0,,15500.0,789.0,17576.7,15712.88,8,0,0,1
105512,55,1970,33,2,1,,31500.0,649.0,0.0,0.0,21,4,0,1
105513,69,1956,8,1,0,2250.0,25000.0,637.0,107643.64,101470.53,2,0,0,1
105514,36,1989,0,1,1,2720.0,34500.0,537.0,0.0,0.0,13,1,0,1
105515,55,1970,3,1,0,1650.0,18000.0,617.0,2750.71,2662.08,7,0,0,0
105516,29,1996,5,1,1,1240.0,20000.0,661.0,1400.22,1335.49,12,4,0,0
105517,54,1971,26,1,0,2160.0,18500.0,608.0,8750.44,7525.28,3,2,0,1
105518,70,1955,11,2,0,830.0,13500.0,540.0,2001.62,1989.64,4,0,0,0
105519,42,1982,6,1,0,2430.0,77500.0,,31459.42,31145.2,5,0,0,0
105520,39,1986,4,1,0,1110.0,19000.0,653.0,4158.49,3339.03,9,2,0,1
105521,66,1959,15,2,0,1930.0,20000.0,643.0,238912.8,204497.46,3,0,1,0
105522,57,1968,6,1,1,1360.0,11000.0,542.0,4127.98,1614.1,8,7,0,1
105523,61,1964,0,2,1,3240.0,31500.0,695.0,0.0,0.0,14,2,0,0
105524,64,1961,25,2,1,1670.0,18500.0,632.0,0.0,0.0,13,4,1,0
105525,45,1980,17,1,1,2570.0,20500.0,679.0,5643.51,6386.09,39,1,0,0
105526,61,1964,29,1,1,,17500.0,634.0,8010.74,8768.77,6,8,0,0
105527,73,1951,14,2,1,1990.0,58000.0,712.0,0.0,0.0,20,0,0,0
105528,41,1984,15,1,1,2430.0,48000.0,668.0,12415.0,14326.06,20,30,0,0
105529,60,1965,2,3,1,2580.0,39000.0,691.0,6998.78,7787.92,8,6,0,0
105530,40,1985,6,1,1,2460.0,22000.0,696.0,3245.76,3630.28,6,9,0,0
105531,68,1957,23,1,1,2260.0,30000.0,685.0,176655.42,172916.79,13,2,0,0
105532,55,1970,6,3,1,2280.0,29000.0,625.0,10900.75,14456.82,22,5,0,0
105533,27,1998,2,1,1,2350.0,25500.0,657.0,3587.4,3171.51,4,8,0,1
105534,49,1976,7,3,1,2760.0,20000.0,587.0,1370.96,1228.58,16,7,0,0
105535,39,1985,6,1,1,2400.0,20000.0,532.0,,21070.67,6,10,1,0
105536,59,1966,9,1,1,,73500.0,791.0,27176.04,27795.74,15,10,1,0
105537,44,1981,4,1,0,2260.0,21500.0,631.0,2441.38,1671.31,7,0,0,1
105538,45,1980,8,4,0,1760.0,27000.0,685.0,10008.49,5244.69,2,0,0,1
105539,56,1969,14,3,1,3220.0,24500.0,717.0,51203.89,54088.19,10,3,0,0
105540,39,1985,5,2,1,1500.0,21500.0,633.0,5553.53,5370.56,26,5,1,1
105541,18,2007,0,1,1,2270.0,30000.0,,41664.85,56834.68,12,9,0,0
105542,38,1987,6,1,1,1490.0,14500.0,557.0,635.25,421.68,3,6,0,1
105543,37,1988,8,1,1,1520.0,19500.0,,0.0,0.0,13,10,0,0
105544,69,1955,15,2,0,760.0,9500.0,686.0,815.38,914.97,4,0,0,0
105545,22,2003,2,2,1,2260.0,30500.0,678.0,4393.97,4409.02,28,12,0,0
105546,73,1952,11,2,1,1440.0,11500.0,639.0,6892.56,2632.09,15,6,0,0
105547,48,1976,0,1,1,,28000.0,612.0,8931.27,10507.0,16,0,0,0
105548,52,1973,18,2,0,940.0,4500.0,563.0,23559.67,22844.24,9,0,1,1
105549,44,1981,8,1,1,2150.0,22000.0,684.0,5657.93,5763.19,7,7,0,0
105550,43,1982,12,2,1,1370.0,8500.0,629.0,14373.79,1579.21,19,0,0,0
105551,38,1987,7,1,1,1220.0,12500.0,657.0,,8935.36,4,11,0,0
105552,76,1949,6,1,1,,15500.0,708.0,23649.43,22515.68,16,0,1,1
105553,36,1989,4,1,1,1700.0,17000.0,688.0,2058.04,2013.96,12,21,0,0
105554,53,1971,9,2,0,2950.0,50500.0,739.0,40864.47,40383.15,1,4,1,0
105555,49,1976,27,1,0,1730.0,18500.0,637.0,4551.08,4681.53,4,2,1,0
105556,47,1978,11,3,1,,48500.0,654.0,9250.57,9566.3,27,19,0,0
105557,61,1964,11,2,1,3530.0,46500.0,782.0,16533.39,16043.02,19,19,0,0
105558,54,1970,14,4,0,2890.0,39000.0,749.0,20953.36,20460.44,1,2,0,1
105559,20,2005,1,2,1,960.0,12500.0,561.0,393.92,335.73,40,5,1,0
105560,21,2004,0,1,1,,65000.0,,1096.9,917.61,11,1,0,0
105561,38,1986,12,1,1,2310.0,13000.0,669.0,5880.49,6605.08,13,6,0,0
105562,67,1957,0,1,1,1010.0,19500.0,635.0,1244.28,1630.39,10,2,0,0
105563,75,1949,4,1,1,1380.0,26500.0,585.0,11375.79,10652.64,20,0,1,0
105564,41,1984,8,1,1,1820.0,24000.0,724.0,15930.35,15290.22,12,3,0,0
105565,47,1978,9,1,1,2100.0,29000.0,615.0,8029.88,8063.12,20,1,0,0
105566,29,1996,1,2,1,1060.0,19000.0,532.0,6519.15,6710.89,25,16,0,0
105567,51,1974,22,1,1,,23000.0,645.0,19124.78,18754.0,15,0,1,0
105568,51,1974,18,2,1,2160.0,45500.0,634.0,76896.69,91282.04,22,12,1,0
105569,37,1988,12,1,0,1430.0,16500.0,595.0,3226.37,3240.19,2,3,1,0
105570,44,1980,14,2,1,2250.0,35500.0,581.0,2201.05,1707.4,13,3,1,1
105571,53,1972,6,1,0,2670.0,50500.0,697.0,42147.79,36197.08,2,0,1,1
105572,72,1953,11,1,1,1540.0,17000.0,,38827.49,37308.62,11,0,0,0
105573,75,1949,5,1,0,2610.0,30000.0,660.0,74025.67,80934.01,8,0,0,0
105574,85,1940,29,3,1,,35000.0,850.0,218887.66,194042.49,14,0,0,0
105575,37,1988,5,1,1,2100.0,25500.0,618.0,48567.46,45882.21,8,8,1,0
105576,18,2006,0,2,1,1700.0,24000.0,,2727.93,2765.65,15,9,0,0
105577,48,1977,16,3,1,1690.0,21000.0,701.0,37679.72,34905.25,17,9,1,1
105578,29,1996,1,1,1,2640.0,26500.0,753.0,17685.52,19964.29,11,10,0,0
105579,54,1971,22,2,1,2000.0,18000.0,768.0,19212.5,20401.07,14,0,0,0
105580,41,1984,3,2,1,2730.0,20500.0,765.0,62951.5,44732.44,22,0,0,0
105581,35,1990,13,1,1,2070.0,25000.0,713.0,39603.38,112584.5,25,4,0,0
105582,45,1980,13,2,0,,61500.0,633.0,145680.02,130604.35,1,4,0,0
105583,62,1963,23,1,1,1660.0,21500.0,622.0,8479.26,9331.39,11,0,1,0
105584,52,1973,1,1,0,,23500.0,584.0,3085.87,3002.38,7,2,1,1
105585,46,1979,1,2,1,2130.0,43000.0,674.0,4632.0,5978.09,17,3,0,0
105586,34,1991,7,3,1,3470.0,38500.0,699.0,34522.16,87361.29,28,8,0,0
105587,29,1995,5,2,1,1890.0,35000.0,711.0,5503.18,5842.17,16,10,1,0
105588,52,1973,6,1,0,1790.0,11500.0,698.0,68001.24,65127.55,5,4,0,1
105589,40,1984,12,1,1,2280.0,38000.0,649.0,8703.22,8936.66,10,8,0,0
105590,31,1994,2,2,1,1320.0,14500.0,676.0,0.0,0.0,15,3,0,0
105591,54,1970,31,2,1,2880.0,37500.0,666.0,74016.2,71767.01,19,7,1,1
105592,46,1979,20,4,0,3580.0,56500.0,672.0,105666.71,181766.6,8,4,0,0
105593,42,1983,21,3,1,1590.0,14500.0,705.0,941.0,857.35,12,0,1,1
105594,70,1954,12,1,0,2590.0,41500.0,779.0,70337.58,69989.29,4,0,0,0
105595,36,1989,17,2,1,830.0,10000.0,586.0,1730.33,1908.29,44,5,1,0
105596,61,1964,25,2,1,,22000.0,611.0,38732.09,36291.14,17,0,1,0
105597,48,1976,0,1,0,2290.0,17500.0,,0.0,0.0,7,0,0,1
105598,53,1972,21,2,0,3190.0,53000.0,780.0,30328.58,32394.86,2,0,0,1
105599,48,1977,19,3,1,,5500.0,644.0,1434.13,1646.45,15,2,1,1
105600,61,1963,28,3,1,2300.0,24000.0,719.0,139553.38,113486.46,12,0,1,0
105601,69,1956,2,1,1,1970.0,35500.0,685.0,15667.12,16675.59,13,0,0,0
105602,27,1998,1,1,1,1100.0,10000.0,657.0,2614.48,2383.43,3,6,1,1
105603,64,1961,22,2,1,,12500.0,736.0,416051.74,306979.3,31,6,0,0
105604,42,1983,4,2,1,,16500.0,501.0,2107.62,1038.62,7,15,0,1
105605,52,1973,2,2,1,2760.0,54000.0,751.0,22356.59,4604.11,34,6,0,0
105606,51,1974,10,1,1,3290.0,37500.0,672.0,0.0,0.0,11,3,0,0
105607,38,1986,7,1,0,4100.0,37000.0,686.0,0.0,0.0,5,0,0,0
105608,38,1987,9,2,1,2520.0,52500.0,729.0,20408.06,22460.85,21,18,0,0
105609,49,1975,7,2,1,1530.0,22000.0,567.0,10822.97,11633.44,11,6,0,0
105610,37,1987,5,2,1,2960.0,18500.0,764.0,,72077.19,63,17,0,0
105611,57,1968,13,1,1,6160.0,85000.0,708.0,14747.76,15627.24,30,0,0,0
105612,24,2001,3,1,1,1260.0,19000.0,628.0,1822.02,2063.32,13,1,0,0
105613,44,1981,8,1,1,3910.0,47000.0,636.0,5198.94,4647.62,21,0,0,0
105614,67,1958,20,4,1,2750.0,37500.0,686.0,47478.82,45147.26,6,9,0,0
105615,44,1981,16,3,1,3080.0,33000.0,591.0,9146.79,7582.72,10,1,0,0
105616,32,1993,5,1,0,1780.0,19500.0,722.0,1227.46,1253.84,2,1,0,1
105617,45,1980,9,1,0,2280.0,21000.0,641.0,15476.29,11948.19,2,3,0,0
105618,31,1994,4,1,1,1190.0,10500.0,583.0,1953.93,2285.47,14,11,0,0
105619,58,1967,13,3,1,3970.0,51500.0,612.0,12809.01,5732.34,22,0,0,0
105620,48,1977,9,2,1,1650.0,20000.0,743.0,6280.09,6681.42,18,7,0,0
105621,43,1982,1,1,1,2350.0,34000.0,579.0,5628.01,5226.83,11,4,0,0
105622,57,1968,6,1,1,2580.0,43500.0,759.0,0.0,0.0,12,7,0,1
105623,45,1980,9,1,1,2460.0,24000.0,,0.0,0.0,1,28,1,1
105624,36,1988,3,1,1,,28000.0,,6327.71,5007.08,15,7,0,0
105625,41,1984,12,1,1,2010.0,29500.0,736.0,35642.04,40549.48,29,7,0,0
105626,34,1991,7,1,1,2050.0,27000.0,731.0,3681.45,4099.0,27,1,0,0
105627,30,1995,2,1,1,,14500.0,661.0,3616.21,3347.53,15,2,0,1
105628,55,1970,26,3,0,2700.0,65500.0,641.0,47736.0,47238.72,4,3,1,0
105629,36,1989,9,1,1,4240.0,29500.0,675.0,217955.53,42045.17,13,2,0,1
105630,37,1988,13,2,1,1260.0,18500.0,707.0,1425.12,1392.06,13,14,0,0
105631,59,1966,6,3,1,3460.0,59000.0,656.0,,107870.26,6,6,0,0
105632,26,1998,1,2,1,,11000.0,,3934.77,4187.44,39,10,0,0
105633,34,1991,6,2,1,,12000.0,702.0,36368.86,37872.04,35,9,0,0
105634,38,1987,3,1,1,1590.0,22000.0,774.0,6097.86,5448.01,15,4,0,0
105635,70,1955,10,2,0,,26500.0,752.0,26446.39,31155.49,5,0,0,0
105636,43,1982,8,3,1,4030.0,23000.0,711.0,28385.36,23321.54,15,6,0,0
105637,49,1975,1,2,1,1080.0,21000.0,544.0,6002.04,2275.48,6,16,0,0
105638,47,1978,18,1,1,1610.0,13500.0,559.0,0.0,0.0,19,6,0,0
105639,27,1997,7,1,1,,19500.0,676.0,21690.13,23451.74,27,3,1,0
105640,52,1972,10,1,1,,74500.0,833.0,438910.03,446621.46,19,9,0,0
105641,59,1966,13,2,0,840.0,14500.0,602.0,6393.8,6715.1,9,4,0,0
105642,72,1952,23,3,0,,8000.0,687.0,,288574.8,6,0,0,0
105643,43,1982,6,1,1,2080.0,15500.0,762.0,72410.31,71081.66,10,2,0,0
105644,55,1970,8,1,0,2140.0,23500.0,712.0,90128.02,105020.46,6,0,0,1
105645,60,1965,3,1,0,1670.0,15500.0,618.0,852.05,800.12,8,0,0,0
105646,47,1978,12,2,1,1160.0,16500.0,598.0,6555.28,6390.79,14,3,0,0
105647,78,1946,16,1,0,,23500.0,558.0,77023.93,42497.81,7,0,0,0
105648,75,1950,28,2,0,1810.0,30500.0,648.0,16472.96,15168.89,5,0,0,0
105649,68,1957,23,3,1,1750.0,20000.0,746.0,0.0,0.0,16,0,0,0
105650,27,1998,7,1,1,,24500.0,673.0,0.0,0.0,6,15,0,0
105651,43,1982,10,1,1,3890.0,49500.0,597.0,23555.31,35195.17,39,15,0,0
105652,58,1967,22,3,1,3840.0,36500.0,803.0,262430.77,304804.87,22,7,0,0
105653,48,1977,7,2,1,1840.0,21500.0,543.0,5093.21,5327.39,20,8,0,0
105654,21,2004,0,1,1,1240.0,23500.0,,0.0,0.0,10,21,0,0
105655,50,1975,29,1,1,2400.0,45000.0,808.0,16844.16,16964.77,3,8,1,0
105656,77,1947,17,3,1,1510.0,16500.0,705.0,30133.9,23323.8,11,0,0,0
105657,71,1954,20,2,1,1170.0,16000.0,780.0,66089.14,12385.49,13,0,0,1
105658,59,1966,23,2,1,1410.0,20000.0,632.0,21200.79,19482.66,15,0,1,0
105659,48,1977,3,3,1,4060.0,37000.0,540.0,24700.75,20770.94,45,0,0,0
105660,47,1978,5,2,1,,25000.0,623.0,0.0,0.0,24,0,0,0
105661,51,1973,18,1,0,3510.0,51500.0,749.0,51536.72,58064.13,0,3,0,0
105662,39,1986,5,1,1,,28500.0,694.0,6689.86,6788.61,36,5,0,0
105663,40,1984,14,2,1,1560.0,13000.0,654.0,2387.59,2228.74,15,14,1,0
105664,49,1976,24,3,0,,18500.0,637.0,11089.72,12529.99,6,0,0,0
105665,77,1947,20,2,1,2690.0,25500.0,690.0,40714.62,43669.72,16,0,0,0
105666,55,1970,2,1,1,3640.0,55500.0,729.0,18653.14,14976.17,12,4,0,0
105667,51,1973,30,2,1,2630.0,49500.0,619.0,35027.47,40326.68,12,0,0,0
105668,63,1961,12,1,0,2690.0,25000.0,723.0,19748.61,15411.0,5,0,0,0
105669,72,1953,16,3,1,1140.0,10000.0,675.0,145279.98,134887.95,21,4,0,0
105670,64,1961,9,2,1,1870.0,14500.0,506.0,,13611.84,27,0,0,0
105671,31,1994,3,1,1,3130.0,60500.0,662.0,66123.7,58488.25,11,7,0,1
105672,73,1952,19,1,0,,6500.0,558.0,37485.96,37974.21,5,0,1,0
105673,60,1965,1,2,0,,17500.0,654.0,1578.42,216.12,2,0,0,1
105674,28,1997,6,1,1,1350.0,39500.0,744.0,1321.84,1801.77,11,9,1,0
105675,42,1983,20,3,1,1900.0,26000.0,648.0,0.0,0.0,16,5,0,1
105676,18,2007,0,1,1,1890.0,35000.0,,1727.09,1642.6,23,11,0,0
105677,35,1990,12,2,1,1120.0,20000.0,,2722.6,2881.74,12,2,0,0
105678,45,1980,14,2,1,1710.0,18000.0,750.0,100023.13,102191.84,19,5,0,0
105679,51,1973,10,2,0,1980.0,23500.0,621.0,9377.08,8735.75,5,0,0,0
105680,41,1984,6,3,0,2440.0,21000.0,813.0,11976.96,9953.27,2,0,1,0
105681,50,1975,19,2,1,3520.0,66500.0,710.0,22885.81,25624.7,19,0,1,0
105682,39,1986,15,1,0,930.0,8000.0,681.0,1393.75,1347.63,5,5,0,0
105683,53,1971,23,1,0,1490.0,16500.0,714.0,11123.33,11902.89,8,0,0,0
105684,46,1979,5,1,1,2610.0,29000.0,576.0,,13137.87,13,11,0,0
105685,56,1968,6,1,1,,27500.0,,8593.92,4773.23,14,1,0,1
105686,61,1964,23,1,0,1260.0,18500.0,652.0,0.0,335.88,9,2,0,0
105687,58,1967,7,2,1,,30000.0,,9942.94,10097.84,16,2,1,0
105688,43,1982,4,2,1,2950.0,25500.0,615.0,11732.97,9725.55,18,4,1,0
105689,20,2005,1,2,1,1920.0,31500.0,,108684.31,105871.32,22,2,0,0
105690,54,1971,14,2,1,2220.0,40500.0,672.0,114004.25,122816.81,15,1,0,0
105691,25,2000,5,1,1,1220.0,16000.0,564.0,3521.5,3576.92,11,2,0,0
105692,58,1967,18,1,0,2520.0,20500.0,557.0,21443.49,4599.65,1,0,0,1
105693,64,1961,1,1,1,,32500.0,575.0,31985.6,32993.03,15,0,0,0
105694,62,1962,7,2,1,3110.0,42000.0,728.0,0.0,0.0,13,0,1,0
105695,65,1959,13,1,0,1440.0,17000.0,752.0,0.0,0.0,6,4,0,0
105696,63,1962,6,2,0,2190.0,19000.0,717.0,6318.06,8375.84,3,3,0,0
105697,33,1991,0,1,1,,24500.0,645.0,34113.39,11142.67,18,2,0,1
105698,27,1998,1,1,1,590.0,5000.0,,376.2,362.57,19,9,0,0
105699,18,2007,0,1,1,,10000.0,,0.0,0.0,3,10,0,1
105700,48,1977,3,1,1,1530.0,20000.0,678.0,0.0,0.0,14,3,0,1
105701,53,1972,15,2,1,850.0,9500.0,602.0,1346.45,1348.16,17,0,0,0
105702,51,1974,2,1,1,1630.0,28000.0,565.0,9893.67,14961.8,1,22,0,0
105703,45,1980,0,1,1,790.0,12500.0,659.0,547.29,549.0,18,0,0,1
105704,61,1964,3,1,0,1040.0,10500.0,600.0,0.0,0.0,3,0,1,0
105705,51,1974,6,2,1,,22500.0,721.0,68881.1,66643.4,15,12,0,0
105706,22,2003,2,1,0,,18000.0,494.0,429.7,393.25,6,0,0,0
105707,25,2000,5,1,1,1820.0,33500.0,724.0,11607.83,10663.41,8,19,0,0
105708,65,1960,12,1,0,1610.0,19500.0,573.0,,0.0,7,0,0,0
105709,54,1970,22,1,0,2240.0,24500.0,592.0,30888.95,87877.13,7,0,0,0
105710,24,2001,1,1,1,2670.0,33500.0,,0.0,0.0,21,14,0,0
105711,66,1958,18,1,1,1910.0,41500.0,656.0,13704.39,17820.41,13,0,0,0
105712,40,1985,14,1,1,1960.0,21500.0,746.0,41954.8,16427.42,18,20,1,1
105713,64,1960,16,2,1,1620.0,21500.0,690.0,,9626.13,13,7,0,0
105714,40,1984,6,1,0,2660.0,42000.0,726.0,58384.01,50370.06,3,2,0,1
105715,64,1960,3,1,0,1210.0,26000.0,615.0,0.0,0.0,2,0,0,1
105716,58,1967,17,1,1,1900.0,19500.0,713.0,7332.26,7433.39,6,14,0,0
105717,39,1986,2,1,0,1900.0,31500.0,631.0,1495.96,621.58,2,0,0,1
105718,39,1986,10,2,1,1880.0,35000.0,719.0,30134.12,34669.44,11,2,1,0
105719,67,1958,1,1,1,1950.0,20000.0,631.0,31178.57,42810.69,14,0,0,0
105720,52,1973,13,1,0,2720.0,31000.0,727.0,10369.4,5594.57,2,2,0,0
105721,30,1995,4,1,1,2840.0,21500.0,684.0,15229.61,18796.45,15,7,0,0
105722,31,1994,5,1,0,2340.0,38000.0,646.0,0.0,161.27,7,2,0,0
105723,39,1986,9,1,1,1540.0,14500.0,820.0,16535.25,15098.03,9,12,0,0
105724,44,1981,1,2,0,1910.0,11000.0,649.0,16955.07,13185.96,9,5,0,0
105725,28,1997,7,2,1,2120.0,24000.0,622.0,30714.77,39024.95,24,8,0,0
105726,72,1953,1,3,1,1540.0,17500.0,594.0,6938.84,8248.81,10,0,0,0
105727,32,1993,3,2,1,1550.0,11500.0,633.0,12516.98,11629.25,35,15,0,0
105728,30,1995,2,1,0,,10000.0,595.0,3386.73,3076.75,5,1,0,1
105729,18,2006,0,1,1,,21000.0,743.0,0.0,0.0,8,9,0,0
105730,43,1981,15,3,1,2440.0,21000.0,729.0,9956.92,8562.04,21,15,0,0
105731,41,1984,7,2,1,2380.0,22500.0,609.0,22054.82,18136.82,17,0,1,0
105732,57,1968,16,1,1,1740.0,20000.0,581.0,345.06,334.37,12,2,0,0
105733,39,1985,1,1,0,,10500.0,647.0,2493.94,2044.72,9,0,0,1
105734,45,1979,5,1,1,,40500.0,563.0,,12844.28,14,5,1,1
105735,44,1980,20,1,1,2510.0,58500.0,683.0,2493.59,3654.81,28,4,0,0
105736,46,1979,11,1,1,2010.0,24000.0,688.0,2601.26,2266.85,3,13,1,0
105737,40,1984,5,2,1,2710.0,24500.0,,72978.84,72529.14,15,9,0,0
105738,36,1989,3,1,1,1570.0,18000.0,527.0,14196.83,15505.5,16,6,0,0
105739,49,1976,5,1,0,,12500.0,701.0,7317.73,6340.72,3,3,0,1
105740,63,1962,17,1,0,,42000.0,727.0,21937.0,21724.39,0,2,0,0
105741,84,1941,12,1,1,1620.0,14000.0,716.0,0.0,0.0,13,0,0,0
105742,30,1995,6,1,1,1760.0,18000.0,581.0,0.0,0.0,11,2,0,1
105743,32,1993,4,2,1,,14000.0,825.0,13400.82,5662.71,11,3,0,1
105744,44,1981,11,1,1,2830.0,23500.0,669.0,88746.33,83265.97,14,8,0,0
105745,59,1966,9,3,0,4230.0,46000.0,574.0,45354.95,38208.69,8,0,0,0
105746,50,1975,10,1,0,,11500.0,595.0,,0.0,3,2,0,1
105747,37,1988,9,1,1,,11000.0,682.0,4175.61,2860.24,19,0,1,1
105748,59,1965,4,1,0,1830.0,25000.0,616.0,7586.68,10235.69,2,3,1,0
105749,26,1999,1,1,1,2250.0,28000.0,569.0,2429.78,2826.2,7,10,0,0
105750,40,1985,17,2,1,2830.0,16500.0,690.0,176060.42,191616.02,30,13,0,0
105751,34,1991,2,3,1,1720.0,10500.0,662.0,,563.16,19,8,0,0
105752,31,1994,1,1,1,1040.0,18000.0,679.0,1061.54,1194.56,33,14,0,0
105753,26,1999,4,1,1,,9500.0,688.0,2676.34,2566.19,20,0,0,0
105754,36,1989,1,1,1,1650.0,11500.0,468.0,4124.59,4707.85,25,9,0,0
105755,35,1990,3,1,1,2090.0,27000.0,713.0,2483.52,2907.38,13,4,1,0
105756,23,2001,4,1,1,1940.0,25500.0,735.0,,1803.75,21,13,0,0
105757,23,2002,0,2,1,2080.0,31000.0,697.0,50576.33,55764.37,9,6,0,0
105758,34,1991,1,2,1,1070.0,9000.0,583.0,1757.49,1689.31,4,12,0,0
105759,53,1972,3,1,0,,21500.0,623.0,4334.87,5249.66,4,1,0,1
105760,28,1997,1,1,1,1700.0,20500.0,743.0,2750.91,3065.1,12,5,0,0
105761,51,1974,13,1,1,3230.0,60500.0,684.0,8645.96,8337.06,29,3,0,0
105762,46,1979,10,2,1,1360.0,16000.0,482.0,,1295.62,7,8,0,0
105763,53,1972,12,4,1,2570.0,45000.0,632.0,4222.92,4552.58,36,4,0,0
105764,21,2004,1,2,1,940.0,10500.0,608.0,523.36,477.84,19,18,0,0
105765,32,1993,3,1,0,,12000.0,609.0,7909.58,8743.82,7,2,1,0
105766,55,1970,4,1,1,1240.0,14000.0,,,1690.34,11,0,1,1
105767,75,1950,6,3,0,820.0,11000.0,687.0,16234.43,15929.55,7,0,0,0
105768,36,1989,15,1,1,2080.0,33000.0,652.0,9326.63,9883.28,12,0,1,0
105769,20,2005,0,1,1,2910.0,42500.0,553.0,5421.05,5526.78,23,8,0,0
105770,50,1974,17,1,1,3130.0,78500.0,787.0,147044.11,147391.83,12,16,0,1
105771,67,1958,6,1,0,3460.0,55500.0,713.0,12568.8,10704.59,4,1,1,1
105772,48,1977,3,1,1,1860.0,18500.0,673.0,2247.59,2680.2,19,9,0,0
105773,35,1990,1,1,0,2280.0,24000.0,752.0,,3075.65,1,1,0,0
105774,36,1989,2,1,1,930.0,13000.0,573.0,0.0,0.0,6,9,0,0
105775,61,1963,19,3,1,2220.0,26500.0,756.0,116929.33,122176.62,25,2,0,0
105776,83,1942,14,2,1,2430.0,47500.0,769.0,225348.65,329960.79,17,0,0,0
105777,67,1958,23,1,1,1250.0,27000.0,581.0,25864.62,29333.14,18,1,0,0
105778,55,1970,12,2,1,2680.0,42500.0,767.0,56864.37,53968.5,11,0,0,1
105779,53,1972,24,1,1,,44500.0,724.0,85383.65,77788.72,14,9,1,0
105780,44,1981,9,2,1,2410.0,22000.0,576.0,13771.98,8248.04,13,4,1,1
105781,48,1977,13,2,0,2540.0,33000.0,581.0,12344.49,12882.11,3,5,0,0
105782,44,1981,5,2,1,1690.0,20500.0,642.0,3150.04,3365.97,33,10,0,0
105783,18,2007,0,2,1,2080.0,26000.0,,0.0,1789.94,52,8,0,0
105784,18,2007,0,1,1,,8500.0,,7808.26,18024.18,55,0,0,0
105785,53,1971,24,2,1,,33000.0,588.0,672.94,741.15,14,6,0,0
105786,43,1982,2,1,1,1220.0,14000.0,478.0,399.56,414.18,30,11,0,0
105787,36,1988,2,1,0,2860.0,35000.0,691.0,17083.28,16582.17,7,1,1,0
105788,48,1977,10,2,1,3440.0,35000.0,746.0,71780.98,76139.61,11,10,0,0
105789,48,1977,18,1,0,1990.0,29000.0,528.0,14353.76,20997.26,8,4,0,0
105790,30,1994,4,1,1,2100.0,8500.0,580.0,18212.6,20879.08,13,1,1,0
105791,27,1998,7,2,1,,15500.0,625.0,500.48,437.94,11,15,0,0
105792,57,1967,27,2,1,1210.0,6000.0,539.0,6658.91,6975.46,11,6,0,0
105793,31,1993,2,3,0,2010.0,50500.0,653.0,5248.89,5234.4,6,2,1,0
105794,47,1977,1,1,1,4290.0,93000.0,638.0,19580.39,30388.94,23,6,1,0
105795,46,1979,3,1,0,1980.0,26500.0,502.0,13449.23,12456.93,4,2,0,0
105796,41,1984,2,1,1,3500.0,30000.0,692.0,6810.53,1272.31,18,0,0,1
105797,41,1983,5,1,0,1240.0,15000.0,557.0,,66.42,7,5,0,0
105798,44,1981,11,2,1,1830.0,14500.0,629.0,0.0,0.0,14,3,0,0
105799,44,1981,6,1,1,1960.0,26500.0,658.0,28366.59,34864.23,28,11,0,0
105800,28,1997,2,2,1,2070.0,40000.0,576.0,0.0,0.0,5,19,0,0
105801,42,1983,13,1,1,4640.0,75500.0,792.0,231079.77,194907.24,19,6,0,0
105802,55,1969,11,2,1,,65000.0,564.0,20914.15,19600.56,10,2,0,0
105803,70,1955,12,3,1,2170.0,39000.0,643.0,6639.32,7323.58,68,0,0,0
105804,67,1958,2,1,1,2630.0,19500.0,651.0,144586.72,155121.76,5,10,0,0
105805,18,2006,0,2,1,1010.0,19000.0,538.0,0.0,0.0,21,6,0,0
105806,60,1964,11,2,0,,41000.0,531.0,,2531.77,4,0,0,1
105807,45,1979,18,2,1,,8500.0,675.0,6096.35,5964.8,2,8,0,1
105808,29,1996,1,1,1,1940.0,24500.0,766.0,0.0,0.0,33,10,0,0
105809,42,1982,12,1,0,1340.0,12000.0,563.0,,561.05,1,1,0,1
105810,65,1960,16,1,1,3280.0,67000.0,641.0,238097.83,229604.68,28,0,0,0
105811,48,1976,11,2,1,,37000.0,597.0,11047.27,9942.15,13,1,0,1
105812,39,1986,4,1,1,1760.0,28000.0,699.0,4082.25,3975.32,12,8,0,0
105813,34,1990,14,1,1,1120.0,20000.0,,650.85,570.67,25,2,0,0
105814,43,1982,5,1,1,1790.0,17000.0,614.0,1814.45,1652.94,14,6,0,0
105815,41,1984,9,1,1,850.0,12000.0,638.0,0.0,0.0,7,6,0,0
105816,31,1994,4,1,1,2020.0,15500.0,465.0,4299.34,4221.15,16,6,0,1
105817,21,2004,1,1,1,,9500.0,574.0,0.0,0.0,20,8,0,0
105818,31,1994,5,2,1,960.0,12500.0,585.0,5290.67,6160.44,26,14,0,0
105819,49,1975,15,2,1,3300.0,27500.0,742.0,66125.49,58330.21,29,2,1,0
105820,18,2007,0,3,1,,16500.0,,5296.02,4577.49,60,3,0,0
105821,30,1995,12,1,0,1510.0,20000.0,540.0,8812.64,1670.18,9,0,0,0
105822,81,1943,15,1,0,,38000.0,850.0,322793.26,342677.18,7,5,0,0
105823,53,1972,7,1,0,,22500.0,669.0,13848.21,13418.23,1,2,0,1
105824,74,1951,23,2,0,,10500.0,710.0,22847.7,20456.33,6,0,0,0
105825,61,1964,19,1,1,1800.0,8500.0,759.0,2935.5,3427.33,3,6,0,0
105826,61,1964,15,2,1,2960.0,48500.0,683.0,122955.05,130488.43,19,4,0,0
105827,57,1968,15,2,1,,21000.0,850.0,0.0,0.0,8,7,0,0
105828,37,1988,8,2,1,2910.0,36000.0,764.0,12889.47,16233.52,24,4,2,0
105829,49,1976,25,2,0,1480.0,26000.0,658.0,16690.25,20381.94,6,5,0,0
105830,69,1955,17,2,0,1450.0,14000.0,655.0,13706.49,12533.88,8,0,1,0
105831,50,1974,13,2,1,2860.0,33500.0,703.0,5089.91,6250.22,14,4,0,0
105832,41,1984,10,1,0,1530.0,18500.0,677.0,,4556.02,7,3,0,0
105833,45,1980,7,1,1,1900.0,24000.0,664.0,12655.93,12376.34,17,2,0,0
105834,68,1957,3,3,1,1030.0,11500.0,582.0,987.17,1041.04,16,0,0,0
105835,26,1998,2,2,1,1230.0,13500.0,643.0,4662.15,4820.31,21,4,0,0
105836,74,1951,4,1,0,1570.0,17000.0,671.0,0.0,0.0,4,3,0,0
105837,42,1983,2,1,0,1480.0,21000.0,652.0,3508.69,3666.76,7,0,0,0
105838,43,1982,23,1,1,1160.0,13000.0,645.0,1057.07,1028.29,7,9,0,0
105839,38,1987,11,1,1,2100.0,36500.0,613.0,9435.69,7881.17,14,4,0,0
105840,48,1977,16,3,1,1720.0,14500.0,566.0,6494.67,8037.76,14,3,0,0
105841,47,1978,10,2,1,2320.0,16000.0,592.0,14686.32,14938.63,10,4,0,0
105842,52,1973,3,1,0,,18500.0,711.0,231461.88,233377.08,0,1,0,1
105843,39,1986,0,1,1,1400.0,14500.0,560.0,3535.45,3564.25,5,12,0,0
105844,28,1997,6,1,1,2390.0,26500.0,678.0,19693.64,20963.26,21,5,0,1
105845,35,1990,2,1,1,840.0,18500.0,519.0,,351.19,23,7,0,0
105846,30,1994,1,1,1,2450.0,42000.0,656.0,4243.6,11411.88,12,14,0,0
105847,24,2001,3,1,1,,26000.0,596.0,0.0,0.0,7,6,0,0
105848,52,1973,11,2,1,1630.0,42500.0,549.0,12818.7,13401.53,4,6,0,0
105849,52,1972,17,1,1,3070.0,32000.0,850.0,72202.88,88383.12,16,18,0,0
105850,18,2007,0,2,0,,19000.0,,4758.66,3542.25,1,3,0,1
105851,27,1997,8,2,1,,58500.0,677.0,9509.11,8898.35,30,0,0,0
105852,61,1964,5,1,1,3570.0,56500.0,704.0,38010.77,38128.1,9,6,1,0
105853,54,1971,13,1,1,,9000.0,672.0,53611.99,46316.72,5,17,0,1
105854,65,1959,5,1,0,,31500.0,739.0,23473.76,20630.36,5,0,1,1
105855,32,1993,4,3,0,3320.0,54500.0,601.0,3877.13,4240.64,8,4,0,0
105856,18,2007,0,1,1,,19000.0,,3462.91,3382.64,29,2,0,0
105857,19,2006,1,2,1,1120.0,17000.0,,705.2,798.29,13,6,1,0
105858,50,1975,11,1,1,2210.0,38500.0,,172718.59,148548.86,23,2,0,0
105859,25,2000,4,1,1,1760.0,17500.0,585.0,542.3,506.71,34,5,0,0
105860,68,1957,27,1,0,2430.0,22000.0,646.0,58799.86,68326.65,7,2,1,0
105861,45,1979,20,1,1,3250.0,41000.0,587.0,35152.11,39179.85,17,0,0,0
105862,52,1973,11,4,0,,52000.0,531.0,1556.77,1887.82,6,3,0,0
105863,55,1970,8,1,1,2660.0,39000.0,756.0,0.0,0.0,23,1,1,0
105864,62,1963,26,3,1,1930.0,24000.0,769.0,3740.91,3519.47,6,17,0,0
105865,47,1978,15,3,1,4950.0,43000.0,690.0,71370.24,78730.34,32,5,0,0
105866,51,1974,2,2,1,2090.0,22500.0,673.0,844.8,1071.82,10,5,2,0
105867,18,2007,0,1,1,1320.0,11000.0,,1458.01,1233.02,19,28,0,0
105868,28,1997,0,1,1,2460.0,42500.0,626.0,7232.78,7259.23,10,0,0,0
105869,52,1973,2,2,0,2380.0,34500.0,730.0,0.0,0.0,3,0,0,0
105870,48,1977,6,1,1,,19000.0,665.0,2514.5,2631.92,8,13,0,0
105871,40,1985,18,1,1,1620.0,25000.0,726.0,22712.9,26861.7,20,18,1,0
105872,34,1991,13,3,1,1570.0,25000.0,730.0,3206.87,3419.64,16,6,0,0
105873,56,1969,7,1,0,,22500.0,661.0,14273.77,18241.14,7,0,0,1
105874,49,1976,21,3,1,1650.0,16000.0,679.0,3358.04,3883.99,4,10,0,0
105875,40,1985,2,1,1,2260.0,30000.0,634.0,13669.25,11416.68,14,11,0,0
105876,76,1949,14,1,1,2210.0,22500.0,741.0,45341.5,44674.17,20,0,0,0
105877,41,1984,5,2,1,2680.0,25000.0,727.0,7316.49,8663.29,4,13,0,0
105878,35,1989,5,1,1,1620.0,38500.0,596.0,0.0,0.0,8,14,0,0
105879,64,1961,22,1,1,,37500.0,665.0,48232.85,27818.62,6,10,0,1
105880,31,1993,5,2,1,1910.0,26000.0,757.0,12002.35,13010.16,27,1,0,0
105881,35,1989,1,2,1,2090.0,27500.0,752.0,10423.98,10174.51,23,0,0,0
105882,51,1973,6,4,1,,12000.0,609.0,8591.6,6637.45,10,3,1,1
105883,71,1954,4,2,1,1650.0,15000.0,575.0,21707.26,18410.97,11,0,0,0
105884,39,1986,0,2,1,1800.0,17000.0,625.0,0.0,0.0,20,5,0,0
105885,18,2006,0,1,1,,16000.0,,10730.56,11085.07,15,9,1,0
105886,63,1961,7,1,1,1220.0,21000.0,679.0,10190.86,9612.4,17,5,0,0
105887,45,1980,23,2,1,2410.0,16000.0,681.0,18945.56,17539.77,4,8,0,0
105888,60,1964,13,2,0,1090.0,17500.0,609.0,811.96,906.61,9,0,0,0
105889,53,1971,13,1,1,2110.0,26000.0,664.0,20179.39,16023.89,26,13,0,0
105890,65,1960,1,2,1,2930.0,23500.0,568.0,25096.05,24810.04,24,0,0,0
105891,47,1978,1,1,1,2140.0,21500.0,582.0,,9480.03,21,1,0,0
105892,18,2007,0,1,1,,10500.0,610.0,1518.77,1487.07,11,8,0,0
105893,44,1981,11,2,1,1450.0,19500.0,724.0,4492.55,4827.7,19,16,0,0
105894,69,1956,3,2,0,1330.0,16500.0,714.0,5331.14,5763.32,2,2,0,0
105895,72,1953,8,3,1,2990.0,33000.0,850.0,1209083.52,1062221.93,22,0,0,0
105896,64,1960,14,1,1,2010.0,39000.0,725.0,4955.19,5061.87,10,0,0,0
105897,49,1976,24,4,1,1990.0,31500.0,668.0,,17794.1,17,4,0,0
105898,29,1996,9,2,1,1860.0,19000.0,638.0,17750.78,17623.27,39,5,0,0
105899,69,1956,11,2,1,1630.0,32000.0,656.0,18432.0,21394.05,16,18,1,0
105900,30,1995,8,2,0,1670.0,19500.0,692.0,27727.46,30713.73,8,3,0,0
105901,46,1979,13,2,1,6490.0,30000.0,733.0,16577.84,14903.7,36,8,0,0
105902,42,1983,0,2,1,,14000.0,,0.0,0.0,22,6,0,0
105903,53,1972,19,3,1,4300.0,39500.0,818.0,276160.64,299248.09,17,9,0,0
105904,55,1970,19,1,0,,23000.0,688.0,0.0,810.15,5,0,0,1
105905,89,1936,17,2,0,740.0,13000.0,722.0,4736.85,5728.97,3,0,0,0
105906,69,1955,4,1,1,1870.0,13500.0,644.0,79200.7,54103.06,13,0,0,1
105907,45,1980,6,1,1,2030.0,24500.0,737.0,2155.26,1891.22,7,8,1,1
105908,41,1984,3,2,1,3270.0,40000.0,695.0,,57234.07,14,11,0,0
105909,28,1997,7,1,0,3000.0,40000.0,741.0,,17593.16,1,2,0,0
105910,58,1967,23,4,1,2440.0,19500.0,587.0,0.0,0.0,7,12,1,0
105911,19,2006,0,1,1,850.0,12500.0,,475.37,426.28,6,10,0,0
105912,22,2003,1,2,1,1440.0,13500.0,639.0,5802.63,5799.64,33,3,0,0
105913,44,1981,9,1,1,2220.0,36000.0,636.0,0.0,0.0,36,8,0,0
105914,49,1976,5,1,1,2080.0,20500.0,575.0,9952.04,23569.86,11,3,0,0
105915,39,1986,5,2,1,,22000.0,600.0,5355.25,5396.74,27,3,0,0
105916,56,1969,3,1,1,1750.0,15500.0,698.0,0.0,0.0,18,5,0,0
105917,39,1986,12,1,1,,6000.0,401.0,900.49,773.38,9,20,0,0
105918,68,1957,17,2,0,1760.0,27000.0,686.0,19760.53,21126.2,3,2,0,1
105919,53,1971,7,3,0,1750.0,14500.0,676.0,,16910.14,8,0,0,0
105920,40,1985,8,1,1,3410.0,18000.0,578.0,0.0,0.0,19,12,0,0
105921,32,1993,5,1,1,1810.0,11500.0,645.0,865.09,1025.35,18,2,0,0
105922,73,1951,13,3,1,2000.0,14500.0,733.0,47172.98,46718.23,11,0,1,0
105923,39,1986,2,1,1,2260.0,23500.0,687.0,0.0,0.0,27,19,0,0
105924,22,2003,1,4,1,780.0,4500.0,612.0,505.69,490.6,27,26,0,0
105925,56,1969,8,1,0,1140.0,7000.0,625.0,1015.48,975.54,5,2,0,0
105926,37,1988,1,1,1,1530.0,14500.0,664.0,5370.24,5530.72,14,0,1,0
105927,82,1943,17,2,0,1480.0,14500.0,622.0,0.0,0.0,7,0,1,1
105928,38,1987,6,2,1,1300.0,12000.0,631.0,3103.74,3017.03,22,12,0,0
105929,25,2000,5,2,0,930.0,9000.0,669.0,4523.01,4135.99,5,2,0,0
105930,22,2002,0,1,1,,7500.0,553.0,3596.36,3344.85,11,4,1,0
105931,18,2007,0,1,1,1570.0,14500.0,,0.0,0.0,20,12,0,0
105932,57,1968,24,1,1,2320.0,30500.0,642.0,34608.15,39973.03,12,6,0,0
105933,75,1950,8,1,0,,7000.0,674.0,20581.19,19484.41,3,0,1,0
105934,50,1974,8,2,1,,17500.0,690.0,3577.25,2189.04,12,3,0,1
105935,42,1983,15,3,1,1110.0,11500.0,752.0,1230.9,1173.98,19,9,0,0
105936,29,1995,4,1,1,1410.0,20500.0,763.0,0.0,368.14,24,2,0,0
105937,58,1967,24,2,0,3140.0,37500.0,644.0,6764.88,2111.77,4,0,1,1
105938,27,1997,4,1,1,1610.0,28500.0,643.0,9330.98,8762.34,7,7,1,0
105939,37,1988,7,1,1,,28000.0,614.0,105950.36,119490.75,22,14,0,0
105940,41,1984,23,1,1,3450.0,46500.0,729.0,,27116.6,1,6,2,1
105941,63,1962,4,1,0,,18000.0,528.0,,13634.89,5,0,1,1
105942,58,1966,21,1,0,1220.0,10000.0,611.0,0.0,159.01,6,4,0,0
105943,68,1957,10,3,1,1260.0,13000.0,593.0,10822.12,12049.32,15,0,0,0
105944,82,1943,29,1,0,2190.0,22500.0,738.0,0.0,0.0,8,0,0,0
105945,44,1980,8,1,1,,65500.0,804.0,0.0,0.0,41,1,1,1
105946,77,1947,5,1,1,2080.0,25000.0,712.0,17947.34,20565.32,18,0,0,0
105947,70,1955,7,2,1,1950.0,24500.0,627.0,,25084.02,14,8,0,0
105948,50,1975,15,1,1,3050.0,64500.0,743.0,62455.1,75357.02,25,13,0,0
105949,69,1956,17,3,0,1890.0,18500.0,727.0,13394.62,14235.07,7,0,1,0
105950,63,1962,27,2,1,1040.0,8000.0,685.0,,0.0,25,0,0,0
105951,73,1952,20,2,0,1500.0,37500.0,733.0,0.0,0.0,3,0,0,0
105952,18,2007,0,2,0,,17500.0,,1257.8,540.2,6,3,1,1
105953,32,1992,2,1,1,960.0,16500.0,555.0,0.0,0.0,35,5,0,0
105954,26,1998,2,1,1,960.0,16000.0,743.0,1425.56,1269.42,15,6,1,1
105955,51,1973,30,3,1,1810.0,27500.0,634.0,2270.19,722.89,24,0,0,1
105956,50,1975,8,2,1,,39000.0,698.0,8501.47,7956.88,27,4,0,0
105957,27,1998,7,1,1,,19000.0,745.0,6291.27,6752.58,6,15,0,0
105958,36,1989,4,1,1,,20500.0,624.0,1567.27,1694.79,2,11,1,0
105959,48,1977,7,1,1,,48500.0,799.0,43255.71,15529.25,11,3,0,1
105960,44,1981,11,1,1,1890.0,21500.0,702.0,0.0,0.0,10,2,1,0
105961,46,1978,26,2,0,1780.0,17000.0,571.0,9584.49,9733.87,6,0,0,0
105962,40,1985,10,2,0,,14500.0,629.0,3700.06,2760.42,7,0,1,1
105963,28,1997,6,1,1,1570.0,22000.0,737.0,12715.18,11052.78,30,10,0,0
105964,55,1970,20,2,1,,66500.0,662.0,4647.3,961.63,18,27,2,0
105965,26,1999,2,2,1,1570.0,15000.0,679.0,0.0,65.47,15,10,0,0
105966,58,1967,19,2,0,,32500.0,595.0,4285.33,2406.96,1,3,0,1
105967,49,1976,4,1,0,,36000.0,542.0,4566.79,3676.27,4,2,0,1
105968,60,1964,6,3,1,,29000.0,560.0,15988.42,17776.33,2,19,0,0
105969,60,1965,4,1,1,590.0,14500.0,622.0,919.77,746.83,14,20,0,0
105970,23,2001,4,1,1,2520.0,47500.0,682.0,,8471.65,11,10,0,0
105971,27,1998,3,1,1,1110.0,10000.0,,0.0,0.0,23,20,0,0
105972,18,2007,0,2,0,940.0,16000.0,634.0,723.75,838.88,7,1,0,0
105973,23,2002,4,1,1,2790.0,25500.0,764.0,0.0,0.0,18,16,0,0
105974,29,1996,6,1,1,,16500.0,574.0,,771.81,11,6,0,0
105975,59,1966,10,1,1,1330.0,11000.0,626.0,1992.14,2600.85,9,7,0,0
105976,54,1971,1,1,1,,50000.0,693.0,0.0,0.0,13,6,0,1
105977,19,2006,0,3,1,2540.0,22000.0,730.0,3048.65,3802.14,34,7,0,0
105978,57,1968,16,1,1,3200.0,57000.0,729.0,52425.23,54085.99,15,0,0,0
105979,36,1989,2,1,1,1740.0,13500.0,538.0,19480.09,13368.82,3,9,0,1
105980,48,1977,12,1,1,4050.0,65500.0,734.0,0.0,0.0,3,6,0,1
105981,46,1979,13,2,1,1770.0,36000.0,636.0,9324.94,21343.0,8,7,0,0
105982,41,1983,5,1,1,,22500.0,,26040.84,26112.16,15,4,0,0
105983,64,1961,19,2,1,,60500.0,626.0,12816.41,12729.21,9,10,0,0
105984,23,2002,1,1,1,1270.0,7500.0,516.0,325.07,347.49,7,15,0,0
105985,54,1971,10,2,0,1830.0,31500.0,778.0,31257.58,27838.84,1,5,0,0
105986,67,1958,4,2,1,1810.0,23000.0,602.0,5682.14,6022.7,22,0,0,0
105987,40,1985,2,2,1,1940.0,20500.0,602.0,,3454.85,14,8,0,0
105988,36,1989,4,3,1,,21000.0,671.0,14398.66,11392.78,20,5,2,0
105989,31,1994,6,3,1,,5000.0,564.0,,292.88,15,4,1,0
105990,49,1976,17,1,1,,24500.0,630.0,17883.61,16227.89,10,0,0,1
105991,51,1974,10,1,1,2380.0,32000.0,758.0,,15138.62,21,3,0,0
105992,50,1975,23,2,1,1200.0,12500.0,595.0,8967.58,10223.2,12,17,1,0
105993,18,2007,0,1,1,1810.0,51000.0,,8106.98,8557.48,10,9,0,0
105994,71,1954,16,4,1,2730.0,25000.0,684.0,11245.63,10209.49,36,0,1,0
105995,59,1966,23,2,1,1490.0,41500.0,641.0,0.0,0.0,22,6,1,0
105996,43,1982,17,1,1,2130.0,40000.0,666.0,,8010.84,23,2,0,1
105997,54,1971,4,3,1,1920.0,28000.0,489.0,5242.91,4588.53,31,5,0,0
105998,25,2000,3,1,0,2200.0,39000.0,667.0,6162.82,5650.9,4,2,1,0
105999,52,1973,1,1,1,,27000.0,575.0,4428.85,5189.68,7,11,0,0
106000,34,1991,7,3,1,2980.0,22500.0,590.0,7974.25,15993.77,31,7,0,0
