RowNumber,CustomerId,Surname,CreditScore,Geography,Gender,Age,Tenure,Balance,NumOfProducts,HasCrCard,IsActiveMember,EstimatedSalary,Exited
1,15000000,Cliente0001,583,France,Male,35,6,56119.38,2,1,1,122882.5,0
2,15000001,Cliente0002,670,France,Female,75,1,144019.01,1,1,1,186114.88,1
3,15000002,Cliente0003,489,Germany,Male,66,0,0.0,3,1,0,151976.43,0
4,15000003,Cliente0004,769,Germany,Female,27,0,110695.81,4,1,0,160008.87,1
5,15000004,Cliente0005,704,Spain,Male,34,2,57292.35,1,0,0,150227.78,0
6,15000005,Cliente0006,625,Germany,Male,55,6,97296.1,2,0,0,170373.05,0
7,15000006,Cliente0007,623,Spain,Female,69,2,0.0,2,1,1,171924.08,0
8,15000007,Cliente0008,676,France,Female,73,9,97535.72,1,1,1,189128.15,0
9,15000008,Cliente0009,627,France,Female,52,9,76739.89,2,1,1,193545.05,0
10,15000009,Cliente0010,631,France,Female,55,9,132429.9,2,1,1,195573.69,0
11,15000010,Cliente0011,711,Germany,Female,38,0,53543.03,1,0,0,130514.79,0
12,15000011,Cliente0012,694,France,Female,38,2,0.0,1,0,1,127352.99,0
13,15000012,Cliente0013,645,Spain,Male,35,0,1835.38,2,1,0,127789.88,0
14,15000013,Cliente0014,643,France,Male,22,5,84684.64,1,0,0,129001.09,0
15,15000014,Cliente0015,664,France,Female,57,5,42545.63,2,0,0,176440.51,0
16,15000015,Cliente0016,598,Spain,Female,51,9,87679.01,2,1,1,168315.52,0
17,15000016,Cliente0017,616,Germany,Male,42,10,36433.94,2,1,0,135052.9,0
18,15000017,Cliente0018,697,Spain,Male,50,1,0.0,3,1,1,141870.61,0
19,15000018,Cliente0019,639,France,Female,55,9,57019.49,1,0,0,171806.52,0
20,15000019,Cliente0020,533,France,Female,42,5,64543.2,1,0,0,129096.27,1
21,15000020,Cliente0021,609,France,Female,49,4,16593.76,1,1,0,136003.14,1
22,15000021,Cliente0022,706,Germany,Male,39,4,91381.62,1,0,0,172409.56,0
23,15000022,Cliente0023,630,Spain,Male,77,10,87922.84,1,1,1,208018.94,0
24,15000023,Cliente0024,637,France,Male,23,10,62566.43,1,1,0,125082.75,0
25,15000024,Cliente0025,705,France,Male,34,5,0.0,2,1,0,138357.1,1
26,15000025,Cliente0026,805,France,Male,40,7,46603.98,2,1,0,179449.12,0
27,15000026,Cliente0027,589,Germany,Male,71,5,102077.64,1,1,1,179521.11,1
28,15000027,Cliente0028,765,France,Male,53,8,0.0,1,1,1,163770.9,0
29,15000028,Cliente0029,545,Spain,Male,22,5,112376.3,2,0,0,126503.68,1
30,15000029,Cliente0030,665,Germany,Female,78,9,131682.55,1,1,1,218916.48,1
31,15000030,Cliente0031,551,Spain,Female,39,1,74111.12,1,0,0,114969.13,0
32,15000031,Cliente0032,765,Germany,Female,70,3,111221.54,1,0,1,199499.66,0
33,15000032,Cliente0033,721,Germany,Male,34,9,91420.4,1,1,1,164157.09,1
34,15000033,Cliente0034,747,Germany,Female,39,0,89561.79,1,1,0,125944.05,0
35,15000034,Cliente0035,575,Germany,Male,73,8,30726.36,2,0,0,173294.13,1
36,15000035,Cliente0036,708,Spain,Female,71,9,0.0,2,1,0,192519.96,0
37,15000036,Cliente0037,606,Spain,Male,19,10,0.0,2,1,0,116939.12,1
38,15000037,Cliente0038,611,France,Male,45,6,63532.08,1,0,0,152408.88,0
39,15000038,Cliente0039,693,France,Female,44,8,65012.41,3,1,0,169155.43,0
40,15000039,Cliente0040,725,Spain,Male,37,7,57998.61,2,0,1,175256.01,0
41,15000040,Cliente0041,667,France,Female,52,8,62763.23,4,1,0,182780.47,0
42,15000041,Cliente0042,597,Spain,Female,47,3,0.0,2,1,1,149230.57,0
43,15000042,Cliente0043,580,Germany,Female,49,1,138783.18,1,1,1,155956.43,1
44,15000043,Cliente0044,773,France,Male,39,9,0.0,3,1,1,156565.75,0
45,15000044,Cliente0045,700,France,Female,38,2,0.0,2,1,1,146652.61,0
46,15000045,Cliente0046,711,France,Male,37,9,42197.72,2,0,1,146528.06,0
47,15000046,Cliente0047,836,France,Male,71,7,165103.84,4,0,0,218048.21,1
48,15000047,Cliente0048,581,France,Female,69,7,119652.98,1,1,1,162118.11,1
49,15000048,Cliente0049,850,France,Male,43,9,47209.67,1,0,0,190430.1,0
50,15000049,Cliente0050,850,Spain,Male,54,4,78876.86,1,1,1,201334.42,1
51,15000050,Cliente0051,788,Germany,Male,52,5,122848.82,2,1,0,182887.28,0
52,15000051,Cliente0052,720,France,Female,79,2,83312.08,1,1,1,182964.58,1
53,15000052,Cliente0053,594,Spain,Female,18,5,41027.88,2,0,0,122536.18,0
54,15000053,Cliente0054,735,France,Female,59,9,50383.5,2,1,1,183190.86,0
55,15000054,Cliente0055,612,France,Male,50,1,84279.0,1,0,0,136116.88,1
56,15000055,Cliente0056,648,Germany,Male,79,0,140392.03,2,1,1,212843.68,1
57,15000056,Cliente0057,625,France,Female,60,3,87271.67,1,0,1,163412.79,0
58,15000057,Cliente0058,674,France,Male,51,5,76627.11,1,0,0,154440.75,0
59,15000058,Cliente0059,759,Germany,Female,36,6,122722.51,1,1,0,138978.55,0
60,15000059,Cliente0060,603,France,Female,53,5,87106.87,1,0,1,166748.67,0
61,15000060,Cliente0061,566,Spain,Male,73,2,108497.01,1,1,1,180145.71,1
62,15000061,Cliente0062,565,France,Female,80,0,86056.34,4,1,1,208103.09,0
63,15000062,Cliente0063,568,Germany,Female,28,10,0.0,1,1,1,124110.73,0
64,15000063,Cliente0064,528,Germany,Male,72,1,113638.56,1,1,1,162497.21,1
65,15000064,Cliente0065,572,France,Male,21,4,0.0,1,0,1,82733.07,1
66,15000065,Cliente0066,760,France,Male,36,7,127985.54,1,0,0,157974.34,0
67,15000066,Cliente0067,600,France,Male,76,8,59384.55,3,0,0,221376.98,0
68,15000067,Cliente0068,672,Germany,Male,41,8,39595.15,1,0,0,143527.82,0
69,15000068,Cliente0069,547,Germany,Female,77,6,136748.11,1,1,0,164243.67,1
70,15000069,Cliente0070,664,Spain,Female,66,6,0.0,1,0,1,170502.77,1
71,15000070,Cliente0071,502,France,Male,45,6,0.0,1,1,1,127589.25,0
72,15000071,Cliente0072,591,Germany,Female,51,8,65486.32,2,0,1,171147.75,0
73,15000072,Cliente0073,842,France,Male,62,3,68236.69,2,1,1,207678.11,0
74,15000073,Cliente0074,600,Germany,Male,20,1,99179.14,1,1,0,124960.64,0
75,15000074,Cliente0075,745,France,Female,28,5,0.0,1,1,1,125283.62,0
76,15000075,Cliente0076,689,France,Female,79,0,0.0,1,0,0,173801.64,0
77,15000076,Cliente0077,637,France,Female,41,6,81639.89,1,0,1,170900.42,0
78,15000077,Cliente0078,595,France,Female,50,2,79143.72,2,1,0,169324.02,0
79,15000078,Cliente0079,759,France,Female,53,10,61124.12,2,1,0,182250.33,1
80,15000079,Cliente0080,635,France,Male,31,1,58640.6,3,1,1,157414.25,0
81,15000080,Cliente0081,780,Spain,Female,42,9,95251.27,1,1,0,150115.17,0
82,15000081,Cliente0082,589,France,Female,61,4,0.0,3,1,1,165110.01,0
83,15000082,Cliente0083,655,France,Female,21,1,38370.57,1,1,0,99877.15,0
84,15000083,Cliente0084,690,Spain,Female,69,3,106552.22,1,1,0,185607.68,0
85,15000084,Cliente0085,682,France,Male,61,7,0.0,2,1,1,174212.17,0
86,15000085,Cliente0086,545,Spain,Male,39,10,0.0,1,1,0,127114.59,0
87,15000086,Cliente0087,594,France,Male,22,5,57205.73,1,1,0,124452.41,0
88,15000087,Cliente0088,633,France,Male,62,1,0.0,1,0,1,141102.64,1
89,15000088,Cliente0089,577,France,Female,68,9,83507.86,2,1,0,167537.05,1
90,15000089,Cliente0090,708,France,Male,34,0,0.0,3,1,0,138574.41,0
91,15000090,Cliente0091,700,Germany,Female,62,10,130724.89,1,1,1,179599.92,1
92,15000091,Cliente0092,484,Spain,Male,68,9,0.0,1,0,0,150576.34,1
93,15000092,Cliente0093,497,Germany,Female,60,2,0.0,2,1,1,139116.05,0
94,15000093,Cliente0094,541,France,Female,47,1,58564.26,1,1,1,155144.47,1
95,15000094,Cliente0095,660,Spain,Male,38,9,0.0,1,1,0,157517.12,0
96,15000095,Cliente0096,823,France,Female,37,1,80262.0,1,0,1,167682.4,0
97,15000096,Cliente0097,617,France,Male,78,8,145942.84,1,1,1,213716.85,1
98,15000097,Cliente0098,671,Germany,Male,18,0,37726.65,1,1,1,102879.51,0
99,15000098,Cliente0099,560,Spain,Male,80,7,115057.11,1,1,1,191822.64,1
100,15000099,Cliente0100,561,Germany,Male,39,9,40318.13,2,1,1,129988.49,1
101,15000100,Cliente0101,484,France,Female,56,10,114543.88,3,1,1,173428.46,0
102,15000101,Cliente0102,648,Germany,Female,22,3,0.0,2,1,1,121313.31,0
103,15000102,Cliente0103,731,Germany,Male,22,6,104840.83,1,1,0,119514.47,0
104,15000103,Cliente0104,620,France,Male,42,1,0.0,2,1,1,124250.84,1
105,15000104,Cliente0105,769,France,Male,41,0,106577.93,2,1,1,154122.1,0
106,15000105,Cliente0106,667,Spain,Female,54,7,97631.5,2,0,1,176192.29,0
107,15000106,Cliente0107,647,Spain,Male,57,10,93461.29,2,1,1,176214.73,1
108,15000107,Cliente0108,694,France,Female,62,7,140776.41,2,1,1,207386.06,0
109,15000108,Cliente0109,691,Germany,Female,51,1,131772.79,2,1,1,163468.96,0
110,15000109,Cliente0110,748,Spain,Female,42,4,132810.45,1,1,0,155184.34,1
111,15000110,Cliente0111,582,Germany,Female,57,1,0.0,3,1,1,158352.07,1
112,15000111,Cliente0112,456,Germany,Male,55,0,84365.74,1,1,1,128251.49,0
113,15000112,Cliente0113,660,Spain,Female,57,8,0.0,1,1,0,153730.74,0
114,15000113,Cliente0114,598,Germany,Female,48,3,0.0,1,0,1,164869.78,1
115,15000114,Cliente0115,648,France,Male,41,10,49641.39,1,0,1,147852.38,0
116,15000115,Cliente0116,791,France,Male,66,7,73669.2,2,1,0,181837.14,1
117,15000116,Cliente0117,556,France,Female,34,9,86111.94,2,1,0,136100.78,0
118,15000117,Cliente0118,715,Spain,Female,55,7,0.0,1,0,0,169469.04,1
119,15000118,Cliente0119,730,Spain,Male,53,2,0.0,1,1,1,129524.37,0
120,15000119,Cliente0120,689,France,Male,45,7,96003.82,1,1,1,163467.62,0
121,15000120,Cliente0121,745,France,Female,48,1,138028.76,2,1,1,159446.71,0
122,15000121,Cliente0122,611,Germany,Male,58,2,0.0,1,0,0,139836.85,0
123,15000122,Cliente0123,592,Spain,Male,47,8,0.0,2,1,1,135730.02,0
124,15000123,Cliente0124,738,Germany,Female,36,3,94244.43,2,1,0,164894.83,0
125,15000124,Cliente0125,711,France,Male,30,1,0.0,1,1,0,108857.73,0
126,15000125,Cliente0126,768,Germany,Female,75,7,123058.89,2,0,0,210372.92,0
127,15000126,Cliente0127,668,France,Female,73,0,184718.36,3,0,0,211831.8,0
128,15000127,Cliente0128,788,Spain,Male,74,8,52620.81,1,1,0,173271.35,1
129,15000128,Cliente0129,626,France,Female,25,5,50753.16,1,1,1,121125.16,0
130,15000129,Cliente0130,560,France,Male,32,9,0.0,1,0,0,122332.95,0
131,15000130,Cliente0131,477,Spain,Female,33,1,0.0,3,0,0,93221.47,0
132,15000131,Cliente0132,556,France,Female,62,4,118840.94,1,0,0,155988.94,1
133,15000132,Cliente0133,720,Germany,Female,72,0,152499.77,2,0,0,198890.55,1
134,15000133,Cliente0134,525,France,Female,26,9,0.0,2,1,0,130449.57,0
135,15000134,Cliente0135,612,Germany,Male,61,8,0.0,1,0,1,150017.12,0
136,15000135,Cliente0136,829,France,Male,58,9,0.0,2,1,1,186810.51,0
137,15000136,Cliente0137,722,Germany,Male,52,9,144494.5,3,0,1,194464.01,0
138,15000137,Cliente0138,802,France,Female,80,10,84333.89,1,1,1,214576.95,1
139,15000138,Cliente0139,566,Spain,Female,29,1,78693.58,1,1,0,125538.33,0
140,15000139,Cliente0140,441,Germany,Female,60,0,83195.26,4,1,0,152813.6,1
141,15000140,Cliente0141,779,France,Male,28,7,59846.59,2,0,0,150725.26,0
142,15000141,Cliente0142,530,France,Male,51,3,137105.44,1,1,1,153319.88,0
143,15000142,Cliente0143,658,France,Male,44,1,105249.76,4,1,1,168036.73,0
144,15000143,Cliente0144,668,France,Female,39,7,127726.37,2,1,1,175947.88,0
145,15000144,Cliente0145,569,France,Female,57,4,143073.64,2,1,0,171244.86,1
146,15000145,Cliente0146,782,Germany,Male,80,7,99889.69,1,1,1,225992.62,1
147,15000146,Cliente0147,782,Germany,Female,59,9,123093.04,1,1,1,207923.15,1
148,15000147,Cliente0148,697,France,Male,41,5,125474.53,4,1,1,178925.85,0
149,15000148,Cliente0149,647,France,Female,74,9,131218.28,1,0,1,187933.16,0
150,15000149,Cliente0150,666,France,Male,42,1,139252.69,1,0,1,152341.83,1
151,15000150,Cliente0151,557,Spain,Male,58,0,0.0,1,1,1,148449.99,1
152,15000151,Cliente0152,630,Spain,Female,49,9,28725.2,1,1,1,166017.0,0
153,15000152,Cliente0153,641,Spain,Male,29,9,127256.95,1,1,0,149541.66,1
154,15000153,Cliente0154,578,France,Male,65,4,21195.44,3,1,1,175119.22,0
155,15000154,Cliente0155,722,Spain,Female,78,7,133005.63,1,0,0,196532.87,1
156,15000155,Cliente0156,529,France,Male,24,1,126609.61,1,1,1,109948.61,0
157,15000156,Cliente0157,611,France,Male,80,6,62848.85,1,0,0,178875.02,1
158,15000157,Cliente0158,459,Spain,Female,34,1,0.0,2,1,1,71997.62,1
159,15000158,Cliente0159,692,France,Female,51,5,107932.68,4,0,1,195251.91,0
160,15000159,Cliente0160,713,Spain,Female,54,6,122630.34,1,1,0,173752.7,0
161,15000160,Cliente0161,703,Spain,Female,38,8,94709.56,3,0,0,184309.91,0
162,15000161,Cliente0162,850,Spain,Female,29,3,0.0,1,1,1,128174.7,0
163,15000162,Cliente0163,730,France,Female,69,2,159510.56,3,1,1,203048.21,1
164,15000163,Cliente0164,570,France,Male,51,7,0.0,1,1,0,155386.6,1
165,15000164,Cliente0165,850,Germany,Female,20,2,0.0,1,1,1,141283.71,0
166,15000165,Cliente0166,572,Spain,Male,58,1,127762.92,4,1,0,176010.93,1
167,15000166,Cliente0167,717,Germany,Female,48,6,1792.3,4,1,0,170339.87,0
168,15000167,Cliente0168,713,France,Female,33,2,105024.0,1,1,1,152298.73,0
169,15000168,Cliente0169,575,France,Female,76,7,0.0,2,0,0,173778.55,1
170,15000169,Cliente0170,769,Spain,Female,35,4,105540.42,2,1,0,149724.08,0
171,15000170,Cliente0171,680,France,Female,51,1,106129.2,1,1,0,153517.58,1
172,15000171,Cliente0172,699,France,Male,58,4,0.0,1,1,1,166532.93,0
173,15000172,Cliente0173,593,France,Male,43,7,0.0,1,1,0,139820.2,1
174,15000173,Cliente0174,761,France,Male,45,4,76181.06,2,1,0,189905.37,1
175,15000174,Cliente0175,577,Germany,Male,18,5,0.0,2,1,0,93070.74,1
176,15000175,Cliente0176,499,France,Female,41,5,54731.15,1,1,0,125375.11,0
177,15000176,Cliente0177,771,Spain,Female,73,1,138127.91,2,1,0,203527.47,0
178,15000177,Cliente0178,614,Germany,Male,76,7,110795.69,1,0,0,196258.65,1
179,15000178,Cliente0179,654,Spain,Male,59,5,117595.24,2,0,0,186716.05,0
180,15000179,Cliente0180,813,Spain,Female,57,2,106397.85,1,0,0,191751.33,0
181,15000180,Cliente0181,747,Germany,Female,79,10,67696.2,2,0,0,233459.41,1
182,15000181,Cliente0182,704,Spain,Female,31,2,0.0,2,1,1,115747.09,0
183,15000182,Cliente0183,741,Germany,Male,58,4,80347.3,1,1,0,147041.48,0
184,15000183,Cliente0184,588,Spain,Female,31,10,16596.47,1,1,1,147069.47,0
185,15000184,Cliente0185,714,Spain,Female,50,7,0.0,1,1,0,167792.9,0
186,15000185,Cliente0186,744,France,Male,55,7,0.0,3,0,1,179680.93,0
187,15000186,Cliente0187,714,France,Female,18,0,0.0,1,0,0,107367.62,0
188,15000187,Cliente0188,633,France,Male,54,1,0.0,3,1,0,167292.51,0
189,15000188,Cliente0189,350,France,Male,65,1,0.0,3,1,0,143454.76,0
190,15000189,Cliente0190,697,France,Female,29,5,78290.3,1,1,1,132254.76,0
191,15000190,Cliente0191,660,France,Male,73,5,162268.27,2,1,0,210637.96,1
192,15000191,Cliente0192,619,France,Male,24,3,0.0,1,1,0,114345.32,0
193,15000192,Cliente0193,716,France,Female,75,5,138082.22,2,1,1,219285.56,0
194,15000193,Cliente0194,673,Spain,Female,36,8,0.0,2,1,0,139382.82,0
195,15000194,Cliente0195,667,Germany,Male,37,2,88513.55,2,1,0,130623.49,0
196,15000195,Cliente0196,524,Spain,Female,75,0,121305.34,1,1,0,159554.94,1
197,15000196,Cliente0197,526,Spain,Female,37,2,75016.93,3,1,0,150817.98,0
198,15000197,Cliente0198,681,Spain,Female,67,9,0.0,2,1,1,176020.92,0
199,15000198,Cliente0199,656,Spain,Male,52,0,56926.96,2,1,1,159160.88,0
200,15000199,Cliente0200,662,France,Male,74,2,122781.49,1,1,1,216218.53,1
201,15000200,Cliente0201,664,France,Male,33,2,76011.29,1,0,0,145661.17,0
202,15000201,Cliente0202,685,France,Male,59,3,47589.21,1,1,1,175544.68,0
203,15000202,Cliente0203,653,France,Female,35,4,0.0,2,0,1,138997.47,0
204,15000203,Cliente0204,663,Spain,Female,69,4,88240.67,1,1,0,182600.93,1
205,15000204,Cliente0205,672,France,Female,47,7,0.0,3,1,0,149523.83,0
206,15000205,Cliente0206,729,Germany,Male,79,8,100716.4,1,0,0,210428.11,0
207,15000206,Cliente0207,606,France,Female,69,6,138375.84,2,1,0,192221.95,1
208,15000207,Cliente0208,717,France,Female,67,5,67317.18,1,1,1,192114.36,0
209,15000208,Cliente0209,704,France,Male,32,0,0.0,3,1,0,119529.39,1
210,15000209,Cliente0210,659,France,Female,34,4,11940.6,2,0,0,141528.02,0
211,15000210,Cliente0211,610,Germany,Female,20,3,0.0,2,1,1,116283.39,0
212,15000211,Cliente0212,681,France,Male,21,8,11581.03,1,0,1,104672.44,0
213,15000212,Cliente0213,723,Germany,Male,20,8,126422.44,2,1,1,149852.89,0
214,15000213,Cliente0214,559,Germany,Female,67,7,0.0,1,1,1,142359.37,0
215,15000214,Cliente0215,655,Germany,Male,66,9,0.0,3,1,1,186958.22,0
216,15000215,Cliente0216,656,Spain,Male,77,5,124750.56,1,1,1,199017.57,0
217,15000216,Cliente0217,594,France,Male,19,9,86082.65,3,1,0,115555.08,0
218,15000217,Cliente0218,597,France,Female,38,8,20432.98,2,1,0,132009.57,0
219,15000218,Cliente0219,518,Germany,Male,77,1,130336.62,1,0,0,187903.72,1
220,15000219,Cliente0220,556,Spain,Female,58,8,165154.82,1,1,1,178933.61,1
221,15000220,Cliente0221,519,Spain,Male,20,5,0.0,3,1,0,118778.75,1
222,15000221,Cliente0222,598,France,Female,31,7,90128.37,4,1,1,168770.74,0
223,15000222,Cliente0223,602,France,Female,58,3,0.0,2,1,0,156760.83,1
224,15000223,Cliente0224,604,Spain,Male,58,3,83730.31,1,1,0,153764.01,1
225,15000224,Cliente0225,682,Spain,Male,67,1,30930.2,2,1,0,166824.26,0
226,15000225,Cliente0226,634,France,Female,22,10,81743.85,2,1,0,136308.66,0
227,15000226,Cliente0227,588,France,Female,27,4,110848.11,1,1,1,115843.27,0
228,15000227,Cliente0228,589,France,Male,26,7,49767.47,2,1,0,130632.16,0
229,15000228,Cliente0229,554,Germany,Female,37,6,0.0,2,0,0,130428.79,0
230,15000229,Cliente0230,633,France,Female,70,0,32511.31,3,0,1,163261.52,0
231,15000230,Cliente0231,632,Spain,Female,74,6,52734.32,1,1,1,191314.91,1
232,15000231,Cliente0232,788,France,Male,56,7,125883.64,1,1,1,178038.29,0
233,15000232,Cliente0233,780,France,Male,68,10,0.0,1,1,1,177714.7,0
234,15000233,Cliente0234,776,Spain,Female,63,7,0.0,3,1,0,173544.84,0
235,15000234,Cliente0235,827,France,Female,56,4,0.0,3,1,1,187918.49,0
236,15000235,Cliente0236,547,France,Male,41,8,13572.01,2,0,1,149848.7,0
237,15000236,Cliente0237,707,France,Male,24,1,68864.92,1,0,1,129079.22,0
238,15000237,Cliente0238,715,Germany,Male,72,2,85114.16,2,1,1,180755.2,0
239,15000238,Cliente0239,690,France,Female,75,1,102423.57,1,1,1,159726.1,1
240,15000239,Cliente0240,831,France,Male,36,1,0.0,3,0,1,155649.17,0
241,15000240,Cliente0241,850,Spain,Male,19,10,54861.06,1,1,0,136825.63,0
242,15000241,Cliente0242,733,Germany,Female,26,7,59780.11,1,1,1,155693.53,0
243,15000242,Cliente0243,706,France,Male,42,1,85949.9,1,1,0,173480.62,1
244,15000243,Cliente0244,555,France,Male,28,4,53854.31,1,1,1,117103.88,0
245,15000244,Cliente0245,555,France,Male,20,8,0.0,1,1,1,117619.06,0
246,15000245,Cliente0246,710,Spain,Male,26,5,122481.74,2,1,1,145800.34,1
247,15000246,Cliente0247,644,France,Female,18,4,95036.97,2,0,1,140549.05,0
248,15000247,Cliente0248,537,France,Male,62,10,87157.58,1,0,1,173023.37,1
249,15000248,Cliente0249,639,France,Male,37,0,76663.89,2,1,1,152780.58,0
250,15000249,Cliente0250,681,France,Male,80,4,0.0,2,1,0,183130.45,0
251,15000250,Cliente0251,730,France,Male,65,9,101046.2,2,1,1,209483.2,0
252,15000251,Cliente0252,641,Germany,Male,51,1,61260.71,2,0,1,173299.63,0
253,15000252,Cliente0253,627,Spain,Male,30,10,93169.44,1,1,0,148529.22,1
254,15000253,Cliente0254,651,France,Male,34,2,97178.14,2,1,0,145723.17,0
255,15000254,Cliente0255,665,Spain,Male,75,6,0.0,1,1,1,183358.79,1
256,15000255,Cliente0256,551,Spain,Male,19,10,0.0,1,1,0,109932.47,0
257,15000256,Cliente0257,721,France,Male,21,1,38680.65,2,1,1,130457.98,0
258,15000257,Cliente0258,836,France,Female,67,0,0.0,2,1,0,179114.45,0
259,15000258,Cliente0259,719,France,Female,65,0,61789.19,3,1,0,175277.02,0
260,15000259,Cliente0260,527,France,Female,29,9,34828.43,2,1,0,130192.43,0
261,15000260,Cliente0261,658,Spain,Female,70,7,127600.41,2,1,0,195444.79,1
262,15000261,Cliente0262,500,France,Female,62,3,82950.58,2,1,1,155709.38,0
263,15000262,Cliente0263,495,France,Female,51,2,80347.46,1,1,1,161823.96,0
264,15000263,Cliente0264,706,Spain,Male,35,8,79774.22,2,0,1,149234.61,0
265,15000264,Cliente0265,657,Germany,Male,47,1,15477.23,1,1,0,120210.07,0
266,15000265,Cliente0266,592,Germany,Female,66,5,116690.05,1,0,0,179142.03,1
267,15000266,Cliente0267,473,Spain,Male,47,9,0.0,1,1,0,120280.32,0
268,15000267,Cliente0268,542,France,Male,57,5,55336.21,1,0,0,137863.6,0
269,15000268,Cliente0269,664,France,Male,53,6,77147.35,1,1,1,175719.22,1
270,15000269,Cliente0270,653,France,Male,45,0,116903.09,2,0,1,161009.03,0
271,15000270,Cliente0271,709,France,Male,63,1,88614.63,1,1,1,169529.99,0
272,15000271,Cliente0272,779,France,Male,34,6,0.0,1,1,1,123271.83,0
273,15000272,Cliente0273,621,France,Female,39,4,0.0,1,1,1,122336.66,0
274,15000273,Cliente0274,690,France,Male,55,7,146632.3,1,0,0,162630.07,0
275,15000274,Cliente0275,638,France,Female,76,0,0.0,1,1,1,148058.47,0
276,15000275,Cliente0276,608,Germany,Male,61,3,0.0,1,1,0,166937.92,1
277,15000276,Cliente0277,629,Germany,Male,23,1,15512.37,1,1,1,112152.54,0
278,15000277,Cliente0278,732,Spain,Female,20,2,60692.08,3,1,1,131283.64,0
279,15000278,Cliente0279,563,France,Female,59,9,0.0,1,1,1,160897.52,1
280,15000279,Cliente0280,747,France,Male,37,7,100623.99,3,1,1,170950.59,0
281,15000280,Cliente0281,776,France,Male,20,3,0.0,1,1,1,123072.69,0
282,15000281,Cliente0282,653,France,Male,65,2,87031.99,1,1,1,169114.18,1
283,15000282,Cliente0283,672,Germany,Female,39,2,65322.27,2,0,0,129441.89,0
284,15000283,Cliente0284,530,France,Male,34,7,93142.67,1,1,0,131395.23,0
285,15000284,Cliente0285,850,France,Male,51,8,71616.02,2,1,1,196263.22,0
286,15000285,Cliente0286,733,Spain,Female,63,4,0.0,2,1,1,187493.87,0
287,15000286,Cliente0287,665,Spain,Male,25,0,78828.58,2,1,0,121824.32,1
288,15000287,Cliente0288,655,Germany,Male,43,5,80799.98,2,0,1,137520.78,0
289,15000288,Cliente0289,688,Germany,Male,65,7,0.0,1,0,1,175720.71,0
290,15000289,Cliente0290,595,Spain,Male,61,0,53204.24,2,1,0,161032.08,1
291,15000290,Cliente0291,674,France,Female,25,5,82296.38,2,0,1,133439.3,0
292,15000291,Cliente0292,571,France,Female,76,4,112362.22,3,1,1,195908.66,0
293,15000292,Cliente0293,692,Spain,Male,29,7,0.0,1,1,1,147731.1,0
294,15000293,Cliente0294,592,Spain,Female,28,2,75901.14,2,1,1,139473.98,0
295,15000294,Cliente0295,726,Spain,Male,20,6,115488.91,1,1,1,139628.22,0
296,15000295,Cliente0296,640,France,Male,76,0,112766.3,1,0,1,170081.15,1
297,15000296,Cliente0297,673,Germany,Male,30,5,92196.2,3,1,1,160040.13,0
298,15000297,Cliente0298,850,Germany,Male,74,5,0.0,1,1,1,182962.23,0
299,15000298,Cliente0299,718,France,Female,55,4,0.0,1,0,0,143868.73,1
300,15000299,Cliente0300,673,France,Female,50,0,53304.55,1,0,1,149156.76,0
301,15000300,Cliente0301,654,France,Female,75,10,100660.04,1,1,0,169609.34,1
302,15000301,Cliente0302,562,Spain,Male,20,3,54156.03,3,1,1,132090.03,0
303,15000302,Cliente0303,742,France,Male,71,5,90606.84,1,1,0,200838.02,1
304,15000303,Cliente0304,786,Germany,Female,68,1,0.0,1,1,0,175079.88,0
305,15000304,Cliente0305,655,Germany,Female,76,4,127699.77,1,1,1,198156.54,1
306,15000305,Cliente0306,793,Spain,Male,55,7,110117.51,2,1,0,162111.99,0
307,15000306,Cliente0307,640,France,Female,80,10,127299.41,1,1,1,222778.12,1
308,15000307,Cliente0308,499,France,Female,37,0,0.0,1,1,1,99806.21,0
309,15000308,Cliente0309,594,France,Female,18,9,0.0,1,1,0,118444.82,0
310,15000309,Cliente0310,560,Spain,Male,20,9,21996.29,1,1,0,100093.57,1
311,15000310,Cliente0311,627,France,Male,68,8,94193.38,1,1,1,171820.68,0
312,15000311,Cliente0312,703,France,Male,42,4,0.0,1,1,0,144456.81,0
313,15000312,Cliente0313,571,Germany,Female,21,5,0.0,1,0,0,114350.71,0
314,15000313,Cliente0314,643,France,Female,22,5,0.0,1,1,1,110418.9,0
315,15000314,Cliente0315,667,Spain,Female,67,10,104494.18,1,1,1,205931.89,0
316,15000315,Cliente0316,588,Germany,Female,46,8,0.0,1,1,1,141589.52,0
317,15000316,Cliente0317,573,France,Female,34,6,99546.87,1,1,1,140059.73,1
318,15000317,Cliente0318,657,Spain,Male,22,0,100496.63,3,1,1,141219.77,0
319,15000318,Cliente0319,724,France,Female,77,2,67387.44,1,1,0,200883.36,0
320,15000319,Cliente0320,599,Spain,Female,59,4,0.0,1,0,0,116354.11,0
321,15000320,Cliente0321,586,France,Female,67,4,0.0,2,0,0,147629.36,0
322,15000321,Cliente0322,638,France,Male,57,2,91746.49,1,1,1,156856.81,0
323,15000322,Cliente0323,675,Spain,Female,63,7,0.0,2,0,1,180544.0,0
324,15000323,Cliente0324,604,France,Male,32,5,0.0,1,1,1,121883.05,0
325,15000324,Cliente0325,622,France,Male,41,6,29026.54,1,1,0,127849.02,0
326,15000325,Cliente0326,630,France,Male,57,9,95277.52,4,1,1,164137.26,0
327,15000326,Cliente0327,558,Germany,Male,55,8,176209.05,1,0,0,166814.79,1
328,15000327,Cliente0328,635,France,Male,29,8,124635.49,1,1,0,151013.23,1
329,15000328,Cliente0329,602,Spain,Female,27,4,77806.25,1,0,1,110055.25,0
330,15000329,Cliente0330,785,France,Female,26,2,197088.59,2,1,0,149292.63,0
331,15000330,Cliente0331,606,France,Male,71,6,0.0,1,1,0,154343.5,1
332,15000331,Cliente0332,689,France,Female,40,5,0.0,3,1,1,154764.89,0
333,15000332,Cliente0333,682,Germany,Male,68,3,78129.26,2,1,1,196754.59,1
334,15000333,Cliente0334,555,Spain,Male,29,8,0.0,1,1,0,122315.44,0
335,15000334,Cliente0335,544,Spain,Male,32,6,0.0,1,0,1,103553.38,0
336,15000335,Cliente0336,612,France,Female,47,5,0.0,1,1,0,158089.32,0
337,15000336,Cliente0337,706,Spain,Female,75,9,111070.93,1,1,1,206080.17,0
338,15000337,Cliente0338,601,France,Male,53,7,163643.38,1,1,0,136140.44,0
339,15000338,Cliente0339,594,France,Male,44,0,0.0,1,1,0,122410.21,0
340,15000339,Cliente0340,403,France,Male,47,1,105363.62,1,1,1,124800.85,1
341,15000340,Cliente0341,616,France,Female,26,5,0.0,1,1,0,96114.8,1
342,15000341,Cliente0342,677,France,Male,51,6,0.0,2,1,0,157223.84,0
343,15000342,Cliente0343,688,France,Male,65,10,35203.46,1,1,1,181639.73,0
344,15000343,Cliente0344,686,France,Female,71,2,147718.66,1,1,0,186833.2,0
345,15000344,Cliente0345,622,France,Male,72,8,0.0,1,1,1,173126.49,0
346,15000345,Cliente0346,631,France,Female,80,4,123441.63,1,1,0,183233.29,1
347,15000346,Cliente0347,721,Spain,Female,21,2,83594.33,1,1,1,103550.15,0
348,15000347,Cliente0348,638,Spain,Male,22,3,57421.16,2,0,1,127008.5,0
349,15000348,Cliente0349,454,France,Male,20,10,0.0,1,1,0,76347.58,0
350,15000349,Cliente0350,737,France,Male,56,3,35793.34,1,0,1,152418.72,0
351,15000350,Cliente0351,558,France,Male,20,5,0.0,4,0,1,139807.24,0
352,15000351,Cliente0352,767,France,Female,19,6,47880.66,3,0,1,155942.3,0
353,15000352,Cliente0353,794,France,Female,65,3,0.0,1,1,0,168554.58,1
354,15000353,Cliente0354,715,France,Female,50,10,59270.45,1,0,0,164712.23,0
355,15000354,Cliente0355,727,Germany,Female,63,9,116446.61,1,1,1,219132.07,0
356,15000355,Cliente0356,808,France,Male,43,10,76691.59,2,1,1,169748.23,0
357,15000356,Cliente0357,556,France,Male,70,7,105271.26,2,1,1,188910.28,0
358,15000357,Cliente0358,672,France,Male,18,4,83294.5,1,1,0,118691.88,0
359,15000358,Cliente0359,670,Germany,Female,50,6,120924.12,2,1,1,155190.77,1
360,15000359,Cliente0360,568,France,Male,76,2,112010.15,1,0,0,163032.85,1
361,15000360,Cliente0361,821,Spain,Female,33,0,0.0,1,1,1,141540.0,0
362,15000361,Cliente0362,601,France,Female,42,6,55179.67,1,1,1,136315.69,0
363,15000362,Cliente0363,588,Spain,Male,19,6,30615.24,1,1,1,103707.51,0
364,15000363,Cliente0364,673,Germany,Male,50,8,100453.71,2,1,0,174113.32,1
365,15000364,Cliente0365,738,Spain,Female,71,0,111448.6,1,0,1,188289.34,0
366,15000365,Cliente0366,599,Germany,Male,66,7,46449.75,3,0,1,175182.5,0
367,15000366,Cliente0367,599,Germany,Male,44,5,45205.85,2,0,1,143933.44,0
368,15000367,Cliente0368,693,Spain,Male,55,4,128569.11,1,1,0,163815.6,0
369,15000368,Cliente0369,529,France,Female,51,3,71239.67,1,0,0,131492.24,1
370,15000369,Cliente0370,584,Spain,Male,72,6,107186.35,2,0,1,186247.95,0
371,15000370,Cliente0371,579,Germany,Male,23,5,47130.48,1,0,0,93242.58,0
372,15000371,Cliente0372,613,Germany,Female,22,10,0.0,1,1,0,94780.52,0
373,15000372,Cliente0373,638,France,Male,76,7,39105.05,1,1,1,171749.12,1
374,15000373,Cliente0374,807,Spain,Female,19,0,0.0,1,1,0,103750.04,0
375,15000374,Cliente0375,727,France,Male,23,0,0.0,1,0,0,113162.4,0
376,15000375,Cliente0376,652,France,Male,29,9,113042.03,1,0,1,147349.54,1
377,15000376,Cliente0377,631,Germany,Male,36,8,24057.22,1,1,1,145190.93,0
378,15000377,Cliente0378,724,Germany,Male,57,2,88737.02,1,1,1,192333.08,1
379,15000378,Cliente0379,686,France,Female,41,2,102337.32,2,0,1,156798.59,0
380,15000379,Cliente0380,726,France,Male,57,6,46563.28,4,0,1,186945.51,0
381,15000380,Cliente0381,767,Germany,Female,27,8,67126.67,1,1,0,146180.35,0
382,15000381,Cliente0382,564,Spain,Female,29,10,0.0,2,1,0,123607.88,0
383,15000382,Cliente0383,459,Spain,Male,60,5,97945.99,1,1,1,153948.25,0
384,15000383,Cliente0384,648,Germany,Male,21,9,54183.54,3,1,0,123156.38,0
385,15000384,Cliente0385,657,Spain,Male,80,4,0.0,1,1,1,177576.32,1
386,15000385,Cliente0386,674,France,Female,51,0,108461.26,3,0,1,186266.19,1
387,15000386,Cliente0387,599,Spain,Female,59,5,0.0,4,1,0,194114.81,0
388,15000387,Cliente0388,630,Germany,Female,74,10,161520.14,1,0,0,195549.55,1
389,15000388,Cliente0389,697,Spain,Male,43,5,139778.55,1,0,1,161939.73,0
390,15000389,Cliente0390,702,Spain,Male,29,5,0.0,2,1,0,147141.78,0
391,15000390,Cliente0391,763,Spain,Male,58,4,86055.46,1,1,0,155576.9,0
392,15000391,Cliente0392,466,France,Female,44,0,77168.77,1,1,0,124210.48,1
393,15000392,Cliente0393,510,Germany,Female,37,8,120695.67,1,1,1,150579.76,0
394,15000393,Cliente0394,774,France,Female,70,2,0.0,1,0,1,168683.0,0
395,15000394,Cliente0395,702,France,Female,51,6,0.0,1,1,1,151656.32,0
396,15000395,Cliente0396,717,Germany,Male,69,5,0.0,1,1,1,182973.69,0
397,15000396,Cliente0397,626,France,Male,30,3,86862.86,2,0,0,146639.89,0
398,15000397,Cliente0398,610,France,Female,56,1,102589.41,3,1,0,181100.7,0
399,15000398,Cliente0399,667,Germany,Male,42,1,119450.03,3,1,0,160813.89,0
400,15000399,Cliente0400,570,France,Male,65,1,75856.6,1,1,1,150472.91,0
401,15000400,Cliente0401,520,France,Female,32,3,0.0,2,1,1,118389.62,0
402,15000401,Cliente0402,556,Spain,Male,45,9,112134.85,2,0,0,167467.18,0
403,15000402,Cliente0403,660,Germany,Male,30,2,86979.65,2,0,0,158594.57,0
404,15000403,Cliente0404,704,Germany,Female,65,1,94138.37,1,1,1,189759.73,1
405,15000404,Cliente0405,790,Spain,Female,22,4,0.0,2,0,0,117057.48,0
406,15000405,Cliente0406,682,Germany,Male,26,9,0.0,2,1,1,151048.91,1
407,15000406,Cliente0407,690,Germany,Female,53,10,9515.63,1,1,1,152917.89,0
408,15000407,Cliente0408,793,Germany,Male,25,5,0.0,2,1,1,140767.06,0
409,15000408,Cliente0409,584,Spain,Female,79,5,146962.29,1,1,0,168586.14,0
410,15000409,Cliente0410,568,Germany,Female,53,1,0.0,1,1,0,123310.08,0
411,15000410,Cliente0411,604,Germany,Male,24,4,94605.84,1,0,1,120467.02,0
412,15000411,Cliente0412,642,Spain,Female,68,9,80792.15,1,1,1,203917.08,0
413,15000412,Cliente0413,822,France,Male,29,10,105765.99,1,1,0,149029.68,0
414,15000413,Cliente0414,620,Germany,Male,75,2,95316.6,2,0,0,182710.84,1
415,15000414,Cliente0415,761,Germany,Female,64,4,110315.08,3,1,0,190462.98,1
416,15000415,Cliente0416,610,France,Male,46,0,84228.93,1,1,0,118753.3,1
417,15000416,Cliente0417,692,Spain,Male,73,2,0.0,2,1,0,166891.71,0
418,15000417,Cliente0418,708,Germany,Female,52,10,0.0,1,0,0,164430.88,0
419,15000418,Cliente0419,695,France,Female,26,2,69115.83,2,1,1,124658.87,0
420,15000419,Cliente0420,714,France,Female,80,4,0.0,2,1,1,180831.63,0
421,15000420,Cliente0421,591,Germany,Female,47,3,0.0,1,1,0,128668.64,1
422,15000421,Cliente0422,774,Germany,Male,74,8,39124.07,2,1,0,173373.62,1
423,15000422,Cliente0423,733,Spain,Male,65,8,0.0,1,1,1,179174.73,0
424,15000423,Cliente0424,590,France,Male,49,7,88664.16,3,1,1,181950.12,1
425,15000424,Cliente0425,693,Spain,Female,21,2,0.0,2,1,1,115520.39,0
426,15000425,Cliente0426,559,Spain,Male,37,7,130119.16,3,0,1,134793.58,0
427,15000426,Cliente0427,658,France,Male,31,6,0.0,1,1,1,134773.56,0
428,15000427,Cliente0428,550,Germany,Female,34,3,80501.55,1,1,1,138282.48,0
429,15000428,Cliente0429,711,Spain,Female,67,9,121749.95,2,0,1,186752.98,1
430,15000429,Cliente0430,850,Spain,Female,39,2,77740.39,2,0,1,188500.52,0
431,15000430,Cliente0431,775,Germany,Female,61,5,0.0,2,1,0,178947.63,1
432,15000431,Cliente0432,712,Germany,Female,21,5,131478.89,2,0,0,133198.32,0
433,15000432,Cliente0433,573,France,Female,80,6,120254.42,1,1,1,191406.78,1
434,15000433,Cliente0434,682,France,Male,26,6,40949.34,1,1,0,105298.81,0
435,15000434,Cliente0435,751,France,Female,44,3,109343.1,1,1,1,148891.19,1
436,15000435,Cliente0436,642,Spain,Male,49,8,72926.33,1,0,1,167027.64,0
437,15000436,Cliente0437,661,Spain,Female,19,6,31403.63,1,1,1,112911.41,0
438,15000437,Cliente0438,506,France,Male,45,7,0.0,2,1,0,135288.46,1
439,15000438,Cliente0439,577,France,Male,42,6,90785.13,1,1,1,145957.94,0
440,15000439,Cliente0440,493,France,Male,36,5,52835.26,1,1,0,135345.48,0
441,15000440,Cliente0441,813,Spain,Female,38,6,105618.26,1,1,1,136333.62,0
442,15000441,Cliente0442,690,Germany,Female,48,10,88542.71,1,1,0,191018.43,0
443,15000442,Cliente0443,712,Germany,Male,19,9,43467.52,3,0,1,135132.37,0
444,15000443,Cliente0444,633,Germany,Male,37,3,100685.4,1,1,0,146718.76,0
445,15000444,Cliente0445,526,Spain,Male,28,6,68532.29,1,1,1,128559.54,0
446,15000445,Cliente0446,665,France,Male,79,1,0.0,1,0,1,188427.31,1
447,15000446,Cliente0447,596,France,Male,21,7,0.0,4,1,1,145440.02,0
448,15000447,Cliente0448,568,France,Female,24,10,85931.84,3,0,0,139585.32,0
449,15000448,Cliente0449,655,Germany,Male,79,2,104284.9,4,0,0,185822.06,0
450,15000449,Cliente0450,659,Germany,Female,35,7,0.0,1,1,0,105794.17,1
451,15000450,Cliente0451,635,France,Male,42,2,83501.1,1,1,1,139737.61,0
452,15000451,Cliente0452,584,Spain,Female,71,7,108872.59,1,0,1,187362.99,0
453,15000452,Cliente0453,566,France,Female,68,1,92315.25,3,1,0,166654.27,1
454,15000453,Cliente0454,651,Germany,Female,43,1,0.0,4,0,1,151353.49,0
455,15000454,Cliente0455,754,Spain,Female,29,2,125616.41,1,0,0,130662.25,0
456,15000455,Cliente0456,514,Spain,Male,33,8,0.0,2,1,0,133615.58,0
457,15000456,Cliente0457,594,France,Male,25,10,19515.39,2,0,0,117199.35,0
458,15000457,Cliente0458,636,Spain,Female,70,6,60715.09,2,1,0,173658.84,0
459,15000458,Cliente0459,637,France,Female,73,4,100799.86,1,0,0,184289.74,1
460,15000459,Cliente0460,600,Spain,Male,74,5,0.0,3,0,0,195954.87,1
461,15000460,Cliente0461,814,France,Female,53,9,48946.24,2,1,1,201672.03,0
462,15000461,Cliente0462,684,France,Male,25,6,107826.17,1,1,1,131738.86,0
463,15000462,Cliente0463,566,Spain,Male,39,1,52154.12,2,1,0,126615.34,1
464,15000463,Cliente0464,490,Spain,Male,76,3,16816.19,1,1,0,159571.07,1
465,15000464,Cliente0465,635,Spain,Male,76,7,91180.3,2,1,0,204582.89,1
466,15000465,Cliente0466,776,Spain,Male,41,3,96065.66,1,1,1,150938.27,1
467,15000466,Cliente0467,666,Spain,Male,21,4,0.0,1,1,1,115440.19,0
468,15000467,Cliente0468,453,Spain,Male,69,6,45879.18,1,0,1,156309.67,1
469,15000468,Cliente0469,533,Spain,Male,44,8,72493.45,2,0,1,139879.14,0
470,15000469,Cliente0470,660,Germany,Female,70,3,0.0,1,0,1,177685.86,0
471,15000470,Cliente0471,741,France,Male,45,8,115316.56,2,1,0,169435.0,0
472,15000471,Cliente0472,662,France,Male,37,9,101175.17,2,1,1,160225.0,0
473,15000472,Cliente0473,663,Germany,Female,78,3,116027.2,3,1,1,209438.71,0
474,15000473,Cliente0474,741,Germany,Female,49,8,0.0,1,0,0,181695.11,1
475,15000474,Cliente0475,757,France,Female,32,2,36931.56,2,1,0,125689.15,1
476,15000475,Cliente0476,592,Germany,Male,39,0,0.0,2,1,0,106798.95,1
477,15000476,Cliente0477,687,Spain,Female,44,3,0.0,1,1,1,135537.68,0
478,15000477,Cliente0478,569,Germany,Female,48,1,103252.69,2,1,0,170291.83,1
479,15000478,Cliente0479,558,Spain,Male,67,6,0.0,1,1,0,169350.58,1
480,15000479,Cliente0480,700,France,Male,34,10,78043.85,2,1,1,158462.39,0
481,15000480,Cliente0481,529,Germany,Female,36,4,44450.67,2,1,0,116883.54,0
482,15000481,Cliente0482,664,France,Female,36,0,75158.99,1,1,0,132105.87,0
483,15000482,Cliente0483,677,France,Female,59,7,0.0,4,1,0,168602.02,1
484,15000483,Cliente0484,723,France,Female,21,9,76680.89,2,1,0,124111.14,0
485,15000484,Cliente0485,552,Germany,Male,34,0,61860.27,1,0,0,113864.84,0
486,15000485,Cliente0486,682,France,Male,25,6,0.0,2,0,0,115508.48,0
487,15000486,Cliente0487,639,France,Female,50,9,58350.3,1,1,1,159136.24,1
488,15000487,Cliente0488,776,France,Male,68,10,69521.69,4,1,0,207488.18,0
489,15000488,Cliente0489,587,Spain,Male,40,8,0.0,1,1,0,108178.74,0
490,15000489,Cliente0490,556,Germany,Female,46,5,152577.49,3,1,1,173459.76,0
491,15000490,Cliente0491,693,France,Male,48,9,88266.01,1,1,1,160795.51,0
492,15000491,Cliente0492,577,Germany,Female,35,1,41680.73,1,1,0,103687.22,0
493,15000492,Cliente0493,540,France,Female,36,6,82030.91,2,0,0,136205.26,0
494,15000493,Cliente0494,727,Spain,Female,23,5,77344.68,1,1,0,132280.88,0
495,15000494,Cliente0495,687,France,Male,67,2,0.0,1,1,0,169559.04,1
496,15000495,Cliente0496,386,France,Female,52,8,0.0,3,1,1,138639.62,0
497,15000496,Cliente0497,572,Spain,Female,31,6,127220.47,1,0,1,130002.71,0
498,15000497,Cliente0498,556,France,Male,61,1,0.0,2,1,1,151948.86,0
499,15000498,Cliente0499,705,Germany,Male,47,0,144607.24,1,1,1,158778.13,0
500,15000499,Cliente0500,775,France,Male,35,3,0.0,2,1,1,135465.86,0
501,15000500,Cliente0501,825,France,Male,79,3,0.0,3,1,1,195609.2,0
502,15000501,Cliente0502,710,France,Female,41,3,124238.66,2,1,0,179235.72,0
503,15000502,Cliente0503,557,France,Female,43,10,0.0,1,1,0,135649.54,0
504,15000503,Cliente0504,554,France,Female,55,9,96292.68,3,1,1,164045.68,0
505,15000504,Cliente0505,569,Germany,Female,33,7,126254.79,1,1,0,126511.49,1
506,15000505,Cliente0506,692,France,Male,58,3,84042.19,2,1,0,160825.63,0
507,15000506,Cliente0507,758,France,Male,73,6,75125.78,1,0,0,181471.24,1
508,15000507,Cliente0508,487,France,Male,27,0,117953.05,2,1,1,101151.42,0
509,15000508,Cliente0509,702,Germany,Male,68,4,80093.73,1,1,0,190330.98,1
510,15000509,Cliente0510,729,France,Female,46,9,90414.66,1,1,1,187370.76,0
511,15000510,Cliente0511,677,France,Female,76,0,128978.75,1,1,1,190391.95,0
512,15000511,Cliente0512,850,France,Male,51,10,119620.21,1,1,1,195629.16,0
513,15000512,Cliente0513,695,France,Male,53,7,78902.22,1,1,1,158552.33,0
514,15000513,Cliente0514,653,France,Female,43,8,72988.7,2,0,1,163618.63,0
515,15000514,Cliente0515,702,France,Female,65,1,0.0,2,0,0,182619.26,1
516,15000515,Cliente0516,604,Germany,Male,63,1,0.0,1,1,0,151204.18,1
517,15000516,Cliente0517,557,France,Male,30,8,57628.29,1,1,0,113584.59,1
518,15000517,Cliente0518,686,France,Male,57,6,0.0,3,1,1,183564.79,0
519,15000518,Cliente0519,748,Germany,Female,57,1,85830.4,4,1,1,158493.26,0
520,15000519,Cliente0520,630,France,Male,51,9,0.0,1,1,1,158684.69,1
521,15000520,Cliente0521,729,France,Female,48,4,82901.49,2,1,0,163541.49,1
522,15000521,Cliente0522,618,France,Female,53,8,0.0,1,1,1,171452.28,0
523,15000522,Cliente0523,789,Spain,Male,20,3,91012.42,1,1,1,143975.05,0
524,15000523,Cliente0524,668,Spain,Female,74,9,55283.39,2,1,0,219844.26,1
525,15000524,Cliente0525,695,France,Female,37,1,130850.98,1,1,0,141742.24,1
526,15000525,Cliente0526,715,France,Female,33,4,0.0,2,1,0,147667.38,0
527,15000526,Cliente0527,535,Spain,Male,31,9,120947.99,3,1,0,130166.63,0
528,15000527,Cliente0528,635,Germany,Male,70,10,102110.79,3,1,0,188389.29,1
529,15000528,Cliente0529,806,Germany,Male,49,6,0.0,1,0,1,156425.16,0
530,15000529,Cliente0530,653,Germany,Male,46,1,114105.59,1,1,0,146290.51,1
531,15000530,Cliente0531,769,France,Male,49,6,0.0,3,0,0,147503.5,1
532,15000531,Cliente0532,725,France,Male,38,5,138006.42,1,1,1,162121.76,0
533,15000532,Cliente0533,495,France,Female,42,5,0.0,3,1,0,134414.43,0
534,15000533,Cliente0534,710,France,Female,64,10,108298.04,1,1,1,188232.33,0
535,15000534,Cliente0535,557,France,Male,76,6,0.0,2,0,1,171250.13,0
536,15000535,Cliente0536,672,Germany,Male,71,9,168134.78,2,0,0,202821.73,1
537,15000536,Cliente0537,615,Spain,Female,22,6,57777.88,1,1,1,124806.38,0
538,15000537,Cliente0538,652,France,Female,55,5,0.0,3,1,1,157376.51,0
539,15000538,Cliente0539,644,France,Male,39,1,96198.86,2,1,0,127295.24,1
540,15000539,Cliente0540,671,France,Male,76,5,0.0,1,0,1,203340.15,1
541,15000540,Cliente0541,612,Spain,Female,48,1,116224.98,2,0,1,159451.49,0
542,15000541,Cliente0542,535,France,Male,33,6,108073.72,1,1,1,133754.56,0
543,15000542,Cliente0543,564,France,Male,61,1,41681.02,2,1,0,146411.65,0
544,15000543,Cliente0544,728,Germany,Female,22,6,0.0,1,1,1,116881.69,0
545,15000544,Cliente0545,797,France,Female,62,7,66181.16,1,1,1,196259.52,0
546,15000545,Cliente0546,670,France,Female,54,0,42490.14,2,1,0,150127.48,1
547,15000546,Cliente0547,722,Spain,Female,76,4,0.0,1,0,1,170775.4,1
548,15000547,Cliente0548,733,France,Male,46,6,64587.11,2,0,1,143836.34,0
549,15000548,Cliente0549,534,France,Female,75,2,87617.12,2,1,1,176462.67,1
550,15000549,Cliente0550,491,France,Female,22,7,55038.73,2,1,1,136058.45,0
551,15000550,Cliente0551,646,Germany,Female,47,4,0.0,1,1,1,140073.37,0
552,15000551,Cliente0552,489,France,Male,70,8,142201.98,1,1,0,168272.3,1
553,15000552,Cliente0553,627,Spain,Male,70,6,129278.33,1,1,0,194604.06,1
554,15000553,Cliente0554,524,France,Female,73,2,173254.56,4,1,0,198989.94,1
555,15000554,Cliente0555,597,France,Male,32,6,0.0,2,1,1,120306.88,0
556,15000555,Cliente0556,586,Germany,Male,48,4,0.0,2,0,1,156489.75,0
557,15000556,Cliente0557,694,Germany,Female,21,1,8890.45,1,0,1,111112.22,0
558,15000557,Cliente0558,595,Spain,Female,38,5,0.0,1,1,0,107220.36,0
559,15000558,Cliente0559,552,France,Female,61,9,0.0,1,0,0,152501.05,1
560,15000559,Cliente0560,654,Spain,Male,22,7,0.0,2,1,0,107105.82,0
561,15000560,Cliente0561,850,France,Male,61,2,67999.94,1,0,1,181035.43,0
562,15000561,Cliente0562,692,Spain,Female,72,3,0.0,2,0,0,179835.14,0
563,15000562,Cliente0563,485,Germany,Male,68,8,0.0,1,1,1,157772.95,1
564,15000563,Cliente0564,658,Germany,Female,77,9,0.0,2,0,0,193774.41,1
565,15000564,Cliente0565,850,Germany,Female,60,7,97360.9,2,1,1,205154.67,0
566,15000565,Cliente0566,664,Germany,Female,60,5,106613.92,1,1,1,163296.81,1
567,15000566,Cliente0567,759,Spain,Female,22,4,99251.25,3,1,1,157003.02,0
568,15000567,Cliente0568,744,France,Male,43,5,0.0,3,1,0,155923.63,0
569,15000568,Cliente0569,751,France,Male,71,10,61201.17,3,0,0,202819.73,1
570,15000569,Cliente0570,739,France,Female,29,0,139464.92,2,1,0,160362.87,0
571,15000570,Cliente0571,674,France,Male,33,4,0.0,3,0,1,139304.69,0
572,15000571,Cliente0572,634,France,Female,43,9,97913.57,2,1,0,187585.37,0
573,15000572,Cliente0573,626,Germany,Female,67,6,171215.29,1,0,0,188656.89,0
574,15000573,Cliente0574,660,France,Male,27,4,23846.53,1,1,0,123553.84,0
575,15000574,Cliente0575,686,France,Male,68,5,75683.23,1,1,1,190598.73,1
576,15000575,Cliente0576,542,Germany,Female,76,1,131250.29,1,1,0,183339.96,1
577,15000576,Cliente0577,626,Spain,Male,30,5,85275.35,3,1,0,133426.39,0
578,15000577,Cliente0578,647,Germany,Female,22,2,0.0,2,1,1,124077.67,0
579,15000578,Cliente0579,659,France,Female,27,5,109688.16,2,0,1,137476.78,0
580,15000579,Cliente0580,624,Germany,Male,19,7,38361.79,2,1,1,99885.47,0
581,15000580,Cliente0581,719,France,Male,61,2,0.0,2,1,0,145105.07,1
582,15000581,Cliente0582,641,Spain,Male,19,6,73750.46,1,1,0,114138.14,0
583,15000582,Cliente0583,618,France,Female,46,8,47211.15,1,1,0,148316.68,0
584,15000583,Cliente0584,545,France,Female,53,10,99591.66,4,1,1,182704.42,0
585,15000584,Cliente0585,584,Spain,Female,80,10,104370.12,2,0,0,207722.98,1
586,15000585,Cliente0586,670,France,Female,48,2,11067.79,1,0,0,146461.48,0
587,15000586,Cliente0587,660,France,Male,31,7,0.0,2,0,0,140431.7,0
588,15000587,Cliente0588,477,Spain,Male,40,9,40246.75,3,1,0,161775.84,0
589,15000588,Cliente0589,729,France,Male,65,3,104951.43,2,1,0,170680.56,0
590,15000589,Cliente0590,590,France,Male,37,3,0.0,1,0,0,121770.38,1
591,15000590,Cliente0591,573,France,Male,76,1,0.0,1,0,0,151666.69,1
592,15000591,Cliente0592,745,France,Female,31,8,59094.63,2,1,0,145564.82,0
593,15000592,Cliente0593,749,Spain,Female,41,9,0.0,1,0,1,146767.92,0
594,15000593,Cliente0594,590,Germany,Female,49,1,105007.59,2,1,1,149772.31,0
595,15000594,Cliente0595,620,France,Male,26,5,107496.01,1,0,0,140828.17,0
596,15000595,Cliente0596,546,Spain,Male,21,7,101223.52,2,0,1,151059.56,0
597,15000596,Cliente0597,719,Germany,Male,30,9,63543.4,1,1,0,124517.96,0
598,15000597,Cliente0598,727,France,Female,76,5,43836.21,3,1,1,190711.44,1
599,15000598,Cliente0599,613,Spain,Female,33,10,63946.36,1,1,1,136088.62,0
600,15000599,Cliente0600,768,Spain,Male,74,3,64387.84,1,1,0,191780.89,1
601,15000600,Cliente0601,728,France,Female,22,8,110363.9,3,0,1,167832.21,0
602,15000601,Cliente0602,639,Germany,Female,40,9,70070.05,1,1,0,153172.85,0
603,15000602,Cliente0603,711,Germany,Male,32,7,25542.6,1,0,0,134372.29,0
604,15000603,Cliente0604,509,Germany,Male,65,4,0.0,1,0,0,142390.0,1
605,15000604,Cliente0605,628,Spain,Male,32,2,36691.35,1,1,1,121304.29,0
606,15000605,Cliente0606,671,France,Female,37,10,71550.46,1,0,1,170590.92,0
607,15000606,Cliente0607,649,Germany,Female,38,4,129338.15,1,1,0,145539.11,1
608,15000607,Cliente0608,824,France,Male,28,3,128773.84,2,1,1,181748.15,0
609,15000608,Cliente0609,676,France,Female,43,7,80298.56,2,1,1,153634.62,0
610,15000609,Cliente0610,681,Germany,Female,23,0,34157.72,1,1,1,129594.86,0
611,15000610,Cliente0611,537,Spain,Female,53,4,0.0,1,0,0,145025.26,0
612,15000611,Cliente0612,634,Spain,Male,51,7,93906.65,1,0,1,184389.94,1
613,15000612,Cliente0613,583,France,Male,47,1,113437.55,1,0,1,148359.52,1
614,15000613,Cliente0614,850,France,Male,22,3,0.0,2,1,0,130428.61,0
615,15000614,Cliente0615,615,France,Female,62,0,135832.54,2,1,1,181965.86,0
616,15000615,Cliente0616,660,France,Male,70,5,0.0,2,1,0,183617.65,0
617,15000616,Cliente0617,753,Spain,Male,43,1,70825.96,2,0,1,159989.22,1
618,15000617,Cliente0618,706,France,Female,67,2,72657.64,2,0,1,183428.76,0
619,15000618,Cliente0619,530,France,Male,40,3,0.0,2,1,1,127340.27,0
620,15000619,Cliente0620,704,Spain,Female,77,8,168228.68,2,1,0,218751.25,1
621,15000620,Cliente0621,710,Germany,Male,62,1,131765.21,1,1,1,188738.59,0
622,15000621,Cliente0622,635,Germany,Male,77,5,87437.75,1,1,1,180172.76,0
623,15000622,Cliente0623,689,France,Female,54,4,116560.75,1,1,0,168221.26,0
624,15000623,Cliente0624,659,Spain,Male,43,5,57060.52,1,1,1,145559.29,0
625,15000624,Cliente0625,532,France,Male,80,3,39816.6,4,1,1,203924.67,0
626,15000625,Cliente0626,602,Germany,Female,68,8,111250.17,1,0,1,174466.68,1
627,15000626,Cliente0627,652,France,Female,33,3,176004.93,2,1,0,145121.47,0
628,15000627,Cliente0628,600,France,Male,58,10,84978.88,3,1,0,170993.5,1
629,15000628,Cliente0629,696,France,Male,67,10,88112.2,3,1,1,196433.76,1
630,15000629,Cliente0630,735,France,Male,30,1,27717.13,1,1,0,133274.63,0
631,15000630,Cliente0631,673,France,Female,22,10,0.0,2,1,0,144319.02,0
632,15000631,Cliente0632,618,France,Female,50,2,88013.64,2,0,1,144374.77,0
633,15000632,Cliente0633,766,France,Female,64,4,90038.2,2,0,0,182641.45,0
634,15000633,Cliente0634,662,France,Male,34,9,0.0,1,1,1,137773.48,0
635,15000634,Cliente0635,680,France,Male,57,4,79703.02,3,0,1,193741.02,1
636,15000635,Cliente0636,585,Germany,Female,26,6,0.0,1,1,0,132129.12,0
637,15000636,Cliente0637,631,Germany,Female,43,4,0.0,1,1,0,129291.82,1
638,15000637,Cliente0638,735,France,Female,65,7,0.0,1,1,0,161040.1,1
639,15000638,Cliente0639,713,France,Male,22,8,108062.81,3,1,0,143715.92,1
640,15000639,Cliente0640,634,France,Male,57,5,108704.91,2,1,1,178887.34,1
641,15000640,Cliente0641,651,France,Female,43,6,46968.95,1,1,1,158210.97,1
642,15000641,Cliente0642,667,France,Female,39,3,18655.26,3,1,0,163112.38,0
643,15000642,Cliente0643,570,France,Male,33,5,124948.35,2,1,1,127148.08,1
644,15000643,Cliente0644,634,France,Female,56,8,0.0,2,1,0,175427.78,0
645,15000644,Cliente0645,607,France,Female,63,1,109710.03,1,0,1,145744.61,0
646,15000645,Cliente0646,532,France,Female,31,7,42643.74,1,0,1,98121.02,0
647,15000646,Cliente0647,663,France,Male,62,2,123712.52,3,1,1,181770.61,0
648,15000647,Cliente0648,638,France,Male,51,7,94180.69,1,1,1,162408.53,0
649,15000648,Cliente0649,526,Germany,Female,67,3,111191.63,2,0,0,152552.36,0
650,15000649,Cliente0650,582,France,Male,39,4,56673.35,3,1,0,142854.78,1
651,15000650,Cliente0651,643,Germany,Male,73,9,77675.26,1,1,0,215340.33,0
652,15000651,Cliente0652,404,Spain,Male,23,3,69157.81,1,1,0,100999.66,0
653,15000652,Cliente0653,666,France,Male,32,9,107905.45,1,0,0,117115.92,0
654,15000653,Cliente0654,673,France,Male,71,6,152143.1,1,1,1,201200.68,1
655,15000654,Cliente0655,705,Spain,Female,78,1,82640.95,1,1,1,200928.63,0
656,15000655,Cliente0656,599,Spain,Male,77,7,120993.14,2,1,0,207347.73,1
657,15000656,Cliente0657,529,Spain,Female,72,8,0.0,3,1,0,175654.71,0
658,15000657,Cliente0658,703,France,Female,41,9,145298.86,2,1,0,166651.53,0
659,15000658,Cliente0659,533,Spain,Male,61,8,77356.05,2,1,0,172862.66,1
660,15000659,Cliente0660,696,Germany,Female,35,2,126010.08,1,0,0,139941.78,0
661,15000660,Cliente0661,593,Spain,Female,74,9,0.0,2,1,1,192735.91,0
662,15000661,Cliente0662,564,France,Male,23,8,110619.25,1,1,1,111543.86,0
663,15000662,Cliente0663,675,France,Male,28,2,81296.89,1,0,1,143860.75,0
664,15000663,Cliente0664,745,France,Female,48,2,132780.23,4,1,1,189458.43,0
665,15000664,Cliente0665,637,Spain,Female,72,3,83282.65,2,1,1,190577.15,0
666,15000665,Cliente0666,629,France,Male,65,4,0.0,2,1,0,176425.0,0
667,15000666,Cliente0667,506,Spain,Male,23,0,49932.18,4,1,0,136271.11,0
668,15000667,Cliente0668,721,France,Male,34,3,122663.08,2,1,0,154223.8,0
669,15000668,Cliente0669,656,France,Female,49,3,0.0,1,1,1,173829.09,0
670,15000669,Cliente0670,627,Spain,Female,79,10,135146.62,1,0,1,221582.42,1
671,15000670,Cliente0671,761,France,Male,19,6,28066.08,1,1,0,109248.49,0
672,15000671,Cliente0672,517,Germany,Male,57,3,0.0,1,0,1,140583.98,0
673,15000672,Cliente0673,607,France,Female,44,2,0.0,2,0,0,147173.38,0
674,15000673,Cliente0674,650,Spain,Female,76,2,109996.64,2,1,1,190209.31,1
675,15000674,Cliente0675,625,France,Male,27,5,0.0,2,1,0,108562.0,0
676,15000675,Cliente0676,443,France,Female,76,4,116487.13,2,1,1,166861.72,1
677,15000676,Cliente0677,680,Germany,Female,64,1,0.0,1,1,1,165864.93,0
678,15000677,Cliente0678,647,France,Male,59,3,0.0,2,0,0,143299.02,0
679,15000678,Cliente0679,736,Spain,Male,44,10,64623.09,3,0,0,154855.96,0
680,15000679,Cliente0680,823,France,Male,32,7,86071.16,1,1,1,150250.66,0
681,15000680,Cliente0681,634,France,Female,46,3,141255.93,1,1,1,156123.27,1
682,15000681,Cliente0682,683,Germany,Female,58,10,140384.77,3,1,0,186162.66,1
683,15000682,Cliente0683,672,France,Female,61,2,32362.17,2,0,0,161582.27,0
684,15000683,Cliente0684,664,France,Male,39,8,0.0,1,0,1,134851.46,0
685,15000684,Cliente0685,638,France,Male,31,6,11796.84,1,1,0,141157.74,0
686,15000685,Cliente0686,683,Germany,Female,49,9,31126.96,2,1,1,183038.92,0
687,15000686,Cliente0687,746,France,Male,66,4,95897.39,1,1,1,198225.21,0
688,15000687,Cliente0688,578,France,Female,42,1,50289.75,2,0,1,138460.4,1
689,15000688,Cliente0689,812,France,Male,18,4,115162.62,2,0,1,173933.46,0
690,15000689,Cliente0690,693,Spain,Male,18,4,76648.7,2,1,0,114538.35,1
691,15000690,Cliente0691,676,France,Male,27,9,32835.59,1,0,0,123989.34,1
692,15000691,Cliente0692,459,Spain,Female,42,2,114499.91,1,1,0,122581.86,0
693,15000692,Cliente0693,649,Spain,Female,53,10,25809.86,1,0,1,145961.36,0
694,15000693,Cliente0694,567,Spain,Male,22,8,0.0,2,1,1,135409.22,0
695,15000694,Cliente0695,699,Germany,Male,37,6,104717.34,2,1,0,167033.11,1
696,15000695,Cliente0696,731,France,Female,76,3,113640.69,2,1,1,183761.37,0
697,15000696,Cliente0697,748,France,Male,44,3,195516.78,4,1,1,193781.92,0
698,15000697,Cliente0698,636,Germany,Female,35,2,63760.7,2,0,1,134043.48,0
699,15000698,Cliente0699,644,France,Male,37,2,0.0,3,1,1,138913.63,0
700,15000699,Cliente0700,687,Spain,Male,19,5,99765.64,2,0,0,131144.72,0
701,15000700,Cliente0701,472,Spain,Male,39,6,0.0,2,1,1,105321.21,1
702,15000701,Cliente0702,613,Spain,Female,44,8,0.0,2,0,0,144022.36,0
703,15000702,Cliente0703,604,France,Male,20,7,19036.42,2,1,1,140765.44,0
704,15000703,Cliente0704,694,France,Male,63,0,75685.13,2,1,0,165532.14,0
705,15000704,Cliente0705,611,Spain,Male,19,10,0.0,1,0,0,121366.76,0
706,15000705,Cliente0706,713,France,Male,78,3,38192.21,2,0,1,196309.76,0
707,15000706,Cliente0707,634,France,Female,42,2,119991.95,1,0,1,137757.12,0
708,15000707,Cliente0708,723,Spain,Female,43,3,43828.75,2,1,0,146407.63,0
709,15000708,Cliente0709,839,Germany,Male,32,0,0.0,2,1,1,149963.53,0
710,15000709,Cliente0710,782,Spain,Female,41,1,0.0,3,1,0,153804.22,0
711,15000710,Cliente0711,731,Spain,Male,31,1,96460.83,1,1,1,138122.12,0
712,15000711,Cliente0712,747,France,Female,23,2,151423.48,1,1,0,144219.69,1
713,15000712,Cliente0713,619,Germany,Female,23,8,0.0,1,1,1,118194.67,0
714,15000713,Cliente0714,584,Spain,Male,80,4,115009.61,3,0,0,184573.11,1
715,15000714,Cliente0715,578,France,Male,24,7,93189.56,3,1,1,143940.95,0
716,15000715,Cliente0716,667,Spain,Male,20,10,90965.93,2,0,0,139846.69,0
717,15000716,Cliente0717,775,Spain,Male,62,10,3577.3,1,1,1,187241.05,1
718,15000717,Cliente0718,588,Germany,Male,20,8,75028.95,2,1,1,128006.02,0
719,15000718,Cliente0719,690,France,Female,66,8,0.0,3,1,0,193663.2,0
720,15000719,Cliente0720,544,Germany,Male,18,6,0.0,1,1,1,100321.3,0
721,15000720,Cliente0721,547,France,Male,66,0,104598.21,2,1,0,147866.62,0
722,15000721,Cliente0722,723,Germany,Male,61,9,115859.08,2,1,0,186586.75,0
723,15000722,Cliente0723,592,Spain,Female,73,4,105741.38,1,0,0,191071.12,1
724,15000723,Cliente0724,589,France,Female,34,5,99087.34,1,1,1,139089.98,0
725,15000724,Cliente0725,818,France,Male,69,4,89790.74,1,1,0,183629.34,0
726,15000725,Cliente0726,656,Germany,Male,71,5,55664.03,1,1,1,188743.53,1
727,15000726,Cliente0727,646,Spain,Male,67,9,0.0,1,0,0,166669.72,1
728,15000727,Cliente0728,630,France,Male,65,9,64481.68,1,0,0,167663.92,0
729,15000728,Cliente0729,685,Germany,Female,67,1,0.0,1,1,0,140440.03,1
730,15000729,Cliente0730,590,France,Female,68,9,107273.58,4,0,0,171053.24,1
731,15000730,Cliente0731,655,France,Female,39,8,0.0,1,0,0,130933.68,0
732,15000731,Cliente0732,742,France,Female,28,6,78179.09,3,1,1,152218.0,0
733,15000732,Cliente0733,623,Germany,Male,38,1,97380.04,1,1,0,111557.52,1
734,15000733,Cliente0734,448,Germany,Female,61,2,0.0,1,1,1,146231.24,0
735,15000734,Cliente0735,594,Spain,Female,40,9,81711.7,2,1,1,161344.03,0
736,15000735,Cliente0736,715,Spain,Male,78,6,122238.24,1,0,1,216560.01,0
737,15000736,Cliente0737,745,France,Male,67,3,44141.4,2,1,0,166791.48,0
738,15000737,Cliente0738,681,France,Male,70,0,120344.3,3,0,1,194683.05,0
739,15000738,Cliente0739,771,France,Male,43,0,118632.35,1,0,1,170697.84,0
740,15000739,Cliente0740,562,France,Male,30,10,72728.84,1,1,0,116604.46,0
741,15000740,Cliente0741,759,Germany,Female,79,10,0.0,2,1,0,202473.75,1
742,15000741,Cliente0742,668,France,Female,21,4,34242.43,1,1,0,123819.0,0
743,15000742,Cliente0743,707,Germany,Female,69,6,94087.65,1,0,1,186758.63,1
744,15000743,Cliente0744,407,Germany,Female,49,7,60678.48,2,0,1,157662.58,1
745,15000744,Cliente0745,726,Spain,Male,59,0,0.0,2,1,1,170738.54,0
746,15000745,Cliente0746,670,France,Female,31,3,30117.14,2,1,0,128697.5,0
747,15000746,Cliente0747,812,Spain,Male,18,5,63562.96,1,1,0,120641.95,0
748,15000747,Cliente0748,666,Germany,Female,19,5,0.0,2,0,1,123613.82,0
749,15000748,Cliente0749,567,France,Female,47,2,111615.5,3,1,0,139241.8,0
750,15000749,Cliente0750,582,Germany,Female,28,10,115443.9,1,0,1,137266.97,0
751,15000750,Cliente0751,684,Germany,Male,58,10,111408.47,2,1,0,182275.86,0
752,15000751,Cliente0752,676,Germany,Female,41,9,109747.61,2,1,0,150937.51,0
753,15000752,Cliente0753,596,France,Female,22,8,95944.58,1,1,1,145041.3,0
754,15000753,Cliente0754,559,Germany,Female,60,6,92089.49,2,1,1,183664.89,0
755,15000754,Cliente0755,779,Germany,Male,79,0,115666.25,1,0,1,204419.56,0
756,15000755,Cliente0756,630,Germany,Male,28,10,85992.19,1,1,0,112181.58,0
757,15000756,Cliente0757,644,Spain,Female,63,2,98215.52,3,1,1,170992.65,0
758,15000757,Cliente0758,605,Germany,Female,31,5,70420.97,1,0,1,130743.68,0
759,15000758,Cliente0759,769,Spain,Female,77,4,143254.4,3,1,0,218202.04,1
760,15000759,Cliente0760,745,Spain,Male,29,7,0.0,2,1,0,145583.52,0
761,15000760,Cliente0761,563,Germany,Female,23,10,93506.66,2,1,0,105986.94,0
762,15000761,Cliente0762,643,France,Male,68,6,180763.38,1,1,0,194855.2,1
763,15000762,Cliente0763,572,France,Female,19,1,0.0,1,1,0,101408.09,0
764,15000763,Cliente0764,808,Spain,Female,31,6,118298.56,2,1,0,168511.05,0
765,15000764,Cliente0765,688,Germany,Female,33,8,46154.6,1,1,1,148785.26,0
766,15000765,Cliente0766,626,Germany,Male,25,2,0.0,1,1,1,103072.73,0
767,15000766,Cliente0767,621,Spain,Male,37,6,973.65,3,1,0,145677.97,0
768,15000767,Cliente0768,696,Germany,Female,71,0,0.0,1,0,0,146475.11,1
769,15000768,Cliente0769,629,Spain,Male,72,10,57416.99,1,1,0,183069.68,1
770,15000769,Cliente0770,781,Germany,Female,62,2,81787.0,1,1,1,177470.33,0
771,15000770,Cliente0771,571,France,Male,49,9,0.0,1,1,1,124050.73,0
772,15000771,Cliente0772,545,Germany,Male,26,4,103987.83,1,1,1,127229.69,0
773,15000772,Cliente0773,770,Germany,Female,22,3,109395.95,2,1,0,133217.15,0
774,15000773,Cliente0774,614,France,Male,36,1,91868.33,1,1,0,126252.22,1
775,15000774,Cliente0775,771,France,Female,53,9,0.0,1,1,0,158973.92,0
776,15000775,Cliente0776,725,France,Female,77,8,107678.97,1,1,0,203468.16,1
777,15000776,Cliente0777,535,France,Male,19,7,66305.89,2,1,0,120331.12,0
778,15000777,Cliente0778,598,France,Male,30,9,0.0,1,1,0,138610.61,0
779,15000778,Cliente0779,654,Germany,Female,60,9,0.0,1,0,0,139099.26,0
780,15000779,Cliente0780,631,France,Male,68,4,70397.23,1,0,0,164503.75,1
781,15000780,Cliente0781,676,France,Male,18,2,104512.28,2,0,0,122288.01,0
782,15000781,Cliente0782,598,France,Male,49,8,88598.97,1,0,0,155211.72,1
783,15000782,Cliente0783,643,Germany,Female,75,1,0.0,1,1,1,197031.99,0
784,15000783,Cliente0784,735,France,Male,67,9,0.0,1,0,0,169561.22,0
785,15000784,Cliente0785,763,Germany,Male,80,8,146568.56,1,1,1,217930.24,1
786,15000785,Cliente0786,583,France,Female,37,6,55094.56,2,1,0,138303.33,0
787,15000786,Cliente0787,630,Spain,Male,72,5,0.0,2,1,1,190672.64,0
788,15000787,Cliente0788,639,Spain,Male,43,10,0.0,3,1,0,165922.46,1
789,15000788,Cliente0789,535,Germany,Male,25,1,90083.5,1,1,1,92730.59,0
790,15000789,Cliente0790,730,France,Male,25,9,93030.5,1,1,1,165262.29,0
791,15000790,Cliente0791,698,France,Male,61,5,130773.02,1,0,0,158363.85,1
792,15000791,Cliente0792,694,France,Female,61,1,68977.9,1,0,1,165791.88,0
793,15000792,Cliente0793,641,France,Male,58,10,142635.46,2,0,1,188509.26,0
794,15000793,Cliente0794,724,France,Female,78,6,99006.72,1,1,0,204108.83,0
795,15000794,Cliente0795,732,Germany,Male,22,4,87189.49,1,0,1,134917.56,0
796,15000795,Cliente0796,749,France,Female,40,10,57336.77,1,1,0,145071.42,0
797,15000796,Cliente0797,636,France,Female,29,9,0.0,2,1,1,139300.14,0
798,15000797,Cliente0798,680,Spain,Male,42,8,0.0,1,1,1,134032.38,0
799,15000798,Cliente0799,617,Germany,Male,74,2,0.0,3,1,0,200001.98,1
800,15000799,Cliente0800,623,France,Female,64,2,35625.32,1,1,0,165498.03,0
801,15000800,Cliente0801,733,France,Male,39,8,111682.61,3,1,1,153469.3,0
802,15000801,Cliente0802,655,France,Female,60,7,57681.77,3,0,1,187294.63,0
803,15000802,Cliente0803,637,France,Male,65,4,87151.07,1,1,1,146413.47,1
804,15000803,Cliente0804,701,Spain,Female,66,4,109984.89,1,1,1,178656.08,1
805,15000804,Cliente0805,707,Spain,Female,76,2,85080.48,2,1,0,203082.93,1
806,15000805,Cliente0806,586,France,Male,27,2,51445.54,3,0,0,117020.8,0
807,15000806,Cliente0807,595,Germany,Male,51,8,115086.65,1,1,0,132165.73,0
808,15000807,Cliente0808,711,Spain,Male,70,8,49034.49,3,1,1,199654.28,0
809,15000808,Cliente0809,695,France,Male,52,7,0.0,1,1,1,140407.04,0
810,15000809,Cliente0810,632,Germany,Male,75,1,93441.18,2,0,1,188134.2,0
811,15000810,Cliente0811,752,France,Female,71,10,106460.76,3,0,1,220431.16,0
812,15000811,Cliente0812,642,France,Female,60,7,0.0,2,1,0,159671.39,0
813,15000812,Cliente0813,486,France,Female,79,6,0.0,1,0,0,150538.95,1
814,15000813,Cliente0814,582,Spain,Male,20,4,106353.02,1,1,0,114533.18,0
815,15000814,Cliente0815,525,France,Female,73,10,147017.25,2,1,1,182038.2,1
816,15000815,Cliente0816,747,France,Female,53,5,64572.66,1,1,0,155642.56,0
817,15000816,Cliente0817,693,France,Male,71,2,120367.48,1,0,1,181246.23,1
818,15000817,Cliente0818,660,Spain,Female,47,2,0.0,1,0,0,129794.93,0
819,15000818,Cliente0819,453,Spain,Female,18,0,118591.51,2,1,0,87956.26,0
820,15000819,Cliente0820,524,Spain,Female,77,4,0.0,1,1,1,158904.61,0
821,15000820,Cliente0821,637,France,Male,59,0,99095.96,2,1,1,175947.86,0
822,15000821,Cliente0822,499,France,Male,52,10,95619.59,3,1,0,153405.93,0
823,15000822,Cliente0823,730,France,Male,45,8,0.0,1,1,0,158296.03,0
824,15000823,Cliente0824,641,France,Female,47,7,117063.33,1,1,1,172287.42,1
825,15000824,Cliente0825,638,France,Female,31,7,98696.7,1,1,1,137917.82,0
826,15000825,Cliente0826,645,Germany,Male,47,9,84642.32,2,1,1,175436.49,1
827,15000826,Cliente0827,569,France,Female,72,9,76525.74,1,1,0,177455.43,0
828,15000827,Cliente0828,561,France,Female,35,9,0.0,1,0,1,114236.52,0
829,15000828,Cliente0829,489,France,Male,31,2,14842.56,1,0,0,94860.81,1
830,15000829,Cliente0830,652,France,Male,78,7,14100.03,2,1,0,201918.57,0
831,15000830,Cliente0831,685,Germany,Male,72,5,0.0,1,1,1,168860.35,1
832,15000831,Cliente0832,630,France,Male,59,1,0.0,3,1,0,151697.85,0
833,15000832,Cliente0833,626,France,Female,55,3,107351.39,1,1,1,170345.82,0
834,15000833,Cliente0834,570,Spain,Male,62,8,103209.17,1,1,0,162253.45,1
835,15000834,Cliente0835,671,Spain,Female,34,4,60937.08,1,1,0,140371.86,1
836,15000835,Cliente0836,442,Germany,Male,57,4,85817.33,1,1,1,126347.09,1
837,15000836,Cliente0837,556,Germany,Female,44,1,68442.0,2,1,0,155346.97,1
838,15000837,Cliente0838,594,Spain,Male,28,8,0.0,1,1,0,132535.55,0
839,15000838,Cliente0839,607,France,Female,25,5,93526.12,2,0,1,120104.12,0
840,15000839,Cliente0840,669,Spain,Male,61,5,96683.01,3,1,1,208892.82,1
841,15000840,Cliente0841,634,Spain,Male,51,9,126592.1,1,1,0,166812.39,1
842,15000841,Cliente0842,663,Germany,Male,30,1,132024.0,1,1,0,140123.46,0
843,15000842,Cliente0843,756,Germany,Male,23,4,0.0,1,1,1,113520.19,0
844,15000843,Cliente0844,767,Germany,Female,26,4,88881.43,1,1,0,119903.68,0
845,15000844,Cliente0845,705,France,Female,52,8,0.0,3,1,1,190446.07,0
846,15000845,Cliente0846,756,France,Male,45,1,0.0,2,1,0,154424.81,0
847,15000846,Cliente0847,797,Spain,Male,77,0,104014.91,2,1,0,184156.2,0
848,15000847,Cliente0848,681,Spain,Male,50,8,91545.02,2,1,1,177765.92,0
849,15000848,Cliente0849,531,Spain,Female,77,6,0.0,1,1,1,146921.3,0
850,15000849,Cliente0850,735,France,Female,52,5,94605.83,1,1,1,151018.31,0
851,15000850,Cliente0851,565,Spain,Male,53,2,98047.02,1,1,1,140642.5,0
852,15000851,Cliente0852,808,France,Male,77,10,134479.01,1,1,1,200008.23,1
853,15000852,Cliente0853,797,Spain,Male,21,10,76658.05,2,0,1,155520.38,0
854,15000853,Cliente0854,606,France,Female,40,1,118858.46,1,1,1,161652.93,0
855,15000854,Cliente0855,557,Spain,Male,28,2,117661.07,2,1,1,113956.93,0
856,15000855,Cliente0856,591,Spain,Female,63,4,42792.65,1,0,1,179616.11,0
857,15000856,Cliente0857,644,France,Male,54,7,101987.27,2,1,0,191025.13,1
858,15000857,Cliente0858,759,Spain,Male,37,1,0.0,2,0,1,165241.16,0
859,15000858,Cliente0859,545,Germany,Male,44,3,71411.42,2,1,0,133716.63,0
860,15000859,Cliente0860,725,France,Female,67,0,19375.06,3,1,1,213863.95,0
861,15000860,Cliente0861,474,Spain,Male,39,0,132983.58,2,1,0,128635.95,0
862,15000861,Cliente0862,753,Germany,Male,58,2,0.0,2,1,1,157877.93,0
863,15000862,Cliente0863,645,France,Female,61,1,98419.73,4,1,0,191111.36,1
864,15000863,Cliente0864,667,France,Female,45,0,0.0,2,0,1,151199.02,0
865,15000864,Cliente0865,641,France,Male,64,3,119306.51,2,1,1,183442.36,1
866,15000865,Cliente0866,730,France,Male,43,2,0.0,2,1,1,149606.24,0
867,15000866,Cliente0867,682,Spain,Male,62,4,55730.46,1,1,1,189323.28,0
868,15000867,Cliente0868,793,Spain,Female,46,6,75545.46,1,0,0,156030.94,0
869,15000868,Cliente0869,499,France,Female,44,10,3279.14,1,1,1,140332.31,0
870,15000869,Cliente0870,573,Germany,Male,53,4,19254.58,1,1,1,139872.29,0
871,15000870,Cliente0871,536,Spain,Female,30,9,0.0,1,1,1,113347.51,0
872,15000871,Cliente0872,711,France,Male,70,0,0.0,2,0,1,173362.91,1
873,15000872,Cliente0873,507,Spain,Male,74,1,0.0,3,0,1,156394.62,0
874,15000873,Cliente0874,850,Spain,Male,32,1,59777.09,1,1,1,162343.4,0
875,15000874,Cliente0875,658,Spain,Male,36,8,0.0,1,0,0,130037.68,1
876,15000875,Cliente0876,754,France,Male,37,0,119757.4,1,0,0,142889.53,0
877,15000876,Cliente0877,568,France,Female,71,4,0.0,2,1,1,153070.06,1
878,15000877,Cliente0878,667,Germany,Female,64,7,115416.58,3,1,1,199570.73,0
879,15000878,Cliente0879,703,Spain,Female,50,2,88545.56,4,1,1,173322.23,0
880,15000879,Cliente0880,590,France,Female,42,3,0.0,1,1,1,126967.68,0
881,15000880,Cliente0881,631,France,Male,69,5,0.0,1,1,1,145735.71,0
882,15000881,Cliente0882,782,Spain,Female,58,9,184651.21,1,0,0,207811.53,0
883,15000882,Cliente0883,758,Germany,Male,19,3,0.0,2,1,0,116445.52,0
884,15000883,Cliente0884,699,Germany,Male,80,4,0.0,1,1,1,191228.6,0
885,15000884,Cliente0885,818,Germany,Male,26,9,91326.06,2,0,1,153206.66,0
886,15000885,Cliente0886,485,Spain,Male,50,7,0.0,2,0,1,125998.53,1
887,15000886,Cliente0887,675,France,Female,63,3,79134.9,2,0,0,183961.68,0
888,15000887,Cliente0888,618,France,Female,71,7,0.0,2,1,1,165166.86,0
889,15000888,Cliente0889,771,Germany,Male,25,3,98033.07,1,1,0,122712.47,0
890,15000889,Cliente0890,744,France,Male,19,8,30211.66,2,1,0,111276.06,0
891,15000890,Cliente0891,749,France,Male,70,0,119969.29,2,1,0,199899.98,1
892,15000891,Cliente0892,599,Germany,Male,59,6,79207.6,1,0,0,156804.53,1
893,15000892,Cliente0893,698,Germany,Male,23,7,71390.23,2,1,0,139453.45,0
894,15000893,Cliente0894,742,Germany,Male,59,3,149094.87,2,1,1,195745.02,1
895,15000894,Cliente0895,760,France,Female,69,4,174413.73,1,0,0,191247.63,0
896,15000895,Cliente0896,571,Germany,Female,51,0,58974.67,1,1,1,135833.44,1
897,15000896,Cliente0897,592,Spain,Male,47,1,41579.96,1,1,1,145705.43,0
898,15000897,Cliente0898,671,Germany,Male,23,0,78260.06,2,1,0,134331.92,0
899,15000898,Cliente0899,769,Germany,Female,39,9,132793.35,1,1,1,163002.82,0
900,15000899,Cliente0900,703,France,Male,33,5,0.0,3,0,0,117874.64,0
901,15000900,Cliente0901,767,France,Male,35,1,104247.6,3,1,1,161184.51,0
902,15000901,Cliente0902,484,Spain,Female,55,9,78870.56,1,1,1,146774.61,1
903,15000902,Cliente0903,627,France,Male,26,3,29100.68,3,1,0,135142.68,0
904,15000903,Cliente0904,692,Germany,Female,20,2,0.0,1,0,0,125680.48,0
905,15000904,Cliente0905,673,France,Female,70,9,43206.32,1,0,1,177225.58,0
906,15000905,Cliente0906,489,Spain,Female,50,9,0.0,2,1,0,144355.11,0
907,15000906,Cliente0907,744,France,Male,64,10,105124.0,2,1,1,198028.05,0
908,15000907,Cliente0908,679,France,Male,52,3,61261.14,3,1,0,171604.9,0
909,15000908,Cliente0909,610,France,Male,37,8,92748.59,1,1,1,167427.58,0
910,15000909,Cliente0910,752,Spain,Female,80,10,102169.97,1,1,0,205757.29,1
911,15000910,Cliente0911,503,France,Female,64,6,0.0,3,1,1,160844.73,0
912,15000911,Cliente0912,607,France,Male,79,9,106337.88,2,1,1,206970.13,1
913,15000912,Cliente0913,725,Spain,Female,44,9,165943.89,1,1,0,173705.36,1
914,15000913,Cliente0914,682,France,Male,54,1,134846.34,2,1,1,180129.7,0
915,15000914,Cliente0915,631,France,Female,19,9,86338.82,1,1,1,117748.53,0
916,15000915,Cliente0916,637,France,Male,75,7,0.0,1,1,1,162584.67,1
917,15000916,Cliente0917,630,France,Female,40,6,92079.07,1,1,0,147661.33,1
918,15000917,Cliente0918,724,France,Female,56,9,0.0,2,1,1,132358.09,1
919,15000918,Cliente0919,624,France,Male,18,10,84495.26,2,1,0,114952.66,0
920,15000919,Cliente0920,708,Spain,Female,53,3,105742.04,1,1,1,165259.14,1
921,15000920,Cliente0921,473,France,Male,57,4,74972.62,3,1,0,172511.3,0
922,15000921,Cliente0922,755,France,Female,42,5,63856.47,2,1,1,163576.08,0
923,15000922,Cliente0923,850,Germany,Male,40,0,103706.55,3,0,1,165880.34,0
924,15000923,Cliente0924,692,Germany,Male,66,8,77426.33,2,1,0,196478.81,0
925,15000924,Cliente0925,643,France,Male,75,0,73416.24,3,1,1,210795.45,1
926,15000925,Cliente0926,605,France,Male,28,6,0.0,1,1,1,124567.25,0
927,15000926,Cliente0927,709,France,Male,76,10,0.0,3,1,1,192650.55,0
928,15000927,Cliente0928,595,Germany,Male,29,8,65989.99,3,0,0,150684.38,0
929,15000928,Cliente0929,580,France,Male,50,4,0.0,4,1,0,155545.24,0
930,15000929,Cliente0930,469,Spain,Male,59,1,0.0,1,1,1,121945.68,0
931,15000930,Cliente0931,671,Spain,Female,72,3,0.0,2,0,0,161248.92,1
932,15000931,Cliente0932,625,France,Male,64,10,34085.84,2,1,1,164205.61,0
933,15000932,Cliente0933,630,France,Female,79,3,119038.51,1,1,0,194345.64,1
934,15000933,Cliente0934,650,France,Male,23,1,0.0,1,1,1,110222.94,0
935,15000934,Cliente0935,590,Spain,Male,71,6,0.0,3,1,1,209144.88,0
936,15000935,Cliente0936,666,France,Male,80,3,130385.46,3,1,0,235608.5,1
937,15000936,Cliente0937,558,Spain,Male,20,1,41969.25,1,0,1,100011.18,0
938,15000937,Cliente0938,640,Germany,Female,67,7,100550.83,2,1,1,190760.04,1
939,15000938,Cliente0939,626,Spain,Male,18,7,0.0,1,1,1,121885.2,1
940,15000939,Cliente0940,505,France,Male,31,3,0.0,4,1,1,123956.35,0
941,15000940,Cliente0941,547,France,Male,40,6,52053.69,2,1,1,139335.3,0
942,15000941,Cliente0942,600,Germany,Female,66,10,96477.12,1,0,0,183097.96,0
943,15000942,Cliente0943,602,Spain,Male,55,3,0.0,2,0,0,132250.24,1
944,15000943,Cliente0944,672,France,Female,27,3,112589.15,1,1,0,117868.65,1
945,15000944,Cliente0945,616,France,Female,49,9,97975.25,1,1,0,162274.8,0
946,15000945,Cliente0946,646,France,Male,67,3,106923.25,1,0,0,184123.17,0
947,15000946,Cliente0947,615,France,Female,33,5,75225.77,1,1,1,133712.28,0
948,15000947,Cliente0948,430,Spain,Female,36,8,41584.07,2,1,1,127116.28,0
949,15000948,Cliente0949,640,France,Female,72,5,72082.08,4,1,0,186853.17,1
950,15000949,Cliente0950,578,France,Female,30,7,28816.17,2,1,0,136382.45,0
951,15000950,Cliente0951,636,France,Male,38,8,120480.63,2,1,1,153898.85,0
952,15000951,Cliente0952,585,France,Male,41,3,88942.46,2,1,1,133893.07,0
953,15000952,Cliente0953,706,France,Female,57,3,0.0,2,1,0,170155.33,0
954,15000953,Cliente0954,646,France,Female,54,0,0.0,1,1,1,135939.38,0
955,15000954,Cliente0955,710,Germany,Male,49,3,0.0,3,1,0,155830.23,0
956,15000955,Cliente0956,716,Spain,Female,54,4,0.0,3,1,1,142101.59,0
957,15000956,Cliente0957,602,France,Female,62,1,141172.25,2,1,1,189056.45,0
958,15000957,Cliente0958,719,France,Male,40,3,122891.18,2,1,1,166211.91,0
959,15000958,Cliente0959,669,Germany,Male,42,10,56073.09,1,1,1,171581.52,0
960,15000959,Cliente0960,560,Spain,Female,64,9,117031.03,3,1,1,206952.12,0
961,15000960,Cliente0961,640,Germany,Female,40,6,123881.31,1,1,1,148035.94,0
962,15000961,Cliente0962,658,France,Male,48,9,0.0,2,0,1,143264.92,1
963,15000962,Cliente0963,758,France,Female,26,3,0.0,2,1,1,126892.96,0
964,15000963,Cliente0964,620,Germany,Female,45,5,0.0,1,0,0,139161.32,1
965,15000964,Cliente0965,784,France,Female,73,7,49779.96,1,0,1,188325.0,0
966,15000965,Cliente0966,715,France,Male,60,10,0.0,2,1,1,175095.29,0
967,15000966,Cliente0967,470,Germany,Male,74,4,74521.17,1,1,0,166893.52,1
968,15000967,Cliente0968,562,Germany,Female,62,3,0.0,1,1,0,158459.34,0
969,15000968,Cliente0969,700,France,Male,53,5,113321.82,1,0,1,172496.96,0
970,15000969,Cliente0970,526,France,Female,79,6,60401.4,4,0,0,173871.96,1
971,15000970,Cliente0971,690,Germany,Male,76,4,0.0,3,0,1,189096.95,1
972,15000971,Cliente0972,768,Germany,Female,22,3,94171.86,1,1,1,130629.06,0
973,15000972,Cliente0973,627,Germany,Male,27,1,112735.81,2,0,1,134359.33,0
974,15000973,Cliente0974,770,Germany,Male,78,0,67761.83,1,1,1,191204.06,1
975,15000974,Cliente0975,763,France,Female,54,0,0.0,4,1,1,160843.27,0
976,15000975,Cliente0976,645,Spain,Male,31,1,192762.94,1,0,1,151934.2,1
977,15000976,Cliente0977,647,Spain,Male,71,4,0.0,1,1,0,135748.84,0
978,15000977,Cliente0978,665,Germany,Male,25,0,100891.46,1,1,1,142654.36,0
979,15000978,Cliente0979,688,Germany,Male,54,8,0.0,1,0,0,165194.13,1
980,15000979,Cliente0980,518,Germany,Female,59,1,137913.31,2,0,1,184013.73,1
981,15000980,Cliente0981,638,France,Female,19,10,119189.48,3,1,1,149780.14,0
982,15000981,Cliente0982,508,France,Female,33,10,0.0,1,1,1,141315.7,0
983,15000982,Cliente0983,621,France,Male,64,10,87687.57,2,0,0,184597.79,0
984,15000983,Cliente0984,631,France,Male,58,0,56622.78,3,0,1,174936.34,1
985,15000984,Cliente0985,496,Germany,Female,21,1,127923.78,1,0,1,89099.47,1
986,15000985,Cliente0986,543,Spain,Female,46,9,134948.0,1,1,1,136769.73,1
987,15000986,Cliente0987,616,Spain,Male,44,10,0.0,2,1,0,142324.87,0
988,15000987,Cliente0988,834,France,Female,79,9,76483.68,2,1,0,215526.27,1
989,15000988,Cliente0989,532,France,Male,56,10,92262.43,2,1,0,157444.99,1
990,15000989,Cliente0990,661,Germany,Female,66,5,106825.98,1,0,0,186246.48,1
991,15000990,Cliente0991,574,France,Female,33,3,68031.11,3,0,0,123871.49,1
992,15000991,Cliente0992,618,Spain,Female,46,5,122525.69,4,1,0,185459.82,0
993,15000992,Cliente0993,734,France,Female,64,2,75083.72,1,1,0,168144.8,1
994,15000993,Cliente0994,676,France,Female,60,7,107627.68,1,1,0,157095.31,0
995,15000994,Cliente0995,686,Spain,Female,30,10,56546.21,2,1,0,134760.45,0
996,15000995,Cliente0996,692,Spain,Female,20,2,0.0,2,0,1,125008.28,0
997,15000996,Cliente0997,699,France,Female,18,6,56106.93,1,0,1,129798.32,0
998,15000997,Cliente0998,466,France,Male,50,3,0.0,2,1,1,146899.72,0
999,15000998,Cliente0999,683,Spain,Female,22,4,24259.47,3,1,1,130353.17,0
1000,15000999,Cliente1000,643,Spain,Female,69,0,0.0,3,0,0,174185.91,1
1001,15001000,Cliente1001,684,Spain,Female,44,0,108685.45,2,0,1,138174.74,0
1002,15001001,Cliente1002,721,Germany,Male,49,1,96661.52,1,1,0,172919.2,1
1003,15001002,Cliente1003,685,Germany,Male,36,2,90041.76,2,0,0,128453.24,0
1004,15001003,Cliente1004,709,France,Male,44,6,0.0,2,0,0,131879.36,0
1005,15001004,Cliente1005,550,Germany,Female,42,4,131711.13,2,1,1,150293.64,1
1006,15001005,Cliente1006,688,Germany,Female,34,3,142994.88,1,1,1,132267.39,0
1007,15001006,Cliente1007,641,France,Female,79,5,0.0,1,1,1,191648.34,0
1008,15001007,Cliente1008,643,France,Female,46,9,53384.55,2,1,1,169437.14,0
1009,15001008,Cliente1009,761,France,Female,61,2,123547.57,1,0,0,185483.24,0
1010,15001009,Cliente1010,608,France,Male,67,8,0.0,1,1,0,162293.79,0
1011,15001010,Cliente1011,593,France,Male,61,4,105741.91,2,1,1,166837.53,1
1012,15001011,Cliente1012,538,France,Male,62,4,0.0,3,0,1,158176.07,0
1013,15001012,Cliente1013,625,Germany,Male,48,8,106294.07,1,1,1,155820.92,0
1014,15001013,Cliente1014,741,France,Female,26,7,0.0,2,1,1,138602.13,0
1015,15001014,Cliente1015,508,France,Male,28,8,106852.03,1,1,1,118309.57,0
1016,15001015,Cliente1016,671,France,Female,38,9,0.0,2,1,1,164494.14,0
1017,15001016,Cliente1017,435,Spain,Male,47,9,109648.3,3,1,1,156168.44,0
1018,15001017,Cliente1018,591,Spain,Male,42,8,0.0,1,1,1,145998.43,0
1019,15001018,Cliente1019,687,Spain,Male,80,6,143794.22,1,1,0,193723.2,1
1020,15001019,Cliente1020,604,France,Male,43,10,0.0,4,1,1,163130.15,0
1021,15001020,Cliente1021,548,France,Male,64,4,74447.62,1,1,1,159106.22,1
1022,15001021,Cliente1022,619,France,Female,78,2,149265.35,1,0,0,146428.78,1
1023,15001022,Cliente1023,734,France,Female,58,1,97552.29,2,1,0,159060.87,1
1024,15001023,Cliente1024,777,Germany,Female,69,6,122318.81,2,1,1,180215.79,0
1025,15001024,Cliente1025,779,Germany,Male,68,4,0.0,4,1,0,177192.87,0
1026,15001025,Cliente1026,708,Germany,Male,34,5,0.0,1,1,0,125849.3,0
1027,15001026,Cliente1027,681,Germany,Female,37,2,67002.26,1,0,0,156166.84,0
1028,15001027,Cliente1028,734,France,Male,58,0,0.0,1,1,0,155145.47,1
1029,15001028,Cliente1029,552,France,Female,20,10,66460.0,4,1,0,116193.68,0
1030,15001029,Cliente1030,568,France,Male,32,7,109882.25,2,1,0,139595.06,0
1031,15001030,Cliente1031,760,France,Female,23,2,66954.26,1,1,1,129574.78,0
1032,15001031,Cliente1032,723,France,Male,45,0,0.0,1,0,1,135402.65,1
1033,15001032,Cliente1033,724,Germany,Male,61,1,66254.82,1,1,1,163058.33,1
1034,15001033,Cliente1034,669,Spain,Female,55,2,111937.52,2,1,0,155230.54,0
1035,15001034,Cliente1035,580,Germany,Female,64,6,111938.58,1,0,0,184707.08,1
1036,15001035,Cliente1036,558,France,Female,43,8,0.0,1,1,0,136077.93,0
1037,15001036,Cliente1037,730,France,Male,23,2,0.0,3,1,0,110253.51,0
1038,15001037,Cliente1038,742,Germany,Male,49,10,0.0,4,0,0,195177.53,0
1039,15001038,Cliente1039,555,France,Male,73,5,0.0,1,1,0,152821.14,1
1040,15001039,Cliente1040,587,Spain,Female,50,7,159365.09,3,1,1,168708.38,0
1041,15001040,Cliente1041,641,Spain,Female,64,9,136285.23,3,0,0,183289.3,0
1042,15001041,Cliente1042,724,Germany,Female,26,9,109477.52,4,0,1,175478.8,0
1043,15001042,Cliente1043,621,Germany,Female,34,8,82533.73,2,0,1,141942.36,0
1044,15001043,Cliente1044,578,France,Male,34,5,0.0,1,0,1,110625.82,0
1045,15001044,Cliente1045,734,Germany,Female,32,0,121457.98,4,0,1,188434.88,0
1046,15001045,Cliente1046,701,France,Male,54,5,110470.96,3,1,0,170550.07,0
1047,15001046,Cliente1047,591,France,Female,75,4,87399.65,1,1,1,158576.96,0
1048,15001047,Cliente1048,594,France,Male,55,3,0.0,1,1,0,157574.66,0
1049,15001048,Cliente1049,744,France,Female,20,4,31625.13,3,0,0,139353.88,1
1050,15001049,Cliente1050,541,Germany,Female,76,0,85128.47,2,1,1,171671.47,1
1051,15001050,Cliente1051,625,Germany,Male,25,7,80929.98,1,1,0,136670.15,0
1052,15001051,Cliente1052,688,France,Female,20,1,57346.24,1,0,1,130496.77,0
1053,15001052,Cliente1053,664,France,Female,22,10,0.0,2,1,1,130201.46,0
1054,15001053,Cliente1054,729,Spain,Male,76,2,91777.42,1,0,0,189027.97,1
1055,15001054,Cliente1055,505,Germany,Male,59,4,120168.71,2,0,0,137540.39,0
1056,15001055,Cliente1056,651,Germany,Female,26,9,89804.96,2,0,0,151239.0,1
1057,15001056,Cliente1057,676,France,Male,73,10,0.0,3,1,1,207233.28,0
1058,15001057,Cliente1058,678,Spain,Male,64,0,81101.69,3,1,1,178549.66,0
1059,15001058,Cliente1059,699,Germany,Male,75,8,0.0,2,1,0,191791.4,0
1060,15001059,Cliente1060,551,Spain,Female,45,4,0.0,1,1,1,114594.68,0
1061,15001060,Cliente1061,773,France,Male,44,7,0.0,1,1,0,162084.43,0
1062,15001061,Cliente1062,689,Spain,Female,80,10,205035.5,1,1,0,204046.65,1
1063,15001062,Cliente1063,698,France,Female,26,10,58426.28,2,0,0,156048.32,0
1064,15001063,Cliente1064,601,France,Female,30,9,39342.43,1,1,1,125192.4,0
1065,15001064,Cliente1065,665,France,Female,41,4,75217.52,1,0,1,142982.62,0
1066,15001065,Cliente1066,763,Spain,Male,21,1,76446.22,2,1,1,144847.68,0
1067,15001066,Cliente1067,649,Spain,Female,57,0,126233.11,1,0,0,153860.23,1
1068,15001067,Cliente1068,667,Germany,Female,53,8,0.0,3,0,1,180251.59,0
1069,15001068,Cliente1069,677,France,Female,46,4,93349.24,1,1,0,150410.39,0
1070,15001069,Cliente1070,511,France,Male,65,9,61135.41,3,0,0,181844.39,1
1071,15001070,Cliente1071,635,Germany,Female,50,5,63202.43,1,1,1,148091.99,1
1072,15001071,Cliente1072,709,France,Female,69,2,116967.58,1,1,1,172878.69,0
1073,15001072,Cliente1073,608,France,Female,79,6,0.0,3,1,1,181429.97,0
1074,15001073,Cliente1074,646,France,Male,75,2,39428.27,3,1,1,194953.83,0
1075,15001074,Cliente1075,647,Germany,Female,54,5,73338.5,2,1,1,154521.3,0
1076,15001075,Cliente1076,516,Spain,Female,62,7,0.0,1,1,0,158272.87,1
1077,15001076,Cliente1077,718,France,Male,42,8,0.0,1,0,1,129686.28,0
1078,15001077,Cliente1078,535,France,Female,80,8,79930.95,2,1,0,202163.42,1
1079,15001078,Cliente1079,686,France,Male,34,8,85917.69,2,1,0,153554.34,0
1080,15001079,Cliente1080,639,Germany,Male,20,9,0.0,2,0,1,126899.52,0
1081,15001080,Cliente1081,621,Spain,Female,42,5,64511.15,2,1,1,131512.91,0
1082,15001081,Cliente1082,656,France,Female,40,4,0.0,1,1,1,128403.7,0
1083,15001082,Cliente1083,714,France,Male,50,9,18289.79,1,1,1,158819.27,0
1084,15001083,Cliente1084,719,Germany,Female,24,0,53478.68,2,0,0,130539.14,0
1085,15001084,Cliente1085,613,Spain,Female,71,6,118384.66,3,1,1,188440.47,0
1086,15001085,Cliente1086,636,France,Male,63,10,135044.35,2,0,0,175683.06,0
1087,15001086,Cliente1087,577,Germany,Female,77,4,178346.22,1,1,1,200772.27,1
1088,15001087,Cliente1088,526,Spain,Male,47,2,142133.89,1,1,0,143949.53,1
1089,15001088,Cliente1089,731,France,Male,32,8,123553.88,3,1,1,158914.74,0
1090,15001089,Cliente1090,557,France,Male,51,8,53348.66,2,1,0,135530.47,1
1091,15001090,Cliente1091,587,Spain,Male,18,4,0.0,1,0,1,113490.0,0
1092,15001091,Cliente1092,682,France,Male,36,10,111643.55,1,1,0,133842.71,0
1093,15001092,Cliente1093,535,Germany,Male,32,5,49285.93,2,1,0,132738.77,1
1094,15001093,Cliente1094,691,Spain,Male,73,5,77128.49,2,1,1,201723.42,0
1095,15001094,Cliente1095,578,France,Female,32,5,133518.62,3,1,1,161419.25,0
1096,15001095,Cliente1096,553,France,Male,47,5,83882.06,3,1,0,163791.21,1
1097,15001096,Cliente1097,601,France,Female,68,8,0.0,1,1,0,165951.28,0
1098,15001097,Cliente1098,578,Spain,Female,18,2,22950.82,2,1,0,101006.73,0
1099,15001098,Cliente1099,670,Germany,Male,30,5,57430.04,1,1,1,130722.63,0
1100,15001099,Cliente1100,771,France,Female,29,0,0.0,1,1,0,124226.22,0
1101,15001100,Cliente1101,707,Germany,Male,18,9,0.0,2,1,1,125168.54,0
1102,15001101,Cliente1102,690,Germany,Female,55,1,27540.51,1,1,1,150337.18,1
1103,15001102,Cliente1103,598,France,Female,35,5,40735.57,3,1,0,150353.53,1
1104,15001103,Cliente1104,630,Germany,Male,58,7,0.0,2,0,0,191801.29,0
1105,15001104,Cliente1105,658,France,Male,65,5,65683.6,1,1,0,169377.03,1
1106,15001105,Cliente1106,644,Spain,Female,66,2,0.0,1,1,1,163177.79,0
1107,15001106,Cliente1107,661,Germany,Male,39,0,85580.93,2,1,0,136436.22,0
1108,15001107,Cliente1108,546,France,Male,31,5,82902.26,1,0,0,122552.71,0
1109,15001108,Cliente1109,798,France,Female,79,0,152740.95,1,1,1,193984.35,1
1110,15001109,Cliente1110,533,France,Male,25,5,0.0,2,1,0,105213.71,0
1111,15001110,Cliente1111,634,Spain,Female,62,3,132838.82,1,0,1,190525.6,1
1112,15001111,Cliente1112,717,Spain,Male,45,10,59210.05,1,1,0,156344.07,0
1113,15001112,Cliente1113,583,Spain,Male,78,3,116699.87,1,1,1,185261.81,1
1114,15001113,Cliente1114,736,France,Male,22,5,58142.29,2,1,0,143966.14,0
1115,15001114,Cliente1115,526,Germany,Female,44,7,150081.75,1,1,1,147348.25,1
1116,15001115,Cliente1116,583,Spain,Female,58,6,65205.67,1,0,1,144890.03,0
1117,15001116,Cliente1117,446,Spain,Female,40,2,79676.8,2,1,1,131833.09,1
1118,15001117,Cliente1118,734,France,Male,71,8,123776.76,1,1,1,193225.47,0
1119,15001118,Cliente1119,544,Spain,Male,75,1,0.0,1,1,0,162833.99,1
1120,15001119,Cliente1120,587,Spain,Male,44,3,43194.43,1,1,0,136644.68,1
1121,15001120,Cliente1121,711,France,Male,43,3,64310.66,2,1,1,149107.51,0
1122,15001121,Cliente1122,675,Spain,Male,21,7,144507.98,1,1,0,133246.89,1
1123,15001122,Cliente1123,736,Spain,Male,64,5,112814.28,1,1,0,169717.03,1
1124,15001123,Cliente1124,700,France,Male,76,1,117271.43,1,1,0,167833.32,1
1125,15001124,Cliente1125,721,France,Female,29,8,115286.99,1,0,1,133365.08,0
1126,15001125,Cliente1126,604,France,Female,77,0,125948.33,1,1,0,166991.75,1
1127,15001126,Cliente1127,638,France,Male,39,2,0.0,3,0,0,143877.72,1
1128,15001127,Cliente1128,708,Germany,Male,39,10,0.0,3,0,1,178087.41,1
1129,15001128,Cliente1129,709,Germany,Female,28,10,26161.86,1,0,0,131137.28,0
1130,15001129,Cliente1130,725,Germany,Female,64,3,146121.66,1,1,1,192836.92,1
1131,15001130,Cliente1131,580,France,Female,72,3,0.0,2,1,0,155553.09,0
1132,15001131,Cliente1132,552,Germany,Male,30,5,64209.11,2,1,1,131760.44,0
1133,15001132,Cliente1133,538,France,Female,37,7,78787.87,2,1,0,143016.58,0
1134,15001133,Cliente1134,604,France,Male,67,1,43781.33,3,1,1,193296.23,0
1135,15001134,Cliente1135,636,France,Female,33,8,26356.7,1,1,0,155689.89,1
1136,15001135,Cliente1136,543,France,Male,24,3,75779.31,2,1,0,106042.09,0
1137,15001136,Cliente1137,629,France,Female,80,9,0.0,1,1,0,205525.27,0
1138,15001137,Cliente1138,698,Germany,Male,62,9,40706.19,3,0,1,185131.29,1
1139,15001138,Cliente1139,729,France,Male,78,0,112240.76,3,1,0,193726.11,1
1140,15001139,Cliente1140,595,Germany,Female,35,10,84245.93,2,1,1,153737.86,0
1141,15001140,Cliente1141,693,France,Female,50,0,0.0,1,1,0,135940.24,0
1142,15001141,Cliente1142,536,Germany,Female,49,6,117903.85,2,0,0,136521.02,1
1143,15001142,Cliente1143,589,Germany,Female,77,9,0.0,1,0,1,186463.57,1
1144,15001143,Cliente1144,654,France,Female,57,2,0.0,3,1,1,158890.98,0
1145,15001144,Cliente1145,590,France,Male,50,0,90337.43,1,0,0,130008.62,1
1146,15001145,Cliente1146,578,Germany,Male,71,10,0.0,1,0,0,156777.49,1
1147,15001146,Cliente1147,667,France,Male,72,4,95969.24,1,0,0,179666.52,1
1148,15001147,Cliente1148,560,France,Male,47,8,121244.2,1,1,0,150184.24,1
1149,15001148,Cliente1149,654,Spain,Female,67,5,112053.26,1,1,1,181834.86,1
1150,15001149,Cliente1150,635,France,Female,49,1,0.0,4,1,1,171412.72,0
1151,15001150,Cliente1151,688,France,Male,28,4,67976.29,1,1,1,139640.65,0
1152,15001151,Cliente1152,709,Spain,Female,29,7,131422.91,1,1,1,159848.46,0
1153,15001152,Cliente1153,656,Germany,Male,80,2,105243.35,4,0,0,202867.4,1
1154,15001153,Cliente1154,602,Spain,Male,40,4,0.0,1,1,1,132509.58,0
1155,15001154,Cliente1155,730,France,Male,56,5,64710.74,1,0,0,146579.69,1
1156,15001155,Cliente1156,661,France,Female,49,0,90746.39,2,1,1,168406.14,0
1157,15001156,Cliente1157,570,Spain,Male,70,6,114899.56,1,1,0,181628.56,1
1158,15001157,Cliente1158,659,France,Female,44,2,82442.37,2,1,0,143648.06,0
1159,15001158,Cliente1159,592,Germany,Female,61,10,129588.58,2,1,0,200091.7,1
1160,15001159,Cliente1160,430,Germany,Female,53,6,66494.49,4,1,0,167561.39,0
1161,15001160,Cliente1161,563,France,Male,80,6,125605.52,4,1,0,223337.32,1
1162,15001161,Cliente1162,612,Spain,Female,80,6,120093.32,2,0,0,177093.07,1
1163,15001162,Cliente1163,605,France,Male,44,8,81744.2,2,0,0,147282.05,1
1164,15001163,Cliente1164,514,France,Female,24,10,60143.94,1,1,0,138993.95,1
1165,15001164,Cliente1165,615,Germany,Female,46,5,81258.08,1,1,1,150639.57,1
1166,15001165,Cliente1166,681,France,Male,47,5,0.0,2,1,1,139515.79,0
1167,15001166,Cliente1167,547,Spain,Female,65,8,0.0,2,0,0,155977.98,0
1168,15001167,Cliente1168,666,Spain,Male,18,3,161528.72,2,0,0,109877.79,0
1169,15001168,Cliente1169,472,France,Male,41,3,87018.59,2,0,1,134339.1,0
1170,15001169,Cliente1170,687,France,Female,25,9,119618.91,1,0,1,136860.9,1
1171,15001170,Cliente1171,596,France,Female,45,10,90351.86,1,1,1,138943.89,0
1172,15001171,Cliente1172,530,France,Female,34,5,145388.29,1,1,1,125091.71,1
1173,15001172,Cliente1173,738,France,Male,39,9,103128.95,3,1,1,179269.74,0
1174,15001173,Cliente1174,684,Spain,Female,77,5,0.0,2,0,1,200831.35,0
1175,15001174,Cliente1175,725,France,Female,21,7,92089.1,1,1,1,141635.06,1
1176,15001175,Cliente1176,670,France,Male,71,2,0.0,2,0,1,182047.77,1
1177,15001176,Cliente1177,674,Germany,Female,69,0,87359.0,3,0,1,184610.02,0
1178,15001177,Cliente1178,611,France,Female,18,8,0.0,1,1,1,107771.03,0
1179,15001178,Cliente1179,680,France,Female,60,5,150445.22,1,1,0,176791.41,1
1180,15001179,Cliente1180,637,France,Male,63,8,96234.09,1,0,1,184082.36,0
1181,15001180,Cliente1181,590,France,Male,72,6,54733.04,3,1,1,202338.68,1
1182,15001181,Cliente1182,628,France,Male,24,6,55618.04,2,1,0,129648.02,0
1183,15001182,Cliente1183,536,Germany,Male,21,0,0.0,1,1,0,90336.52,0
1184,15001183,Cliente1184,642,Spain,Female,51,4,84185.71,1,1,1,148761.85,1
1185,15001184,Cliente1185,681,France,Male,25,10,104844.22,1,1,1,141191.66,0
1186,15001185,Cliente1186,654,France,Male,41,6,70542.76,1,1,1,143395.34,0
1187,15001186,Cliente1187,692,France,Female,19,8,76356.94,1,1,1,128509.36,0
1188,15001187,Cliente1188,618,France,Male,69,9,62923.55,2,0,0,173325.93,0
1189,15001188,Cliente1189,647,Spain,Female,39,6,0.0,1,0,0,125665.71,0
1190,15001189,Cliente1190,646,France,Female,49,7,0.0,3,1,0,157069.96,0
1191,15001190,Cliente1191,807,France,Male,33,9,148414.14,1,1,1,165917.23,0
1192,15001191,Cliente1192,534,Spain,Female,64,9,0.0,3,1,1,171349.89,0
1193,15001192,Cliente1193,815,Spain,Male,48,1,0.0,2,0,1,181939.67,0
1194,15001193,Cliente1194,582,Spain,Male,63,4,119018.78,1,0,1,163473.26,1
1195,15001194,Cliente1195,616,France,Female,72,10,0.0,3,1,1,199806.76,0
1196,15001195,Cliente1196,667,France,Female,75,7,52189.42,1,0,0,190965.87,0
1197,15001196,Cliente1197,693,Germany,Female,64,1,0.0,1,0,0,169470.61,0
1198,15001197,Cliente1198,642,France,Female,60,6,129857.42,1,0,0,171678.24,0
1199,15001198,Cliente1199,663,Germany,Female,29,0,0.0,1,1,0,96533.1,0
1200,15001199,Cliente1200,762,Germany,Male,59,7,98884.81,1,0,1,196144.72,0
1201,15001200,Cliente1201,850,France,Female,48,1,100254.46,3,0,1,191983.76,0
1202,15001201,Cliente1202,679,France,Female,41,5,158793.45,1,1,0,195850.9,1
1203,15001202,Cliente1203,703,France,Male,46,7,92949.0,2,1,1,178794.12,0
1204,15001203,Cliente1204,636,France,Female,50,6,91866.74,3,0,1,190942.99,0
1205,15001204,Cliente1205,784,Germany,Female,21,6,0.0,2,0,1,122281.3,0
1206,15001205,Cliente1206,635,Germany,Male,26,4,129280.81,1,1,0,114245.52,0
1207,15001206,Cliente1207,687,France,Female,35,0,0.0,1,1,1,145173.65,1
1208,15001207,Cliente1208,556,France,Female,67,5,0.0,1,1,0,161887.67,0
1209,15001208,Cliente1209,420,France,Male,63,1,124212.81,1,1,1,154765.95,0
1210,15001209,Cliente1210,836,Germany,Female,20,3,0.0,1,1,0,114995.11,0
1211,15001210,Cliente1211,734,Spain,Female,73,8,0.0,2,1,1,183881.31,0
1212,15001211,Cliente1212,722,France,Male,25,9,59276.92,1,1,0,127376.56,0
1213,15001212,Cliente1213,566,France,Female,69,3,135109.85,1,1,0,167148.52,1
1214,15001213,Cliente1214,507,France,Male,44,3,87168.44,2,1,0,134776.69,0
1215,15001214,Cliente1215,625,France,Male,64,4,74729.1,1,1,0,149341.17,1
1216,15001215,Cliente1216,655,France,Female,45,9,130909.19,3,1,1,174523.82,0
1217,15001216,Cliente1217,705,Spain,Female,67,10,0.0,1,1,1,180799.26,0
1218,15001217,Cliente1218,646,Spain,Male,79,9,94344.03,2,0,0,208847.32,1
1219,15001218,Cliente1219,752,Spain,Female,19,6,41220.78,2,1,0,135219.67,0
1220,15001219,Cliente1220,674,Spain,Female,58,7,84121.16,1,0,1,164770.59,0
1221,15001220,Cliente1221,671,Germany,Male,73,0,127430.46,2,0,1,195189.98,0
1222,15001221,Cliente1222,743,Spain,Female,45,6,75173.31,2,1,1,146945.72,0
1223,15001222,Cliente1223,589,France,Female,31,0,56828.05,3,0,0,125444.57,0
1224,15001223,Cliente1224,677,Spain,Male,77,8,120618.22,2,1,0,228110.39,0
1225,15001224,Cliente1225,598,Germany,Male,28,8,74983.59,1,1,1,114050.82,0
1226,15001225,Cliente1226,588,France,Female,78,8,182617.36,2,0,0,213122.11,1
1227,15001226,Cliente1227,772,Spain,Male,32,2,0.0,1,1,0,129886.16,0
1228,15001227,Cliente1228,737,France,Male,53,5,108358.77,2,1,1,183142.81,0
1229,15001228,Cliente1229,690,Germany,Female,32,6,140503.26,1,1,1,155060.06,1
1230,15001229,Cliente1230,755,France,Female,36,0,0.0,1,1,1,126569.37,0
1231,15001230,Cliente1231,677,France,Female,20,5,25720.1,1,1,0,125295.93,0
1232,15001231,Cliente1232,759,Spain,Male,44,4,0.0,1,1,1,150398.72,0
1233,15001232,Cliente1233,574,France,Female,31,2,0.0,2,0,0,115911.04,0
1234,15001233,Cliente1234,633,France,Female,76,3,0.0,1,1,1,189929.12,1
1235,15001234,Cliente1235,677,Germany,Female,74,6,110866.43,2,0,0,216649.49,1
1236,15001235,Cliente1236,561,Germany,Female,59,10,64253.67,1,1,1,184439.62,0
1237,15001236,Cliente1237,589,Spain,Male,67,3,0.0,3,0,0,165899.9,0
1238,15001237,Cliente1238,541,France,Female,35,3,121810.22,1,1,1,161134.19,0
1239,15001238,Cliente1239,702,Spain,Female,65,0,131111.89,1,1,0,175091.99,1
1240,15001239,Cliente1240,606,France,Male,49,7,76833.58,2,0,1,147914.39,0
1241,15001240,Cliente1241,668,France,Male,24,5,0.0,1,1,0,114127.87,0
1242,15001241,Cliente1242,689,France,Female,62,2,68840.67,2,1,1,170765.65,0
1243,15001242,Cliente1243,632,France,Female,35,10,70722.66,1,1,1,152566.19,0
1244,15001243,Cliente1244,647,Spain,Female,44,10,107963.78,1,1,0,155157.47,1
1245,15001244,Cliente1245,657,France,Male,21,9,101049.17,1,0,1,141240.93,0
1246,15001245,Cliente1246,681,France,Female,55,10,150624.2,1,0,1,194391.69,0
1247,15001246,Cliente1247,758,France,Male,32,2,24108.33,2,1,0,114864.65,0
1248,15001247,Cliente1248,553,France,Female,80,6,163560.55,1,1,0,194114.05,1
1249,15001248,Cliente1249,653,Germany,Female,25,9,0.0,2,1,0,137758.13,0
1250,15001249,Cliente1250,545,France,Male,26,10,0.0,2,1,1,136351.27,0
1251,15001250,Cliente1251,767,Germany,Female,58,3,101422.48,3,0,1,199809.77,1
1252,15001251,Cliente1252,492,Germany,Female,60,4,123806.46,2,1,0,150304.38,1
1253,15001252,Cliente1253,660,Spain,Female,62,8,111766.41,2,1,1,187536.07,0
1254,15001253,Cliente1254,611,Spain,Male,72,0,124400.47,1,1,0,185781.69,1
1255,15001254,Cliente1255,597,Spain,Male,26,3,142512.7,3,0,1,129547.7,0
1256,15001255,Cliente1256,705,Germany,Male,51,10,89308.05,2,0,1,182070.15,1
1257,15001256,Cliente1257,690,France,Male,46,1,92440.93,3,0,1,190880.37,0
1258,15001257,Cliente1258,565,France,Male,49,2,6269.49,3,1,0,155849.62,0
1259,15001258,Cliente1259,684,Germany,Female,19,10,0.0,2,0,0,122408.89,0
1260,15001259,Cliente1260,670,Germany,Female,38,6,53139.38,2,1,0,144425.35,0
1261,15001260,Cliente1261,583,Spain,Female,66,6,0.0,1,0,0,152620.62,1
1262,15001261,Cliente1262,523,France,Male,51,10,152682.24,1,1,0,180454.17,0
1263,15001262,Cliente1263,712,France,Male,47,6,117188.04,1,0,0,156383.44,0
1264,15001263,Cliente1264,704,Germany,Male,65,2,52076.28,1,1,0,173387.76,0
1265,15001264,Cliente1265,689,France,Male,80,7,85981.53,2,1,0,187151.11,0
1266,15001265,Cliente1266,601,France,Female,66,5,0.0,1,1,1,164185.67,1
1267,15001266,Cliente1267,747,France,Female,55,6,30594.77,1,1,1,179243.21,0
1268,15001267,Cliente1268,850,Germany,Male,58,6,57513.46,2,1,1,188093.53,1
1269,15001268,Cliente1269,659,France,Female,73,3,103513.61,2,0,0,176159.56,1
1270,15001269,Cliente1270,689,Germany,Female,57,6,81920.0,1,1,1,163175.96,0
1271,15001270,Cliente1271,576,France,Female,64,10,0.0,2,0,1,187281.97,1
1272,15001271,Cliente1272,577,France,Female,68,6,0.0,1,1,0,163146.26,1
1273,15001272,Cliente1273,792,France,Female,67,7,0.0,3,1,0,177461.85,0
1274,15001273,Cliente1274,835,France,Female,23,4,49478.04,1,1,0,138557.57,0
1275,15001274,Cliente1275,624,Germany,Male,20,1,34059.71,1,1,0,123699.42,1
1276,15001275,Cliente1276,589,Germany,Male,52,4,114928.86,1,0,0,184231.53,1
1277,15001276,Cliente1277,567,France,Female,26,1,133286.37,1,0,1,133466.45,0
1278,15001277,Cliente1278,593,France,Female,79,7,59508.35,1,1,0,193992.09,1
1279,15001278,Cliente1279,649,Germany,Male,52,10,74625.29,2,0,0,174566.49,0
1280,15001279,Cliente1280,539,France,Male,39,10,0.0,1,1,1,149266.42,0
1281,15001280,Cliente1281,584,France,Male,49,6,137300.72,2,0,1,177729.43,0
1282,15001281,Cliente1282,723,France,Male,67,10,107740.25,1,1,0,194443.28,1
1283,15001282,Cliente1283,629,Spain,Female,37,3,0.0,2,1,0,118165.32,0
1284,15001283,Cliente1284,578,France,Female,45,3,0.0,2,0,1,145734.01,0
1285,15001284,Cliente1285,544,Spain,Female,75,7,52638.45,3,1,1,191554.05,0
1286,15001285,Cliente1286,733,France,Female,36,3,58299.73,1,0,1,139452.27,0
1287,15001286,Cliente1287,555,France,Male,54,7,0.0,2,1,1,154901.93,0
1288,15001287,Cliente1288,631,France,Female,42,5,72758.19,2,1,0,153997.84,1
1289,15001288,Cliente1289,727,Spain,Male,25,6,0.0,1,1,0,134082.68,0
1290,15001289,Cliente1290,688,France,Male,69,8,84886.53,2,1,1,197481.37,0
1291,15001290,Cliente1291,667,Germany,Male,38,1,0.0,2,1,0,129509.48,0
1292,15001291,Cliente1292,668,Spain,Female,57,8,118721.22,1,0,0,154762.73,1
1293,15001292,Cliente1293,563,France,Male,28,9,134580.05,1,1,0,137232.71,0
1294,15001293,Cliente1294,582,Spain,Male,65,1,0.0,1,0,0,142197.35,1
1295,15001294,Cliente1295,604,France,Male,72,9,83205.64,2,0,0,200454.6,1
1296,15001295,Cliente1296,401,France,Male,40,10,64390.31,1,1,1,152297.92,0
1297,15001296,Cliente1297,608,France,Male,18,5,73374.45,2,1,1,125875.24,0
1298,15001297,Cliente1298,634,Germany,Female,36,4,102146.84,1,0,1,129476.16,0
1299,15001298,Cliente1299,636,France,Female,73,9,0.0,2,1,1,182387.59,0
1300,15001299,Cliente1300,633,Germany,Female,29,2,0.0,1,1,1,120422.37,0
1301,15001300,Cliente1301,660,Spain,Male,29,10,87991.09,2,1,1,173446.56,0
1302,15001301,Cliente1302,666,France,Female,79,6,109786.13,2,0,1,186332.95,1
1303,15001302,Cliente1303,781,Spain,Female,32,9,0.0,1,0,0,132095.12,0
1304,15001303,Cliente1304,656,Spain,Male,41,4,98803.7,1,1,1,138298.04,1
1305,15001304,Cliente1305,715,Germany,Female,39,3,80337.23,1,1,0,142679.78,1
1306,15001305,Cliente1306,593,Spain,Female,68,8,0.0,3,1,1,189718.04,0
1307,15001306,Cliente1307,671,France,Male,52,6,109780.07,1,1,1,164551.0,0
1308,15001307,Cliente1308,668,France,Female,42,8,0.0,2,1,0,146981.38,1
1309,15001308,Cliente1309,624,France,Female,72,4,0.0,1,1,0,176489.52,1
1310,15001309,Cliente1310,499,France,Male,52,9,126364.51,1,1,0,140445.99,0
1311,15001310,Cliente1311,530,Germany,Male,64,8,112294.0,1,1,1,168138.36,1
1312,15001311,Cliente1312,682,France,Male,72,8,84423.5,2,1,0,204480.45,1
1313,15001312,Cliente1313,640,France,Male,56,4,93583.47,1,1,1,184755.84,1
1314,15001313,Cliente1314,623,France,Male,31,10,89002.66,1,1,0,146050.0,0
1315,15001314,Cliente1315,587,France,Female,60,0,91486.01,2,1,1,137687.42,0
1316,15001315,Cliente1316,652,France,Male,52,2,117528.62,2,1,1,149901.05,0
1317,15001316,Cliente1317,693,France,Female,22,4,0.0,1,0,1,120900.77,0
1318,15001317,Cliente1318,802,Germany,Male,33,6,110018.19,3,1,1,180861.66,0
1319,15001318,Cliente1319,643,France,Female,70,1,102123.48,1,1,0,175287.88,1
1320,15001319,Cliente1320,630,Germany,Female,79,4,96286.01,2,1,1,188608.79,0
1321,15001320,Cliente1321,668,France,Male,68,10,79882.52,1,1,0,176601.37,1
1322,15001321,Cliente1322,744,France,Male,76,8,52738.08,1,0,1,188395.93,0
1323,15001322,Cliente1323,841,Germany,Male,39,0,0.0,1,1,0,151562.91,0
1324,15001323,Cliente1324,693,Spain,Female,47,7,0.0,1,1,1,136142.32,0
1325,15001324,Cliente1325,524,France,Male,38,1,117219.09,1,1,1,139136.17,1
1326,15001325,Cliente1326,648,Spain,Male,35,5,0.0,1,1,1,122753.62,0
1327,15001326,Cliente1327,550,Spain,Female,18,3,143319.64,2,1,1,110597.2,0
1328,15001327,Cliente1328,564,France,Male,56,7,0.0,2,1,1,154185.84,0
1329,15001328,Cliente1329,799,Spain,Female,55,5,0.0,1,1,0,173849.72,0
1330,15001329,Cliente1330,617,France,Female,72,5,0.0,1,0,1,180779.27,1
1331,15001330,Cliente1331,586,Spain,Female,58,6,0.0,1,1,1,141920.15,0
1332,15001331,Cliente1332,763,Germany,Male,58,10,0.0,1,0,1,168973.52,1
1333,15001332,Cliente1333,653,France,Female,48,7,0.0,1,1,0,147505.57,1
1334,15001333,Cliente1334,551,France,Female,70,4,127517.97,1,1,1,186390.92,1
1335,15001334,Cliente1335,652,France,Male,37,8,91650.23,1,1,1,156637.04,0
1336,15001335,Cliente1336,529,Spain,Male,70,3,0.0,2,0,1,163916.5,0
1337,15001336,Cliente1337,574,France,Male,55,0,89842.28,2,1,1,150231.56,1
1338,15001337,Cliente1338,663,Spain,Female,27,5,67285.35,2,1,0,123311.48,0
1339,15001338,Cliente1339,431,Spain,Male,67,4,155636.63,1,1,1,173278.84,0
1340,15001339,Cliente1340,708,Germany,Male,48,4,0.0,1,1,1,156868.31,0
1341,15001340,Cliente1341,669,France,Female,29,6,71013.74,2,1,1,139554.51,0
1342,15001341,Cliente1342,719,France,Male,33,5,93410.97,1,1,1,134163.04,0
1343,15001342,Cliente1343,615,France,Male,52,2,57698.15,2,1,1,165975.38,0
1344,15001343,Cliente1344,684,France,Female,21,7,111863.47,2,1,0,139078.74,0
1345,15001344,Cliente1345,564,France,Female,55,10,30633.05,1,1,1,154048.12,0
1346,15001345,Cliente1346,570,Germany,Male,24,4,103174.18,2,1,1,140388.58,0
1347,15001346,Cliente1347,657,France,Male,63,1,88161.32,3,0,1,192073.53,0
1348,15001347,Cliente1348,650,Spain,Male,78,5,155036.18,3,1,1,213022.02,1
1349,15001348,Cliente1349,647,Spain,Female,66,10,110740.55,1,1,1,204438.72,1
1350,15001349,Cliente1350,763,France,Female,71,0,0.0,2,0,1,189903.12,0
1351,15001350,Cliente1351,625,France,Male,66,2,53511.79,3,1,0,192590.98,0
1352,15001351,Cliente1352,686,France,Female,74,8,0.0,1,1,1,193089.35,1
1353,15001352,Cliente1353,677,France,Male,29,2,0.0,2,0,0,151128.02,0
1354,15001353,Cliente1354,662,France,Female,28,10,0.0,2,1,1,142607.72,0
1355,15001354,Cliente1355,683,Spain,Male,33,6,0.0,3,1,1,147135.15,0
1356,15001355,Cliente1356,501,Germany,Female,34,7,167267.8,1,0,0,138572.49,1
1357,15001356,Cliente1357,601,Spain,Female,18,9,37707.34,3,1,1,128637.14,0
1358,15001357,Cliente1358,742,France,Male,34,9,0.0,2,1,0,146995.98,0
1359,15001358,Cliente1359,623,France,Male,62,9,0.0,3,0,0,170899.13,0
1360,15001359,Cliente1360,708,Germany,Female,45,3,71950.41,1,1,1,143712.54,0
1361,15001360,Cliente1361,688,France,Female,78,4,0.0,1,1,1,187294.25,0
1362,15001361,Cliente1362,390,Spain,Female,70,10,79532.29,1,1,0,157235.01,1
1363,15001362,Cliente1363,537,France,Female,60,4,0.0,1,1,0,151380.68,1
1364,15001363,Cliente1364,592,Spain,Male,52,0,66900.52,2,1,1,143400.1,0
1365,15001364,Cliente1365,591,France,Male,30,4,0.0,2,0,0,119923.2,0
1366,15001365,Cliente1366,610,Germany,Male,55,10,126872.95,1,0,1,197906.98,0
1367,15001366,Cliente1367,612,France,Male,44,2,0.0,1,0,1,125112.78,0
1368,15001367,Cliente1368,579,Spain,Female,71,9,68174.36,2,0,0,190410.72,0
1369,15001368,Cliente1369,592,France,Male,64,4,126779.59,1,1,1,190117.39,1
1370,15001369,Cliente1370,482,Spain,Male,41,10,76371.46,1,1,0,148028.53,0
1371,15001370,Cliente1371,813,France,Female,78,1,112556.54,1,1,1,182088.53,1
1372,15001371,Cliente1372,766,Germany,Male,72,3,95819.64,1,0,0,196503.96,0
1373,15001372,Cliente1373,722,Spain,Female,75,1,0.0,1,1,1,188947.87,1
1374,15001373,Cliente1374,641,France,Female,80,0,0.0,1,0,1,183719.65,0
1375,15001374,Cliente1375,571,Spain,Female,30,6,79501.95,1,1,1,123072.1,0
1376,15001375,Cliente1376,850,France,Female,48,8,98196.76,1,1,0,178672.06,0
1377,15001376,Cliente1377,568,Spain,Male,58,6,0.0,4,1,0,174851.23,0
1378,15001377,Cliente1378,769,Spain,Male,59,1,179804.62,2,1,1,178395.2,0
1379,15001378,Cliente1379,674,France,Male,77,3,72704.67,1,1,0,185140.95,1
1380,15001379,Cliente1380,570,Spain,Female,68,8,0.0,1,1,0,160242.14,0
1381,15001380,Cliente1381,578,France,Female,30,2,89465.32,1,1,0,106255.29,0
1382,15001381,Cliente1382,612,Spain,Male,30,4,72800.09,1,1,1,138199.76,0
1383,15001382,Cliente1383,595,France,Male,32,9,74849.61,3,0,0,132194.65,0
1384,15001383,Cliente1384,527,France,Male,41,1,117663.82,2,0,0,116297.45,0
1385,15001384,Cliente1385,684,Germany,Male,23,0,0.0,2,1,1,122979.04,0
1386,15001385,Cliente1386,570,Germany,Female,21,3,29956.49,3,1,1,127949.06,0
1387,15001386,Cliente1387,712,France,Male,59,7,175934.33,2,0,1,180885.35,1
1388,15001387,Cliente1388,632,France,Male,77,1,122892.75,1,1,1,205619.14,0
1389,15001388,Cliente1389,660,France,Female,79,3,73670.77,1,0,0,162112.81,0
1390,15001389,Cliente1390,657,France,Male,47,5,0.0,3,1,0,151293.56,0
1391,15001390,Cliente1391,615,Germany,Female,31,5,0.0,1,0,1,104007.13,0
1392,15001391,Cliente1392,639,France,Female,48,3,73397.12,2,1,1,156061.83,0
1393,15001392,Cliente1393,662,Germany,Female,64,8,180488.72,1,1,1,202252.0,1
1394,15001393,Cliente1394,844,Spain,Male,22,2,0.0,1,1,0,132869.29,0
1395,15001394,Cliente1395,538,France,Male,22,10,108895.73,1,1,1,124196.99,0
1396,15001395,Cliente1396,588,Spain,Female,73,0,0.0,1,0,1,154391.67,1
1397,15001396,Cliente1397,614,France,Male,68,8,68548.51,3,1,1,200592.18,0
1398,15001397,Cliente1398,540,Germany,Female,40,8,122472.86,3,1,0,155954.29,0
1399,15001398,Cliente1399,534,France,Female,72,0,123075.09,1,1,0,172289.8,1
1400,15001399,Cliente1400,515,France,Female,31,8,178208.37,1,0,1,134413.71,0
1401,15001400,Cliente1401,641,France,Female,36,6,0.0,1,1,0,136541.14,0
1402,15001401,Cliente1402,600,France,Female,44,6,106541.07,1,1,0,157853.81,1
1403,15001402,Cliente1403,660,France,Female,70,7,136399.31,3,1,0,207741.88,1
1404,15001403,Cliente1404,524,Spain,Male,45,6,0.0,4,1,0,141546.39,1
1405,15001404,Cliente1405,570,France,Female,26,7,0.0,2,0,1,145316.81,0
1406,15001405,Cliente1406,723,France,Male,56,8,114229.92,1,1,1,188412.59,0
1407,15001406,Cliente1407,709,France,Male,20,2,44129.81,1,1,0,96501.42,0
1408,15001407,Cliente1408,513,France,Male,49,10,78752.44,2,1,1,180854.28,0
1409,15001408,Cliente1409,715,Spain,Male,79,1,86919.05,2,0,0,191205.67,1
1410,15001409,Cliente1410,598,France,Female,35,9,0.0,4,0,0,152794.61,0
1411,15001410,Cliente1411,551,Spain,Male,18,8,43729.78,1,1,1,126116.6,1
1412,15001411,Cliente1412,706,Germany,Female,26,6,55866.55,3,0,0,140958.43,0
1413,15001412,Cliente1413,721,Germany,Male,80,4,138041.14,1,1,1,193607.42,1
1414,15001413,Cliente1414,433,France,Female,26,10,137203.35,1,1,0,110977.43,1
1415,15001414,Cliente1415,718,France,Male,35,3,63357.87,2,1,1,138256.12,0
1416,15001415,Cliente1416,601,Spain,Female,55,7,90458.6,2,1,1,194587.43,1
1417,15001416,Cliente1417,599,France,Male,63,8,0.0,1,0,1,149282.9,0
1418,15001417,Cliente1418,612,France,Male,63,3,101341.95,1,1,0,176853.19,1
1419,15001418,Cliente1419,734,Germany,Female,62,6,129799.83,1,0,0,194521.96,1
1420,15001419,Cliente1420,749,Spain,Male,24,7,111383.98,1,1,0,137454.03,0
1421,15001420,Cliente1421,671,France,Female,72,6,0.0,1,0,0,149815.78,1
1422,15001421,Cliente1422,708,Germany,Male,53,7,47129.54,2,0,1,160110.97,0
1423,15001422,Cliente1423,822,Germany,Male,57,7,114650.01,2,1,0,176632.44,0
1424,15001423,Cliente1424,639,France,Male,66,10,163029.6,1,0,0,190764.29,1
1425,15001424,Cliente1425,555,Spain,Female,18,0,90510.87,2,0,1,92170.01,0
1426,15001425,Cliente1426,685,Germany,Female,20,5,28490.52,1,0,1,120237.84,0
1427,15001426,Cliente1427,700,Spain,Male,27,6,0.0,1,1,1,106329.19,0
1428,15001427,Cliente1428,627,Spain,Female,68,5,103171.34,1,0,1,175727.35,0
1429,15001428,Cliente1429,625,France,Female,73,1,115328.42,1,1,0,174106.76,1
1430,15001429,Cliente1430,823,France,Female,30,0,0.0,2,0,0,136768.78,0
1431,15001430,Cliente1431,619,Spain,Female,27,6,122834.03,1,1,0,124737.77,0
1432,15001431,Cliente1432,565,France,Male,68,5,0.0,2,1,1,152979.21,0
1433,15001432,Cliente1433,413,Spain,Male,71,4,0.0,1,1,1,152131.6,0
1434,15001433,Cliente1434,711,Spain,Male,56,3,0.0,1,1,0,155712.52,1
1435,15001434,Cliente1435,749,France,Male,75,9,27838.7,1,1,1,195384.48,1
1436,15001435,Cliente1436,542,Spain,Female,57,8,49793.45,2,1,1,155466.22,0
1437,15001436,Cliente1437,691,Germany,Female,47,4,31337.87,2,1,0,140003.79,0
1438,15001437,Cliente1438,613,France,Male,25,9,24823.27,2,1,1,141660.84,0
1439,15001438,Cliente1439,647,Spain,Female,43,2,181895.2,1,1,1,172398.82,0
1440,15001439,Cliente1440,592,Germany,Female,72,9,106227.71,1,1,0,187473.32,1
1441,15001440,Cliente1441,641,Germany,Female,66,3,0.0,2,0,0,160537.57,0
1442,15001441,Cliente1442,716,Spain,Male,42,0,125613.36,2,0,0,135857.38,1
1443,15001442,Cliente1443,599,Spain,Female,76,2,95686.54,1,1,1,188293.03,1
1444,15001443,Cliente1444,585,France,Male,42,6,0.0,2,0,0,148084.86,1
1445,15001444,Cliente1445,557,Germany,Male,20,0,0.0,2,0,0,98729.86,0
1446,15001445,Cliente1446,738,Spain,Male,72,7,69365.04,1,1,0,177709.04,1
1447,15001446,Cliente1447,572,France,Female,71,4,97158.29,2,0,1,165121.01,1
1448,15001447,Cliente1448,695,France,Male,35,2,0.0,1,1,0,141686.68,0
1449,15001448,Cliente1449,537,Germany,Male,51,4,0.0,1,1,1,115440.92,0
1450,15001449,Cliente1450,462,France,Female,71,5,114613.67,1,1,1,161971.95,1
1451,15001450,Cliente1451,595,Spain,Male,25,8,0.0,2,1,1,150788.81,0
1452,15001451,Cliente1452,663,France,Female,31,6,76112.47,1,1,0,106345.56,0
1453,15001452,Cliente1453,735,France,Male,20,5,70691.88,1,1,0,116358.48,0
1454,15001453,Cliente1454,710,France,Male,76,2,78253.04,1,1,1,176981.37,1
1455,15001454,Cliente1455,670,Germany,Female,25,8,61596.47,1,1,1,136853.42,0
1456,15001455,Cliente1456,431,France,Male,37,4,78399.66,1,1,0,117206.35,1
1457,15001456,Cliente1457,684,Germany,Male,71,5,0.0,3,1,0,188296.83,1
1458,15001457,Cliente1458,517,France,Female,72,9,87465.65,1,1,1,181626.31,0
1459,15001458,Cliente1459,584,France,Male,56,2,76675.65,1,1,1,147947.4,1
1460,15001459,Cliente1460,794,Spain,Male,20,2,106490.21,1,1,0,103723.63,0
1461,15001460,Cliente1461,728,France,Female,77,1,123670.68,1,1,1,189739.59,1
1462,15001461,Cliente1462,552,France,Male,49,10,64843.2,2,0,0,173449.54,0
1463,15001462,Cliente1463,614,Germany,Male,19,7,106206.93,2,1,1,131462.12,0
1464,15001463,Cliente1464,710,France,Male,66,7,130110.58,4,1,0,213096.57,1
1465,15001464,Cliente1465,631,France,Female,44,1,89988.18,1,0,0,155361.5,0
1466,15001465,Cliente1466,625,France,Male,36,10,0.0,2,1,1,152827.36,0
1467,15001466,Cliente1467,548,France,Female,20,8,35438.06,3,1,1,117030.51,0
1468,15001467,Cliente1468,689,France,Male,22,6,0.0,3,1,1,117364.68,0
1469,15001468,Cliente1469,700,France,Female,77,4,0.0,2,1,1,186456.77,0
1470,15001469,Cliente1470,576,France,Male,41,8,115872.1,1,1,1,161161.11,0
1471,15001470,Cliente1471,472,France,Male,44,4,0.0,3,1,1,140559.62,0
1472,15001471,Cliente1472,797,France,Female,52,9,106007.13,1,1,0,173299.82,1
1473,15001472,Cliente1473,584,France,Female,45,4,63701.36,3,0,0,129129.98,1
1474,15001473,Cliente1474,679,France,Male,21,3,0.0,1,1,0,123313.24,0
1475,15001474,Cliente1475,572,France,Male,67,1,117634.97,1,1,0,167112.5,1
1476,15001475,Cliente1476,581,Spain,Female,29,10,75898.64,1,1,0,119619.7,0
1477,15001476,Cliente1477,725,Spain,Female,55,9,109794.85,1,1,0,177062.1,1
1478,15001477,Cliente1478,617,France,Female,54,1,0.0,2,1,0,160246.13,0
1479,15001478,Cliente1479,710,Spain,Female,28,1,63693.31,3,1,1,150404.0,0
1480,15001479,Cliente1480,712,Germany,Male,54,8,0.0,1,1,1,145861.93,1
1481,15001480,Cliente1481,601,Germany,Male,30,3,20358.29,3,0,0,112611.35,0
1482,15001481,Cliente1482,669,France,Female,62,5,85281.98,1,1,0,151700.28,1
1483,15001482,Cliente1483,710,Germany,Male,63,3,59743.6,3,1,0,175648.51,0
1484,15001483,Cliente1484,750,France,Female,37,10,74926.43,2,0,1,177726.83,0
1485,15001484,Cliente1485,622,Spain,Female,60,9,104227.83,1,1,0,176808.16,1
1486,15001485,Cliente1486,646,Germany,Female,52,5,110097.37,1,1,1,194612.56,1
1487,15001486,Cliente1487,565,France,Male,36,8,26207.38,1,0,1,131013.9,0
1488,15001487,Cliente1488,711,France,Female,62,8,85132.68,1,1,0,184003.06,1
1489,15001488,Cliente1489,654,France,Male,21,4,80774.14,1,1,1,142939.09,0
1490,15001489,Cliente1490,532,Spain,Male,57,4,155082.91,1,1,0,149562.27,1
1491,15001490,Cliente1491,616,Spain,Female,37,1,71580.72,3,0,1,165423.02,0
1492,15001491,Cliente1492,636,France,Female,64,3,17736.07,2,0,1,156975.17,0
1493,15001492,Cliente1493,595,Spain,Male,34,1,28541.89,2,0,0,135956.57,0
1494,15001493,Cliente1494,584,France,Male,22,7,124959.68,2,1,0,141406.65,0
1495,15001494,Cliente1495,507,France,Female,80,6,53998.83,2,1,0,164988.01,1
1496,15001495,Cliente1496,654,France,Female,58,2,103238.4,2,1,0,159282.95,0
1497,15001496,Cliente1497,610,France,Female,60,9,77915.19,1,1,0,159320.93,1
1498,15001497,Cliente1498,723,France,Female,29,3,47947.18,1,1,0,122214.62,0
1499,15001498,Cliente1499,637,Germany,Male,49,0,58186.66,1,0,0,165323.23,1
1500,15001499,Cliente1500,717,France,Female,42,5,115710.3,2,0,0,161013.08,0
1501,15001500,Cliente1501,545,France,Male,29,8,39186.22,2,1,1,136791.83,0
1502,15001501,Cliente1502,678,Germany,Female,47,8,159017.05,1,1,0,148986.66,0
1503,15001502,Cliente1503,708,France,Female,44,5,34267.55,2,1,0,125350.4,0
1504,15001503,Cliente1504,709,France,Male,25,7,95648.33,3,0,1,160567.63,0
1505,15001504,Cliente1505,623,France,Female,71,2,115239.28,1,0,0,202293.72,0
1506,15001505,Cliente1506,571,France,Female,27,2,59636.69,1,1,1,121150.59,0
1507,15001506,Cliente1507,788,France,Male,52,2,42110.74,1,0,0,163718.32,1
1508,15001507,Cliente1508,630,Spain,Female,24,10,120854.93,2,0,1,145793.02,0
1509,15001508,Cliente1509,546,Germany,Female,79,0,103844.3,1,1,0,178136.05,1
1510,15001509,Cliente1510,629,France,Male,34,4,0.0,1,1,1,121276.89,0
1511,15001510,Cliente1511,675,France,Female,71,2,0.0,2,1,1,178691.11,0
1512,15001511,Cliente1512,587,Spain,Male,63,1,63151.84,1,1,1,135167.09,1
1513,15001512,Cliente1513,682,Germany,Female,25,7,0.0,1,0,1,130573.93,0
1514,15001513,Cliente1514,723,France,Male,37,8,43207.85,1,1,0,134546.55,1
1515,15001514,Cliente1515,644,France,Female,71,4,0.0,3,0,0,178197.24,1
1516,15001515,Cliente1516,733,France,Female,52,8,0.0,2,0,0,163851.9,1
1517,15001516,Cliente1517,638,Germany,Female,41,5,156755.82,2,0,1,157007.97,0
1518,15001517,Cliente1518,608,Germany,Male,74,0,94547.82,2,1,0,186191.26,1
1519,15001518,Cliente1519,782,Germany,Female,59,4,0.0,1,1,1,176465.51,0
1520,15001519,Cliente1520,701,Spain,Male,30,8,25207.14,1,0,1,126468.89,0
1521,15001520,Cliente1521,657,France,Male,43,2,0.0,4,0,1,167751.44,0
1522,15001521,Cliente1522,496,Germany,Male,37,4,0.0,1,1,0,95402.5,0
1523,15001522,Cliente1523,531,Germany,Male,74,10,0.0,2,0,0,181375.25,1
1524,15001523,Cliente1524,507,Spain,Female,54,3,99291.42,2,1,1,160914.4,1
1525,15001524,Cliente1525,644,Spain,Female,75,5,95702.95,4,0,0,211284.09,0
1526,15001525,Cliente1526,645,France,Male,18,7,0.0,2,0,0,104606.86,0
1527,15001526,Cliente1527,683,Spain,Male,29,1,70295.49,3,1,1,156525.3,0
1528,15001527,Cliente1528,736,Spain,Male,57,5,118648.64,1,1,1,185973.61,1
1529,15001528,Cliente1529,519,France,Male,56,5,148708.57,1,1,0,166688.72,1
1530,15001529,Cliente1530,534,Spain,Male,26,7,106034.44,1,1,0,117767.59,0
1531,15001530,Cliente1531,570,France,Female,24,7,97037.41,3,1,1,124726.65,0
1532,15001531,Cliente1532,687,France,Female,77,10,0.0,2,1,0,177089.3,0
1533,15001532,Cliente1533,672,Germany,Female,42,10,70797.94,1,1,0,163968.47,0
1534,15001533,Cliente1534,560,Germany,Female,77,1,512.23,2,1,1,169412.79,1
1535,15001534,Cliente1535,588,Spain,Female,63,8,124890.09,1,0,1,189882.0,1
1536,15001535,Cliente1536,680,France,Male,41,2,0.0,1,1,1,160167.83,0
1537,15001536,Cliente1537,654,France,Female,48,9,0.0,1,1,1,159591.54,0
1538,15001537,Cliente1538,734,Spain,Male,45,8,75146.55,2,1,1,170587.66,0
1539,15001538,Cliente1539,579,France,Male,72,10,127097.19,1,1,0,209128.54,1
1540,15001539,Cliente1540,636,Spain,Male,59,8,103359.87,1,0,0,169218.9,1
1541,15001540,Cliente1541,564,France,Male,68,1,75644.5,2,0,1,156412.16,0
1542,15001541,Cliente1542,745,Spain,Female,52,1,76816.08,2,1,0,178042.2,0
1543,15001542,Cliente1543,735,Germany,Female,63,9,0.0,1,1,1,194920.08,0
1544,15001543,Cliente1544,689,Germany,Male,78,3,97480.55,1,0,1,190227.01,1
1545,15001544,Cliente1545,730,Spain,Male,53,8,23026.54,3,1,0,189127.83,0
1546,15001545,Cliente1546,765,France,Male,73,6,105815.2,1,1,0,171095.15,1
1547,15001546,Cliente1547,771,Spain,Female,48,10,72432.05,1,1,0,178160.0,1
1548,15001547,Cliente1548,792,France,Male,71,10,0.0,2,1,1,205825.88,0
1549,15001548,Cliente1549,588,France,Female,80,5,181052.13,1,0,1,209899.06,1
1550,15001549,Cliente1550,581,France,Female,48,8,5294.35,1,0,0,143981.91,0
1551,15001550,Cliente1551,758,Spain,Female,62,1,0.0,2,1,0,188673.65,0
1552,15001551,Cliente1552,613,France,Female,51,10,71887.66,2,1,1,157852.01,0
1553,15001552,Cliente1553,500,Germany,Male,74,3,72877.99,1,1,0,145691.87,1
1554,15001553,Cliente1554,611,Germany,Male,28,5,51617.91,1,1,0,142037.07,0
1555,15001554,Cliente1555,736,Germany,Female,65,9,103849.34,3,0,0,202374.57,0
1556,15001555,Cliente1556,610,Spain,Male,71,8,114175.04,1,1,1,181137.98,1
1557,15001556,Cliente1557,714,France,Female,39,0,0.0,1,1,1,119958.27,0
1558,15001557,Cliente1558,675,Germany,Male,44,9,65744.35,2,1,1,141618.89,0
1559,15001558,Cliente1559,536,Spain,Male,77,7,0.0,1,0,0,166254.97,0
1560,15001559,Cliente1560,688,Spain,Female,62,4,28070.95,1,0,1,166761.52,0
1561,15001560,Cliente1561,651,Spain,Female,62,1,64981.72,3,1,0,173397.4,1
1562,15001561,Cliente1562,603,Spain,Male,36,10,87495.62,1,1,1,146440.13,0
1563,15001562,Cliente1563,529,France,Male,23,9,0.0,2,1,1,117223.21,1
1564,15001563,Cliente1564,785,France,Male,72,4,60067.18,1,1,1,206663.7,0
1565,15001564,Cliente1565,572,Spain,Female,25,5,71729.28,2,1,1,102731.0,0
1566,15001565,Cliente1566,477,Germany,Male,52,4,50740.4,1,1,0,131147.39,1
1567,15001566,Cliente1567,720,Germany,Female,77,4,0.0,4,0,1,195654.4,0
1568,15001567,Cliente1568,612,France,Female,50,2,84415.38,4,1,1,177719.14,1
1569,15001568,Cliente1569,750,France,Female,57,0,0.0,2,1,1,189794.25,0
1570,15001569,Cliente1570,641,Germany,Female,49,0,66957.04,1,1,1,146229.9,0
1571,15001570,Cliente1571,648,France,Male,31,10,0.0,1,0,0,110224.14,0
1572,15001571,Cliente1572,700,Spain,Female,19,6,125236.84,2,1,0,141593.5,0
1573,15001572,Cliente1573,660,France,Female,43,7,0.0,2,0,1,156385.81,0
1574,15001573,Cliente1574,659,Spain,Female,58,8,41108.37,4,1,0,197519.54,0
1575,15001574,Cliente1575,742,France,Female,61,6,85492.96,1,0,0,178520.47,1
1576,15001575,Cliente1576,573,Germany,Female,40,9,97391.99,2,1,0,153872.81,1
1577,15001576,Cliente1577,697,Germany,Female,41,8,0.0,1,1,0,132025.92,0
1578,15001577,Cliente1578,674,Spain,Male,55,9,136965.68,2,1,0,159988.9,1
1579,15001578,Cliente1579,514,France,Male,68,0,130686.53,2,1,0,152619.57,1
1580,15001579,Cliente1580,744,France,Male,66,0,0.0,1,1,0,156499.61,0
1581,15001580,Cliente1581,715,France,Male,53,7,88585.93,2,1,1,179660.55,1
1582,15001581,Cliente1582,780,Spain,Female,41,9,58566.7,1,1,1,149975.96,0
1583,15001582,Cliente1583,613,Spain,Female,51,0,0.0,1,1,1,143284.9,0
1584,15001583,Cliente1584,557,France,Female,25,8,71003.88,1,1,0,126586.56,0
1585,15001584,Cliente1585,850,France,Female,68,3,127011.16,2,0,1,202925.05,0
1586,15001585,Cliente1586,564,France,Male,52,9,124321.56,1,1,1,189776.43,1
1587,15001586,Cliente1587,583,France,Female,22,7,30492.52,1,1,0,97543.33,0
1588,15001587,Cliente1588,697,Spain,Male,46,1,104698.91,1,1,0,164874.77,0
1589,15001588,Cliente1589,613,France,Male,48,7,64735.23,1,1,0,138867.25,0
1590,15001589,Cliente1590,685,France,Female,32,4,32248.07,1,1,0,123889.45,1
1591,15001590,Cliente1591,537,Spain,Male,66,10,66884.43,1,1,0,172425.73,1
1592,15001591,Cliente1592,506,France,Female,61,2,101645.4,1,1,1,131527.13,1
1593,15001592,Cliente1593,603,Germany,Male,22,7,130519.52,1,1,1,132499.47,1
1594,15001593,Cliente1594,707,Spain,Male,73,1,0.0,3,0,0,178728.44,1
1595,15001594,Cliente1595,647,France,Male,33,7,107516.61,1,1,0,137269.63,1
1596,15001595,Cliente1596,752,France,Female,64,7,89139.15,2,1,1,183321.55,0
1597,15001596,Cliente1597,628,Spain,Male,63,6,0.0,2,1,0,155236.99,1
1598,15001597,Cliente1598,666,France,Male,67,7,58891.15,2,1,0,185567.79,0
1599,15001598,Cliente1599,573,France,Male,80,6,65694.99,2,1,0,209779.85,0
1600,15001599,Cliente1600,526,Germany,Female,52,9,74313.88,1,1,1,160676.79,1
1601,15001600,Cliente1601,547,France,Female,44,3,78302.57,1,1,0,129300.58,0
1602,15001601,Cliente1602,583,Germany,Female,70,10,22255.12,1,1,1,198770.68,1
1603,15001602,Cliente1603,817,France,Male,70,2,0.0,1,1,0,189002.16,0
1604,15001603,Cliente1604,541,France,Female,77,3,60802.1,2,0,0,168267.03,0
1605,15001604,Cliente1605,575,Germany,Male,53,1,0.0,2,0,0,125771.28,1
1606,15001605,Cliente1606,766,Germany,Male,49,1,0.0,2,1,0,161829.28,0
1607,15001606,Cliente1607,593,France,Male,76,8,0.0,1,1,0,168184.28,1
1608,15001607,Cliente1608,700,France,Female,60,5,99563.67,3,0,1,188951.08,0
1609,15001608,Cliente1609,457,Spain,Male,52,5,0.0,1,0,1,138983.37,0
1610,15001609,Cliente1610,567,France,Female,26,10,0.0,3,1,0,127047.76,0
1611,15001610,Cliente1611,693,Germany,Female,61,8,11109.75,1,1,1,168513.1,0
1612,15001611,Cliente1612,506,France,Female,59,10,109567.71,1,1,1,164742.46,0
1613,15001612,Cliente1613,665,France,Male,34,1,87598.97,1,1,1,139711.59,0
1614,15001613,Cliente1614,653,France,Female,63,3,136343.5,2,1,0,179632.63,1
1615,15001614,Cliente1615,602,France,Female,80,0,150876.74,2,1,1,189914.72,1
1616,15001615,Cliente1616,626,Germany,Male,67,2,44586.95,3,1,0,175371.28,0
1617,15001616,Cliente1617,710,France,Female,74,4,0.0,1,1,1,204612.35,0
1618,15001617,Cliente1618,645,Spain,Female,80,5,47437.66,1,1,0,171418.89,1
1619,15001618,Cliente1619,733,Spain,Female,32,1,63963.62,2,1,0,130456.9,0
1620,15001619,Cliente1620,716,France,Male,75,9,80061.71,1,1,0,193614.9,1
1621,15001620,Cliente1621,780,Spain,Female,79,7,0.0,2,1,1,210616.29,1
1622,15001621,Cliente1622,614,France,Male,26,8,113752.77,2,1,0,143716.0,0
1623,15001622,Cliente1623,664,France,Male,50,8,76292.09,1,1,1,141557.01,0
1624,15001623,Cliente1624,560,France,Female,50,3,86988.24,1,0,0,161554.62,1
1625,15001624,Cliente1625,702,France,Male,40,7,28176.9,1,0,1,158989.9,0
1626,15001625,Cliente1626,589,France,Female,55,4,125811.72,1,1,0,153980.33,1
1627,15001626,Cliente1627,702,Germany,Male,22,8,79680.96,2,0,0,169791.45,0
1628,15001627,Cliente1628,626,France,Male,21,3,0.0,2,1,1,118205.19,0
1629,15001628,Cliente1629,635,France,Female,44,3,119527.86,3,1,1,163320.05,0
1630,15001629,Cliente1630,669,France,Male,73,10,0.0,2,1,0,177331.45,0
1631,15001630,Cliente1631,587,France,Male,48,6,0.0,2,1,0,129075.2,0
1632,15001631,Cliente1632,593,Germany,Male,80,0,0.0,1,1,1,169480.77,0
1633,15001632,Cliente1633,597,France,Male,55,9,142648.72,1,1,1,176634.07,1
1634,15001633,Cliente1634,603,Spain,Female,35,3,49232.04,4,1,0,149628.48,1
1635,15001634,Cliente1635,702,France,Female,37,1,0.0,1,1,0,135078.2,0
1636,15001635,Cliente1636,616,France,Female,28,10,0.0,1,1,1,120062.14,0
1637,15001636,Cliente1637,600,France,Male,76,8,105270.8,1,0,0,171153.53,1
1638,15001637,Cliente1638,719,France,Female,77,7,82091.5,1,1,1,206125.58,0
1639,15001638,Cliente1639,708,France,Male,58,0,90237.05,1,1,0,153311.49,1
1640,15001639,Cliente1640,636,Germany,Female,44,1,0.0,1,1,0,152410.52,0
1641,15001640,Cliente1641,850,Spain,Female,47,3,111199.19,2,1,0,169916.56,1
1642,15001641,Cliente1642,560,France,Female,36,0,0.0,1,1,1,122485.4,1
1643,15001642,Cliente1643,785,France,Female,72,0,0.0,3,0,1,175652.32,0
1644,15001643,Cliente1644,671,France,Male,25,10,125015.21,1,1,1,155570.81,0
1645,15001644,Cliente1645,734,France,Male,24,6,0.0,4,1,1,160726.14,0
1646,15001645,Cliente1646,623,Germany,Female,74,7,0.0,2,1,0,194157.5,0
1647,15001646,Cliente1647,748,Spain,Female,34,10,0.0,2,0,1,153546.08,0
1648,15001647,Cliente1648,565,France,Male,24,10,65461.03,1,0,1,109218.41,0
1649,15001648,Cliente1649,716,Spain,Male,21,7,0.0,1,1,1,125146.52,0
1650,15001649,Cliente1650,671,France,Male,59,9,96311.11,2,1,1,173226.69,0
1651,15001650,Cliente1651,725,Spain,Male,56,4,98675.45,1,1,1,156603.4,1
1652,15001651,Cliente1652,608,Germany,Male,29,1,67104.15,3,0,0,123832.04,1
1653,15001652,Cliente1653,685,Germany,Female,73,4,0.0,2,1,1,176761.27,1
1654,15001653,Cliente1654,582,Germany,Male,36,3,88379.66,1,1,0,121037.41,0
1655,15001654,Cliente1655,618,France,Female,44,5,71029.08,2,1,1,154346.21,1
1656,15001655,Cliente1656,628,France,Female,64,6,28209.15,3,0,1,179423.87,0
1657,15001656,Cliente1657,597,France,Male,37,3,0.0,3,1,0,131736.15,0
1658,15001657,Cliente1658,607,France,Male,68,3,113634.83,2,1,0,163731.54,1
1659,15001658,Cliente1659,545,France,Female,26,9,54355.78,1,0,0,137768.89,1
1660,15001659,Cliente1660,638,Spain,Female,34,4,118426.03,1,1,0,131928.58,0
1661,15001660,Cliente1661,772,France,Female,66,5,46269.82,2,1,1,190883.9,0
1662,15001661,Cliente1662,850,France,Female,33,10,100668.47,1,1,1,161062.15,0
1663,15001662,Cliente1663,578,France,Female,54,1,102997.46,1,1,1,165920.22,0
1664,15001663,Cliente1664,585,France,Male,36,7,42098.32,1,1,0,124330.03,0
1665,15001664,Cliente1665,677,Germany,Female,55,7,119236.03,1,1,1,185878.41,1
1666,15001665,Cliente1666,691,France,Female,51,10,0.0,1,0,0,156798.41,1
1667,15001666,Cliente1667,539,Germany,Male,31,5,159146.07,1,1,1,133680.88,0
1668,15001667,Cliente1668,453,Germany,Female,54,3,86160.4,2,0,0,142238.32,0
1669,15001668,Cliente1669,671,Spain,Female,56,8,96311.85,1,1,0,174554.12,0
1670,15001669,Cliente1670,762,Spain,Female,63,9,46092.55,2,1,0,196252.38,0
1671,15001670,Cliente1671,770,France,Female,77,0,89295.46,1,0,1,190715.74,0
1672,15001671,Cliente1672,648,Germany,Female,24,3,0.0,1,0,1,113024.49,1
1673,15001672,Cliente1673,767,Germany,Female,47,10,102294.66,2,0,1,179680.62,0
1674,15001673,Cliente1674,635,Spain,Male,57,7,0.0,1,1,1,175271.17,0
1675,15001674,Cliente1675,531,France,Female,29,8,9904.99,1,0,0,137462.14,0
1676,15001675,Cliente1676,638,France,Male,30,7,167343.01,2,1,0,146466.91,0
1677,15001676,Cliente1677,737,Spain,Female,47,0,124057.93,2,0,0,156877.72,0
1678,15001677,Cliente1678,660,France,Female,33,2,87776.21,1,1,1,125142.65,0
1679,15001678,Cliente1679,601,Spain,Female,79,5,116470.23,1,0,0,184245.3,1
1680,15001679,Cliente1680,654,Spain,Male,19,6,45594.5,1,1,1,109654.03,1
1681,15001680,Cliente1681,678,France,Male,42,5,0.0,1,0,0,127955.82,0
1682,15001681,Cliente1682,661,France,Female,20,10,23001.31,2,1,1,149273.19,0
1683,15001682,Cliente1683,675,Spain,Male,32,4,44001.68,1,1,0,122008.25,0
1684,15001683,Cliente1684,681,France,Male,44,8,113667.99,1,0,1,176989.84,0
1685,15001684,Cliente1685,740,Spain,Female,39,7,67891.79,2,1,0,152284.69,0
1686,15001685,Cliente1686,661,France,Male,43,2,142693.19,1,1,0,147601.87,1
1687,15001686,Cliente1687,636,Germany,Female,21,7,28672.63,2,1,1,136750.43,0
1688,15001687,Cliente1688,680,France,Male,31,1,64263.59,2,1,1,134714.67,0
1689,15001688,Cliente1689,700,Spain,Male,63,4,50542.28,2,0,0,178653.95,1
1690,15001689,Cliente1690,501,Germany,Male,79,0,0.0,2,0,0,145410.12,1
1691,15001690,Cliente1691,747,France,Female,76,0,117995.55,1,0,1,183348.63,0
1692,15001691,Cliente1692,794,France,Male,75,9,150570.45,2,1,1,219288.56,0
1693,15001692,Cliente1693,652,France,Female,59,0,35003.64,2,1,1,166076.19,0
1694,15001693,Cliente1694,702,France,Female,59,1,0.0,2,1,0,159996.36,0
1695,15001694,Cliente1695,587,Germany,Female,71,0,85167.35,3,1,1,176540.97,1
1696,15001695,Cliente1696,707,France,Female,29,0,62008.45,3,1,1,156409.89,0
1697,15001696,Cliente1697,577,France,Male,22,5,111311.65,1,1,1,132213.32,0
1698,15001697,Cliente1698,665,France,Female,41,2,63086.04,2,1,0,155378.65,0
1699,15001698,Cliente1699,698,Germany,Female,29,9,93822.32,1,1,1,139650.63,0
1700,15001699,Cliente1700,583,Spain,Male,54,0,0.0,1,1,0,125861.72,0
1701,15001700,Cliente1701,555,Spain,Female,52,8,135767.68,2,1,1,168395.46,0
1702,15001701,Cliente1702,620,France,Male,20,3,0.0,3,1,1,142679.02,0
1703,15001702,Cliente1703,602,Spain,Male,53,5,70955.22,3,1,1,170073.63,0
1704,15001703,Cliente1704,622,Germany,Male,36,0,63101.88,1,1,1,127193.07,0
1705,15001704,Cliente1705,556,France,Male,26,8,71982.1,2,1,0,114922.59,1
1706,15001705,Cliente1706,742,Germany,Female,32,4,0.0,1,0,1,139055.0,0
1707,15001706,Cliente1707,627,France,Male,34,9,73256.6,3,0,1,153373.81,0
1708,15001707,Cliente1708,687,Germany,Female,20,8,0.0,2,1,0,121122.59,0
1709,15001708,Cliente1709,511,Spain,Female,43,9,129616.04,3,0,1,176824.7,1
1710,15001709,Cliente1710,600,Spain,Female,46,8,0.0,3,1,1,141071.09,1
1711,15001710,Cliente1711,785,France,Male,34,1,0.0,1,1,0,123897.64,0
1712,15001711,Cliente1712,575,France,Female,73,6,0.0,3,1,1,186993.76,0
1713,15001712,Cliente1713,674,France,Male,38,7,20544.61,2,1,0,129491.98,0
1714,15001713,Cliente1714,827,Spain,Female,42,2,26831.88,1,0,0,164741.41,0
1715,15001714,Cliente1715,649,Spain,Male,28,4,37533.13,2,1,0,139832.97,0
1716,15001715,Cliente1716,777,France,Male,67,10,98508.76,1,1,0,213662.9,0
1717,15001716,Cliente1717,573,France,Female,51,1,32627.41,1,0,1,163477.41,0
1718,15001717,Cliente1718,609,Spain,Male,61,6,64162.0,2,1,0,172499.9,1
1719,15001718,Cliente1719,644,Germany,Female,21,10,98069.07,2,0,0,135927.6,0
1720,15001719,Cliente1720,603,France,Female,53,0,0.0,1,1,0,137706.59,0
1721,15001720,Cliente1721,678,Germany,Female,34,8,60905.82,2,1,1,149121.09,0
1722,15001721,Cliente1722,498,France,Male,44,7,0.0,1,0,0,141153.42,0
1723,15001722,Cliente1723,559,France,Male,64,10,40322.13,3,1,0,173627.57,1
1724,15001723,Cliente1724,760,Germany,Male,37,10,72225.94,3,1,1,172953.86,0
1725,15001724,Cliente1725,659,France,Male,23,6,109908.76,1,1,1,120793.7,0
1726,15001725,Cliente1726,691,France,Male,68,10,69696.93,1,1,1,218623.9,0
1727,15001726,Cliente1727,792,Spain,Female,52,5,0.0,1,1,0,184205.17,0
1728,15001727,Cliente1728,501,Germany,Male,36,3,10545.05,2,1,1,136781.41,0
1729,15001728,Cliente1729,395,France,Female,70,8,128701.0,2,0,0,171642.13,1
1730,15001729,Cliente1730,800,Germany,Male,19,1,48974.7,1,0,1,117170.19,0
1731,15001730,Cliente1731,533,Germany,Male,32,2,90874.45,2,1,0,111334.52,0
1732,15001731,Cliente1732,656,France,Female,57,10,0.0,2,0,1,184129.43,0
1733,15001732,Cliente1733,511,Spain,Male,72,3,0.0,2,0,1,154980.24,0
1734,15001733,Cliente1734,431,Germany,Male,80,5,90831.86,1,1,1,169594.65,1
1735,15001734,Cliente1735,642,Germany,Male,18,2,0.0,2,0,1,110920.57,0
1736,15001735,Cliente1736,688,Germany,Female,63,9,95526.47,3,0,1,208314.41,0
1737,15001736,Cliente1737,578,France,Female,52,0,47137.43,1,0,0,155760.15,0
1738,15001737,Cliente1738,432,Spain,Male,46,8,141992.65,1,0,0,145582.52,0
1739,15001738,Cliente1739,674,France,Female,54,8,12681.94,2,1,1,163648.47,0
1740,15001739,Cliente1740,809,France,Female,72,7,95900.13,2,0,0,213468.97,1
1741,15001740,Cliente1741,501,Spain,Male,18,7,102485.8,2,1,0,121487.5,0
1742,15001741,Cliente1742,713,France,Female,72,10,73148.32,3,1,0,207293.94,1
1743,15001742,Cliente1743,671,France,Female,54,4,97818.01,3,0,1,160274.77,0
1744,15001743,Cliente1744,490,Germany,Female,49,10,73125.55,1,0,0,141028.03,1
1745,15001744,Cliente1745,734,France,Female,57,3,88571.08,3,1,0,185546.51,0
1746,15001745,Cliente1746,663,France,Male,40,10,87196.1,2,1,1,173791.63,0
1747,15001746,Cliente1747,636,Spain,Female,18,0,108476.22,3,0,1,124665.85,0
1748,15001747,Cliente1748,756,Spain,Male,30,2,146880.03,2,0,0,146180.28,1
1749,15001748,Cliente1749,651,Spain,Male,72,5,53004.21,2,1,1,180699.29,0
1750,15001749,Cliente1750,757,France,Female,63,9,106923.15,1,1,1,186188.48,0
1751,15001750,Cliente1751,850,France,Female,18,9,112722.4,2,1,0,151138.93,0
1752,15001751,Cliente1752,667,Spain,Male,28,0,0.0,3,1,0,119726.56,0
1753,15001752,Cliente1753,686,France,Female,71,2,143245.37,1,1,0,180910.29,1
1754,15001753,Cliente1754,600,France,Female,34,9,0.0,2,0,1,137826.27,0
1755,15001754,Cliente1755,779,Germany,Female,72,1,139987.34,1,0,1,193656.05,0
1756,15001755,Cliente1756,545,France,Male,56,7,86812.04,2,1,1,180566.52,0
1757,15001756,Cliente1757,606,Spain,Male,62,6,81822.14,1,1,0,191440.17,1
1758,15001757,Cliente1758,645,France,Male,57,6,89042.74,3,1,0,177602.32,0
1759,15001758,Cliente1759,634,France,Female,47,3,130331.32,1,1,0,139361.26,0
1760,15001759,Cliente1760,589,Spain,Female,80,1,87270.31,2,1,0,173116.11,1
1761,15001760,Cliente1761,725,France,Female,80,7,0.0,3,1,0,205018.0,1
1762,15001761,Cliente1762,624,France,Male,24,3,19618.94,2,1,0,123681.08,0
1763,15001762,Cliente1763,467,France,Female,44,10,59604.57,3,1,1,158472.5,1
1764,15001763,Cliente1764,749,France,Male,57,1,0.0,2,0,1,157489.99,0
1765,15001764,Cliente1765,797,France,Male,27,2,41079.96,1,0,0,145717.35,0
1766,15001765,Cliente1766,603,Germany,Female,57,10,108786.57,1,1,1,171587.47,1
1767,15001766,Cliente1767,765,France,Male,18,1,49739.36,2,0,0,156537.43,0
1768,15001767,Cliente1768,605,France,Male,49,7,91423.08,3,1,1,157469.98,0
1769,15001768,Cliente1769,566,France,Male,42,8,0.0,2,0,0,126280.29,0
1770,15001769,Cliente1770,572,France,Female,55,0,86019.5,1,1,1,133123.3,0
1771,15001770,Cliente1771,789,France,Female,36,7,69141.55,1,1,1,132436.98,0
1772,15001771,Cliente1772,766,France,Male,59,4,0.0,1,1,1,158779.28,0
1773,15001772,Cliente1773,709,France,Male,53,4,91811.82,1,0,1,176395.09,1
1774,15001773,Cliente1774,564,France,Female,78,0,0.0,1,0,1,167112.53,0
1775,15001774,Cliente1775,718,France,Female,65,0,84599.28,1,1,1,170235.63,1
1776,15001775,Cliente1776,558,France,Female,43,7,101436.14,4,1,1,151791.56,0
1777,15001776,Cliente1777,703,Spain,Male,56,10,0.0,1,1,0,158974.93,1
1778,15001777,Cliente1778,604,France,Female,38,7,0.0,2,1,0,154780.3,0
1779,15001778,Cliente1779,602,Spain,Male,48,10,115966.24,1,1,1,162164.06,0
1780,15001779,Cliente1780,606,France,Male,33,0,0.0,1,1,0,116420.44,1
1781,15001780,Cliente1781,474,Germany,Male,57,3,91166.72,2,1,1,123327.42,1
1782,15001781,Cliente1782,501,France,Female,22,4,98651.02,1,1,0,94955.31,0
1783,15001782,Cliente1783,637,France,Male,54,7,76848.76,1,1,0,158788.86,1
1784,15001783,Cliente1784,559,Spain,Female,67,0,0.0,2,1,1,179818.87,0
1785,15001784,Cliente1785,720,France,Female,46,10,85815.85,1,1,1,153735.4,1
1786,15001785,Cliente1786,750,Germany,Male,38,7,102225.58,1,1,0,145531.9,0
1787,15001786,Cliente1787,517,France,Female,53,8,136566.32,2,0,1,182703.19,0
1788,15001787,Cliente1788,522,France,Male,51,4,93636.62,1,1,0,143250.66,0
1789,15001788,Cliente1789,636,France,Female,22,4,82991.69,1,0,0,118595.39,0
1790,15001789,Cliente1790,815,France,Male,59,2,61970.08,2,1,0,178875.71,0
1791,15001790,Cliente1791,583,Spain,Male,36,1,146135.51,2,0,0,141965.78,1
1792,15001791,Cliente1792,692,Germany,Female,38,1,50907.44,1,1,0,123528.24,0
1793,15001792,Cliente1793,509,France,Female,62,9,94096.69,3,1,0,193725.77,0
1794,15001793,Cliente1794,572,Spain,Male,53,8,0.0,2,1,1,160793.3,0
1795,15001794,Cliente1795,690,France,Female,56,4,76616.27,1,0,1,168320.71,0
1796,15001795,Cliente1796,628,Germany,Male,47,10,108982.78,2,1,1,168712.39,0
1797,15001796,Cliente1797,691,Germany,Male,74,2,31413.96,2,1,1,171516.78,1
1798,15001797,Cliente1798,659,Germany,Female,31,2,71108.71,1,1,1,126370.35,0
1799,15001798,Cliente1799,647,Spain,Male,68,0,0.0,1,1,1,149823.91,0
1800,15001799,Cliente1800,645,Germany,Male,33,9,0.0,3,1,0,140990.7,0
1801,15001800,Cliente1801,765,France,Male,69,5,29710.6,1,0,1,181874.76,1
1802,15001801,Cliente1802,643,Spain,Male,70,5,108571.16,3,1,1,201005.26,0
1803,15001802,Cliente1803,721,Spain,Female,18,4,2230.6,2,0,1,137170.1,0
1804,15001803,Cliente1804,625,France,Male,52,7,63252.37,1,0,1,160043.34,0
1805,15001804,Cliente1805,656,Spain,Male,49,5,0.0,1,1,0,140090.94,1
1806,15001805,Cliente1806,556,France,Female,43,8,16978.77,1,0,0,154666.87,0
1807,15001806,Cliente1807,469,France,Male,32,5,115774.64,3,1,0,146002.33,0
1808,15001807,Cliente1808,611,Germany,Female,24,1,79876.48,2,0,0,126386.65,0
1809,15001808,Cliente1809,655,France,Female,32,3,78170.69,1,1,0,137976.39,0
1810,15001809,Cliente1810,606,France,Female,24,1,0.0,1,1,0,96336.73,0
1811,15001810,Cliente1811,693,France,Male,70,2,118780.9,1,1,1,184741.04,0
1812,15001811,Cliente1812,579,Spain,Female,40,2,30375.85,1,1,0,117005.35,0
1813,15001812,Cliente1813,528,France,Male,47,6,69764.3,2,1,0,142936.87,1
1814,15001813,Cliente1814,521,France,Male,58,8,144258.78,2,0,0,159708.29,1
1815,15001814,Cliente1815,702,France,Female,56,3,47306.13,3,1,1,191601.06,0
1816,15001815,Cliente1816,576,Spain,Male,25,2,50679.65,3,1,1,121660.33,0
1817,15001816,Cliente1817,647,France,Female,79,1,44886.7,2,0,1,202740.67,1
1818,15001817,Cliente1818,526,Germany,Female,60,8,0.0,1,1,1,152274.57,1
1819,15001818,Cliente1819,572,Germany,Male,57,5,84676.62,2,0,1,159863.15,0
1820,15001819,Cliente1820,643,Germany,Male,20,6,94194.95,1,0,1,109227.68,0
1821,15001820,Cliente1821,737,Germany,Male,70,6,86399.23,2,1,0,183401.75,1
1822,15001821,Cliente1822,554,France,Female,55,6,0.0,1,1,1,165123.53,0
1823,15001822,Cliente1823,521,France,Female,58,4,91379.78,2,1,0,165783.6,0
1824,15001823,Cliente1824,643,Spain,Male,40,0,117359.84,2,1,1,143298.33,0
1825,15001824,Cliente1825,657,Germany,Male,57,8,54870.84,4,1,1,190327.81,0
1826,15001825,Cliente1826,607,Spain,Male,20,7,0.0,1,1,1,133420.96,0
1827,15001826,Cliente1827,747,France,Male,31,8,0.0,1,1,0,136941.56,0
1828,15001827,Cliente1828,497,Spain,Male,71,6,72949.28,2,0,0,161984.97,1
1829,15001828,Cliente1829,573,France,Female,53,4,0.0,1,1,0,138310.78,0
1830,15001829,Cliente1830,643,Spain,Female,38,8,85727.21,2,0,1,159129.97,0
1831,15001830,Cliente1831,569,France,Male,66,8,100271.06,1,0,0,180095.27,1
1832,15001831,Cliente1832,672,Germany,Female,78,3,49648.73,3,0,0,190280.27,1
1833,15001832,Cliente1833,644,France,Female,56,0,109765.83,2,1,1,172971.01,1
1834,15001833,Cliente1834,622,France,Male,19,7,116151.62,3,0,0,140936.65,0
1835,15001834,Cliente1835,848,Spain,Female,62,9,87019.85,1,0,1,177581.34,1
1836,15001835,Cliente1836,559,France,Male,66,0,132039.82,3,1,0,171236.96,0
1837,15001836,Cliente1837,621,Spain,Female,55,2,86199.0,2,1,0,157406.81,1
1838,15001837,Cliente1838,685,Spain,Male,80,5,46592.18,2,1,1,191653.67,0
1839,15001838,Cliente1839,579,France,Female,56,8,86498.07,3,0,0,175755.61,0
1840,15001839,Cliente1840,655,Germany,Male,47,3,102671.3,2,0,0,152054.43,0
1841,15001840,Cliente1841,716,France,Female,41,9,102865.5,1,1,1,168890.54,0
1842,15001841,Cliente1842,662,France,Female,54,10,0.0,2,1,0,163375.11,0
1843,15001842,Cliente1843,706,Spain,Male,23,1,71857.09,4,0,1,140380.84,0
1844,15001843,Cliente1844,611,Spain,Male,56,8,0.0,1,0,1,154965.81,1
1845,15001844,Cliente1845,621,Germany,Female,52,7,119715.15,2,0,1,168264.4,0
1846,15001845,Cliente1846,807,France,Female,31,10,47565.21,3,1,0,180514.28,0
1847,15001846,Cliente1847,684,France,Female,40,2,54178.0,1,0,1,125570.12,0
1848,15001847,Cliente1848,725,Spain,Male,65,4,0.0,1,0,0,154792.85,0
1849,15001848,Cliente1849,588,France,Male,55,4,38896.36,1,0,0,139155.22,1
1850,15001849,Cliente1850,625,France,Female,69,3,81398.72,1,0,0,175254.53,1
1851,15001850,Cliente1851,742,France,Male,72,9,82000.64,2,1,1,211754.05,0
1852,15001851,Cliente1852,651,Germany,Male,74,6,65800.17,2,0,0,180898.67,0
1853,15001852,Cliente1853,538,France,Female,44,8,143485.78,2,1,0,179571.54,0
1854,15001853,Cliente1854,567,France,Female,61,7,101553.57,1,1,1,178403.23,0
1855,15001854,Cliente1855,638,Germany,Female,41,7,0.0,2,1,1,162315.16,0
1856,15001855,Cliente1856,777,Germany,Female,26,3,20075.49,3,0,1,135042.99,0
1857,15001856,Cliente1857,689,Spain,Female,64,6,61025.6,1,1,0,162065.71,1
1858,15001857,Cliente1858,579,Germany,Male,24,6,93433.81,3,1,0,126582.18,0
1859,15001858,Cliente1859,642,France,Male,48,9,70222.1,3,1,0,184409.28,0
1860,15001859,Cliente1860,649,Spain,Male,41,1,0.0,1,1,0,149850.51,1
1861,15001860,Cliente1861,502,France,Male,65,9,89816.02,1,1,1,180687.48,1
1862,15001861,Cliente1862,641,France,Male,59,10,41611.7,2,0,1,158158.85,1
1863,15001862,Cliente1863,614,Germany,Male,79,4,0.0,1,1,1,193121.51,1
1864,15001863,Cliente1864,631,France,Female,32,0,0.0,1,0,0,120639.92,0
1865,15001864,Cliente1865,568,Germany,Male,27,3,0.0,2,0,1,107089.94,0
1866,15001865,Cliente1866,676,France,Male,60,10,62628.91,2,1,0,164167.47,1
1867,15001866,Cliente1867,609,Germany,Female,32,4,0.0,2,1,0,123419.99,0
1868,15001867,Cliente1868,579,Germany,Male,52,5,106381.54,1,0,1,158101.23,1
1869,15001868,Cliente1869,802,Germany,Male,62,1,111362.09,1,1,1,183198.7,0
1870,15001869,Cliente1870,612,France,Female,54,7,87150.23,1,0,1,171244.06,0
1871,15001870,Cliente1871,528,Germany,Female,38,6,105081.69,1,1,0,121194.28,1
1872,15001871,Cliente1872,748,France,Male,56,6,65894.22,3,1,0,180342.75,1
1873,15001872,Cliente1873,764,France,Female,27,7,0.0,1,1,1,128841.14,0
1874,15001873,Cliente1874,562,France,Male,71,1,0.0,1,1,1,143946.02,1
1875,15001874,Cliente1875,607,Germany,Male,45,7,96116.89,2,1,0,153924.43,0
1876,15001875,Cliente1876,629,France,Male,80,7,0.0,2,0,1,208128.26,0
1877,15001876,Cliente1877,610,France,Female,51,1,35789.03,2,1,0,133660.46,0
1878,15001877,Cliente1878,526,France,Female,23,6,0.0,1,0,0,110849.29,0
1879,15001878,Cliente1879,552,France,Female,44,10,68785.06,3,1,0,165528.32,1
1880,15001879,Cliente1880,826,Germany,Female,73,2,0.0,1,1,1,178791.77,0
1881,15001880,Cliente1881,592,France,Male,59,2,71619.08,2,1,0,149608.6,0
1882,15001881,Cliente1882,599,Spain,Female,79,8,93522.93,1,0,1,194442.67,1
1883,15001882,Cliente1883,709,France,Male,19,4,0.0,1,1,0,109667.42,1
1884,15001883,Cliente1884,603,France,Male,34,10,71560.77,2,1,0,133382.12,0
1885,15001884,Cliente1885,587,France,Male,44,9,0.0,1,0,0,126892.66,1
1886,15001885,Cliente1886,554,France,Female,22,4,65618.43,1,1,0,109665.08,0
1887,15001886,Cliente1887,689,France,Male,18,0,0.0,3,1,1,117409.09,0
1888,15001887,Cliente1888,661,France,Female,30,8,77624.88,1,1,0,138813.52,0
1889,15001888,Cliente1889,739,France,Female,64,9,0.0,3,1,1,180598.1,0
1890,15001889,Cliente1890,607,Spain,Female,41,2,0.0,2,1,1,127978.66,0
1891,15001890,Cliente1891,754,France,Female,20,2,55807.81,1,1,1,117624.71,1
1892,15001891,Cliente1892,656,France,Female,57,3,33248.17,1,1,0,144010.62,0
1893,15001892,Cliente1893,598,France,Male,42,8,97189.55,1,1,1,154952.81,0
1894,15001893,Cliente1894,682,Spain,Female,51,10,89294.97,1,1,0,181812.04,0
1895,15001894,Cliente1895,673,France,Male,47,7,0.0,1,0,0,140714.99,0
1896,15001895,Cliente1896,667,Germany,Female,30,3,0.0,1,1,1,116769.73,1
1897,15001896,Cliente1897,579,France,Female,63,10,83895.93,1,0,0,177956.0,0
1898,15001897,Cliente1898,635,Germany,Male,23,6,105159.05,2,0,1,137472.9,0
1899,15001898,Cliente1899,627,France,Female,42,6,73331.09,1,0,1,133413.01,0
1900,15001899,Cliente1900,706,Germany,Female,19,1,0.0,2,0,1,133301.51,0
1901,15001900,Cliente1901,753,France,Female,53,4,61332.23,1,1,1,140277.18,0
1902,15001901,Cliente1902,714,Spain,Female,62,9,0.0,2,1,1,176557.84,0
1903,15001902,Cliente1903,707,Germany,Female,24,3,124819.6,1,1,0,146666.29,1
1904,15001903,Cliente1904,737,Germany,Male,49,6,0.0,1,0,1,155710.63,1
1905,15001904,Cliente1905,748,Germany,Female,59,7,63856.9,2,1,1,199376.9,0
1906,15001905,Cliente1906,611,Germany,Female,35,1,82486.5,1,0,1,151099.29,1
1907,15001906,Cliente1907,545,Spain,Female,24,3,72981.68,1,1,0,111232.95,0
1908,15001907,Cliente1908,657,France,Female,49,6,0.0,1,0,1,160394.79,0
1909,15001908,Cliente1909,772,Germany,Female,69,5,0.0,1,1,1,176624.65,1
1910,15001909,Cliente1910,537,France,Male,30,10,0.0,1,1,0,112987.3,0
1911,15001910,Cliente1911,562,Germany,Male,75,10,0.0,2,1,0,174846.98,1
1912,15001911,Cliente1912,649,France,Female,60,2,0.0,1,1,1,153784.54,1
1913,15001912,Cliente1913,597,Germany,Male,30,4,108213.01,2,1,1,129239.72,0
1914,15001913,Cliente1914,728,France,Male,40,2,99193.94,1,1,1,136373.31,0
1915,15001914,Cliente1915,651,France,Male,37,4,0.0,1,0,1,143557.74,0
1916,15001915,Cliente1916,715,France,Male,52,1,0.0,2,1,0,152944.2,0
1917,15001916,Cliente1917,669,France,Male,75,2,58736.74,1,0,1,196325.73,0
1918,15001917,Cliente1918,678,Spain,Female,38,3,99119.05,1,0,0,151333.75,0
1919,15001918,Cliente1919,544,France,Male,36,3,86976.89,3,1,1,145469.5,1
1920,15001919,Cliente1920,589,Spain,Female,65,8,0.0,2,0,1,180277.18,1
1921,15001920,Cliente1921,477,France,Male,26,2,54544.95,1,0,0,89330.58,0
1922,15001921,Cliente1922,579,Spain,Female,75,8,72300.26,2,1,1,199015.66,0
1923,15001922,Cliente1923,598,France,Male,66,2,130312.64,2,0,0,161412.47,0
1924,15001923,Cliente1924,673,Spain,Male,44,2,0.0,2,0,0,120370.02,0
1925,15001924,Cliente1925,546,Germany,Female,23,9,137473.82,2,0,1,127172.46,0
1926,15001925,Cliente1926,795,Spain,Male,63,10,0.0,1,1,1,170152.42,0
1927,15001926,Cliente1927,748,Germany,Female,20,8,84887.08,2,1,0,139929.2,0
1928,15001927,Cliente1928,558,Spain,Male,38,5,113070.27,2,0,0,139206.21,0
1929,15001928,Cliente1929,488,Germany,Female,54,7,93908.59,2,0,1,162666.89,0
1930,15001929,Cliente1930,508,Germany,Male,31,10,50218.67,2,0,0,136987.6,1
1931,15001930,Cliente1931,670,France,Female,18,0,25854.78,1,1,1,106561.28,0
1932,15001931,Cliente1932,539,France,Female,25,10,95168.19,2,1,1,156988.13,0
1933,15001932,Cliente1933,620,France,Female,28,4,65721.13,3,0,1,134388.65,0
1934,15001933,Cliente1934,692,Spain,Male,60,4,68753.24,2,1,1,168000.51,0
1935,15001934,Cliente1935,678,Germany,Male,53,6,0.0,1,1,0,133377.51,0
1936,15001935,Cliente1936,707,Germany,Female,74,6,75425.52,1,1,0,185047.79,0
1937,15001936,Cliente1937,535,Spain,Female,23,3,0.0,4,1,0,118170.1,1
1938,15001937,Cliente1938,700,Germany,Female,37,1,56603.89,2,1,1,159492.22,0
1939,15001938,Cliente1939,703,Spain,Female,67,9,96351.49,1,1,1,197864.89,1
1940,15001939,Cliente1940,725,Spain,Male,46,10,101696.2,1,1,0,167944.3,0
1941,15001940,Cliente1941,715,Germany,Female,66,7,0.0,1,1,1,173818.13,0
1942,15001941,Cliente1942,536,Spain,Male,48,9,146596.6,1,0,0,144785.64,0
1943,15001942,Cliente1943,437,France,Male,73,0,62142.02,3,1,0,160512.28,1
1944,15001943,Cliente1944,676,Spain,Male,33,2,27906.24,1,1,0,122378.64,0
1945,15001944,Cliente1945,780,France,Female,55,10,0.0,1,1,1,181959.27,0
1946,15001945,Cliente1946,579,Germany,Female,73,9,0.0,1,1,0,191541.73,0
1947,15001946,Cliente1947,578,France,Female,78,10,81740.16,2,1,0,186140.2,1
1948,15001947,Cliente1948,660,Spain,Male,56,3,60831.56,2,0,0,165689.27,0
1949,15001948,Cliente1949,737,Germany,Female,28,3,0.0,2,1,1,146118.64,0
1950,15001949,Cliente1950,707,Germany,Female,66,7,132937.2,1,0,0,166049.68,1
1951,15001950,Cliente1951,544,Germany,Female,30,3,118780.41,1,1,1,123916.81,0
1952,15001951,Cliente1952,608,France,Female,54,7,99773.94,1,1,1,151913.65,1
1953,15001952,Cliente1953,597,Germany,Male,29,2,0.0,2,1,1,135552.87,0
1954,15001953,Cliente1954,694,Spain,Male,55,2,81177.07,2,1,1,182968.44,0
1955,15001954,Cliente1955,709,Germany,Male,62,7,144931.81,2,1,1,195698.83,0
1956,15001955,Cliente1956,570,France,Female,62,6,0.0,3,1,0,155043.99,0
1957,15001956,Cliente1957,576,France,Male,58,2,78531.31,2,1,0,168152.54,0
1958,15001957,Cliente1958,670,Germany,Female,78,8,0.0,1,0,1,210792.68,1
1959,15001958,Cliente1959,627,Spain,Male,77,5,25664.78,1,0,1,174720.07,1
1960,15001959,Cliente1960,580,France,Female,68,10,159607.3,1,0,1,190299.82,0
1961,15001960,Cliente1961,607,Germany,Male,54,4,103967.42,2,1,0,144798.93,1
1962,15001961,Cliente1962,697,Spain,Female,60,8,100501.0,2,0,1,199956.74,0
1963,15001962,Cliente1963,616,Spain,Female,26,10,85977.01,1,1,0,127363.22,0
1964,15001963,Cliente1964,635,Spain,Male,67,10,0.0,2,1,0,169002.46,0
1965,15001964,Cliente1965,580,France,Female,33,6,136852.93,2,1,0,149821.38,0
1966,15001965,Cliente1966,696,France,Male,46,2,138981.75,2,1,0,150468.55,1
1967,15001966,Cliente1967,601,Spain,Male,59,6,83753.07,1,1,1,153266.58,0
1968,15001967,Cliente1968,668,Germany,Male,76,4,104127.8,3,1,0,192886.81,1
1969,15001968,Cliente1969,660,Germany,Male,26,5,78118.79,2,0,1,112968.13,0
1970,15001969,Cliente1970,613,Germany,Female,30,8,98210.67,2,1,0,127678.2,1
1971,15001970,Cliente1971,575,Spain,Female,79,10,100010.5,1,1,0,211667.98,1
1972,15001971,Cliente1972,639,Germany,Male,53,9,101398.25,3,1,0,172011.56,0
1973,15001972,Cliente1973,620,Spain,Female,78,8,132325.64,1,1,0,198882.85,1
1974,15001973,Cliente1974,732,Germany,Female,75,4,0.0,1,1,0,175547.43,1
1975,15001974,Cliente1975,574,France,Female,61,1,107715.68,1,1,0,168738.66,0
1976,15001975,Cliente1976,710,France,Female,24,4,70236.5,2,1,1,134871.82,0
1977,15001976,Cliente1977,748,Spain,Male,26,2,76468.91,1,1,1,141896.38,0
1978,15001977,Cliente1978,702,France,Female,31,1,82787.19,2,1,0,158432.78,1
1979,15001978,Cliente1979,709,Germany,Female,80,0,0.0,1,0,1,178582.15,1
1980,15001979,Cliente1980,625,France,Female,46,7,92301.66,1,1,0,133216.6,0
1981,15001980,Cliente1981,685,France,Male,61,8,137413.14,2,0,1,187534.51,1
1982,15001981,Cliente1982,686,France,Male,75,1,0.0,1,1,1,185331.16,1
1983,15001982,Cliente1983,510,Germany,Male,23,1,47641.22,2,1,0,109815.57,1
1984,15001983,Cliente1984,620,Germany,Female,42,6,112260.78,1,1,1,167322.76,0
1985,15001984,Cliente1985,545,Germany,Female,21,9,20552.66,2,1,1,108025.65,0
1986,15001985,Cliente1986,489,Germany,Female,46,7,115211.19,1,1,1,133881.01,0
1987,15001986,Cliente1987,646,France,Female,34,0,78719.54,2,1,0,127200.42,0
1988,15001987,Cliente1988,685,Germany,Female,24,5,60088.12,2,1,1,131971.67,0
1989,15001988,Cliente1989,591,Spain,Male,31,6,60058.48,1,1,0,138104.67,0
1990,15001989,Cliente1990,692,France,Female,79,4,49384.45,2,1,1,215677.05,0
1991,15001990,Cliente1991,697,France,Male,29,8,0.0,4,1,1,155323.5,0
1992,15001991,Cliente1992,657,Germany,Male,66,2,82795.51,2,0,0,178874.09,1
1993,15001992,Cliente1993,607,France,Male,36,1,101186.5,2,1,1,134717.22,0
1994,15001993,Cliente1994,706,Spain,Male,56,9,63130.09,2,0,0,172849.27,0
1995,15001994,Cliente1995,799,Germany,Male,34,7,0.0,1,0,1,129948.53,0
1996,15001995,Cliente1996,475,Spain,Male,59,8,0.0,1,0,0,142762.32,0
1997,15001996,Cliente1997,711,France,Male,28,6,0.0,2,1,1,149609.0,0
1998,15001997,Cliente1998,551,France,Female,58,4,0.0,1,1,0,132431.05,1
1999,15001998,Cliente1999,721,Spain,Female,76,3,0.0,1,0,1,178715.46,1
2000,15001999,Cliente2000,734,Germany,Male,69,5,55759.2,2,0,0,199137.56,1
2001,15002000,Cliente2001,615,Germany,Male,62,3,130166.8,1,0,1,195566.96,1
2002,15002001,Cliente2002,613,Germany,Female,46,7,81345.9,2,1,0,147017.81,1
2003,15002002,Cliente2003,648,France,Female,20,7,11344.14,4,0,0,121023.36,0
2004,15002003,Cliente2004,660,France,Male,76,2,82917.15,1,0,0,187089.11,1
2005,15002004,Cliente2005,633,Spain,Female,25,8,0.0,1,1,0,102737.79,0
2006,15002005,Cliente2006,747,Germany,Female,33,1,66693.32,1,1,1,144221.52,0
2007,15002006,Cliente2007,517,Germany,Female,32,6,0.0,2,0,1,109654.51,1
2008,15002007,Cliente2008,607,France,Female,30,1,107231.89,2,1,1,138012.22,0
2009,15002008,Cliente2009,705,France,Female,21,5,90823.85,2,1,0,126625.49,0
2010,15002009,Cliente2010,626,Spain,Female,71,9,86829.65,1,0,1,180185.89,1
2011,15002010,Cliente2011,629,Spain,Male,58,9,120493.91,2,1,0,185690.27,1
2012,15002011,Cliente2012,624,Spain,Female,41,9,108446.58,2,1,1,164360.89,0
2013,15002012,Cliente2013,731,France,Female,78,10,132910.7,1,0,1,206659.28,0
2014,15002013,Cliente2014,709,France,Male,36,4,41997.01,2,0,0,135870.5,0
2015,15002014,Cliente2015,537,France,Male,61,5,106520.13,3,1,1,156692.52,1
2016,15002015,Cliente2016,553,Spain,Female,26,0,117152.53,2,1,1,126600.6,0
2017,15002016,Cliente2017,615,France,Female,37,3,40443.08,1,1,1,139586.07,0
2018,15002017,Cliente2018,638,Germany,Female,70,8,100837.7,2,1,1,212876.85,1
2019,15002018,Cliente2019,727,France,Female,52,10,73001.99,2,1,1,175118.49,0
2020,15002019,Cliente2020,640,France,Female,71,7,0.0,3,1,0,196112.19,1
2021,15002020,Cliente2021,762,Spain,Female,77,4,86207.25,1,1,0,190053.11,0
2022,15002021,Cliente2022,809,France,Male,60,7,0.0,1,1,1,173139.26,0
2023,15002022,Cliente2023,576,France,Male,51,8,65430.54,2,0,1,170273.36,0
2024,15002023,Cliente2024,665,France,Male,69,7,0.0,1,1,0,188652.59,1
2025,15002024,Cliente2025,738,France,Male,31,7,97352.29,1,1,1,151422.21,0
2026,15002025,Cliente2026,670,Germany,Male,71,7,0.0,1,0,0,152292.62,0
2027,15002026,Cliente2027,680,France,Female,70,8,99446.78,1,1,0,166590.15,1
2028,15002027,Cliente2028,612,Germany,Female,20,1,10644.48,1,1,1,134160.27,0
2029,15002028,Cliente2029,604,France,Female,43,9,121379.25,3,1,0,169248.65,1
2030,15002029,Cliente2030,668,France,Male,52,3,87674.7,2,0,0,192930.84,0
2031,15002030,Cliente2031,735,Germany,Female,30,10,58227.78,2,0,1,170400.98,0
2032,15002031,Cliente2032,561,France,Male,68,4,0.0,2,1,0,153145.36,1
2033,15002032,Cliente2033,639,France,Female,27,3,97124.75,3,1,0,131896.08,0
2034,15002033,Cliente2034,804,France,Female,71,9,62093.89,1,1,1,198914.05,1
2035,15002034,Cliente2035,634,France,Female,60,4,127946.49,1,1,0,158001.72,0
2036,15002035,Cliente2036,665,Spain,Male,59,2,0.0,2,1,1,165658.83,0
2037,15002036,Cliente2037,719,France,Male,59,0,25963.74,3,1,1,162972.81,0
2038,15002037,Cliente2038,700,Spain,Female,42,6,0.0,1,1,0,148147.75,0
2039,15002038,Cliente2039,638,France,Male,35,6,85560.42,1,0,0,149692.87,1
2040,15002039,Cliente2040,632,France,Male,63,0,0.0,2,1,1,158196.69,0
2041,15002040,Cliente2041,781,France,Female,51,1,0.0,1,1,1,162847.21,0
2042,15002041,Cliente2042,571,Spain,Female,62,3,60988.81,2,1,1,163530.69,0
2043,15002042,Cliente2043,536,France,Male,78,0,0.0,2,1,0,173262.88,1
2044,15002043,Cliente2044,746,France,Female,28,4,0.0,2,1,0,149854.09,0
2045,15002044,Cliente2045,759,Germany,Female,72,5,63523.08,2,1,1,200976.2,1
2046,15002045,Cliente2046,569,France,Female,33,5,32438.86,1,1,0,135019.55,0
2047,15002046,Cliente2047,726,Germany,Male,30,7,76285.43,1,1,1,159809.33,0
2048,15002047,Cliente2048,683,Germany,Male,46,10,91843.38,3,0,0,170234.16,1
2049,15002048,Cliente2049,643,Germany,Male,61,4,67403.47,3,1,0,183679.16,0
2050,15002049,Cliente2050,662,Germany,Male,74,0,121657.45,1,1,1,199735.85,1
2051,15002050,Cliente2051,810,France,Male,30,9,82980.3,2,0,0,162761.53,0
2052,15002051,Cliente2052,716,France,Female,40,6,149495.2,2,1,0,158301.75,1
2053,15002052,Cliente2053,703,Spain,Female,18,6,0.0,1,1,1,98801.39,0
2054,15002053,Cliente2054,698,France,Male,46,10,62521.96,2,1,0,171739.93,0
2055,15002054,Cliente2055,603,France,Female,47,10,0.0,3,0,1,172146.88,0
2056,15002055,Cliente2056,627,Germany,Female,58,8,0.0,1,0,0,150083.12,0
2057,15002056,Cliente2057,641,France,Female,44,1,0.0,1,0,1,139639.25,0
2058,15002057,Cliente2058,579,France,Female,61,4,0.0,1,1,1,150813.14,0
2059,15002058,Cliente2059,699,France,Female,66,1,0.0,2,0,0,168513.43,1
2060,15002059,Cliente2060,752,Spain,Male,36,8,111824.11,3,1,1,191524.17,0
2061,15002060,Cliente2061,646,Germany,Male,30,8,80905.8,1,0,0,117524.31,0
2062,15002061,Cliente2062,584,France,Female,22,7,77803.63,1,1,1,135029.53,0
2063,15002062,Cliente2063,587,France,Male,42,1,0.0,1,1,1,151461.55,0
2064,15002063,Cliente2064,790,France,Male,72,3,0.0,1,0,1,176175.58,0
2065,15002064,Cliente2065,604,France,Female,43,0,56008.17,2,0,1,155840.84,0
2066,15002065,Cliente2066,550,France,Male,21,2,69667.16,2,1,1,119138.31,0
2067,15002066,Cliente2067,527,Spain,Female,19,2,0.0,2,1,0,89848.34,1
2068,15002067,Cliente2068,614,France,Female,77,6,97676.53,2,1,1,197611.35,0
2069,15002068,Cliente2069,757,Spain,Female,64,3,0.0,2,1,1,172510.38,0
2070,15002069,Cliente2070,760,Spain,Female,37,7,0.0,1,1,1,132869.25,0
2071,15002070,Cliente2071,704,Spain,Male,79,0,69226.55,2,1,1,210482.04,1
2072,15002071,Cliente2072,591,France,Male,36,3,65418.81,2,1,1,143970.34,0
2073,15002072,Cliente2073,724,Germany,Male,21,0,57150.7,1,0,1,104449.95,0
2074,15002073,Cliente2074,638,Spain,Female,40,9,89870.88,1,1,0,166844.86,0
2075,15002074,Cliente2075,706,France,Female,27,9,86434.63,1,1,1,133530.98,0
2076,15002075,Cliente2076,840,France,Male,21,6,81364.56,1,1,1,132553.99,0
2077,15002076,Cliente2077,635,Spain,Male,30,8,72398.0,1,1,0,131030.91,0
2078,15002077,Cliente2078,539,Spain,Male,63,4,159234.18,2,0,0,174679.46,1
2079,15002078,Cliente2079,817,Germany,Female,64,5,55432.04,1,1,1,195227.92,0
2080,15002079,Cliente2080,641,Germany,Male,59,7,0.0,1,1,0,161167.4,1
2081,15002080,Cliente2081,640,France,Female,43,4,111567.24,1,1,0,141289.88,0
2082,15002081,Cliente2082,516,Spain,Female,28,5,76401.95,1,1,1,118168.86,0
2083,15002082,Cliente2083,719,France,Male,66,1,66665.13,3,0,1,188947.54,0
2084,15002083,Cliente2084,745,Germany,Female,27,2,83531.49,1,0,1,138143.98,0
2085,15002084,Cliente2085,678,Germany,Male,35,7,80954.41,2,1,0,164577.93,0
2086,15002085,Cliente2086,749,Germany,Male,61,9,57087.08,1,1,0,176257.58,0
2087,15002086,Cliente2087,623,Spain,Male,73,2,88731.33,1,1,1,165950.13,0
2088,15002087,Cliente2088,771,France,Female,76,2,118302.47,2,0,1,220903.29,0
2089,15002088,Cliente2089,722,France,Female,36,5,0.0,2,1,0,141297.33,0
2090,15002089,Cliente2090,807,France,Male,39,7,145869.33,1,1,1,175600.33,0
2091,15002090,Cliente2091,515,France,Female,71,3,54016.11,1,1,0,150411.03,1
2092,15002091,Cliente2092,551,Spain,Female,68,10,0.0,1,0,1,161578.18,0
2093,15002092,Cliente2093,733,France,Male,71,6,0.0,1,1,1,166928.27,0
2094,15002093,Cliente2094,689,Germany,Female,51,0,107325.94,1,0,1,156021.66,0
2095,15002094,Cliente2095,579,France,Male,41,6,64574.75,1,1,1,156633.0,1
2096,15002095,Cliente2096,665,Spain,Female,23,2,108928.24,1,1,0,118839.98,1
2097,15002096,Cliente2097,737,France,Male,42,6,54165.03,2,0,1,156700.92,0
2098,15002097,Cliente2098,755,France,Female,19,10,101202.59,2,0,0,141325.14,0
2099,15002098,Cliente2099,681,France,Male,66,9,80803.76,2,0,0,192734.47,0
2100,15002099,Cliente2100,666,France,Female,67,1,60656.04,2,0,0,185644.32,0
2101,15002100,Cliente2101,698,Germany,Female,72,10,0.0,1,1,1,184534.33,1
2102,15002101,Cliente2102,654,Spain,Male,70,5,107547.79,2,1,0,201781.22,1
2103,15002102,Cliente2103,821,Germany,Male,50,6,0.0,2,1,1,166173.14,0
2104,15002103,Cliente2104,622,Spain,Female,51,10,169037.39,1,1,0,166710.49,1
2105,15002104,Cliente2105,660,France,Male,25,7,0.0,1,1,1,92771.21,0
2106,15002105,Cliente2106,642,Germany,Female,54,1,77626.17,2,1,0,138140.66,1
2107,15002106,Cliente2107,790,France,Male,68,10,71390.8,3,0,1,217874.13,1
2108,15002107,Cliente2108,613,France,Female,47,0,148678.82,1,1,1,132950.72,1
2109,15002108,Cliente2109,733,Spain,Male,64,2,138285.48,4,1,1,198995.91,1
2110,15002109,Cliente2110,653,France,Female,31,3,98398.14,2,1,0,148432.94,0
2111,15002110,Cliente2111,620,France,Male,57,10,0.0,1,0,0,129935.51,0
2112,15002111,Cliente2112,480,Germany,Male,58,1,108911.91,1,0,1,138197.21,1
2113,15002112,Cliente2113,653,Spain,Male,59,2,34886.69,1,1,1,147034.16,1
2114,15002113,Cliente2114,800,France,Male,41,0,67599.48,2,1,0,138259.07,0
2115,15002114,Cliente2115,598,Germany,Male,56,0,137818.0,2,1,1,155828.23,1
2116,15002115,Cliente2116,409,France,Female,29,5,49879.18,3,1,0,129005.99,1
2117,15002116,Cliente2117,682,Spain,Female,49,10,42577.93,1,1,1,158343.78,0
2118,15002117,Cliente2118,555,Spain,Female,41,5,0.0,1,1,0,106766.75,0
2119,15002118,Cliente2119,505,Germany,Male,49,4,0.0,2,1,0,123769.08,0
2120,15002119,Cliente2120,611,Germany,Female,55,10,81693.66,1,1,1,169322.28,0
2121,15002120,Cliente2121,542,France,Female,49,2,64802.16,1,0,1,122103.43,1
2122,15002121,Cliente2122,744,France,Female,20,10,96039.53,1,0,1,159575.37,0
2123,15002122,Cliente2123,673,France,Male,31,8,117273.6,1,1,1,153834.65,0
2124,15002123,Cliente2124,707,France,Female,78,0,54631.88,1,1,1,198136.16,1
2125,15002124,Cliente2125,600,Germany,Female,77,2,119119.65,1,0,1,194786.54,0
2126,15002125,Cliente2126,645,Spain,Male,44,4,170662.55,1,1,0,159533.13,0
2127,15002126,Cliente2127,606,Germany,Male,21,9,62375.98,3,1,1,151600.24,0
2128,15002127,Cliente2128,675,France,Male,48,2,107025.7,1,0,0,160643.32,1
2129,15002128,Cliente2129,462,Germany,Female,59,0,113214.47,2,1,1,159136.78,1
2130,15002129,Cliente2130,648,France,Male,48,4,71957.04,1,1,1,162315.53,1
2131,15002130,Cliente2131,738,France,Female,60,2,42983.79,1,1,1,149778.17,0
2132,15002131,Cliente2132,795,Spain,Male,31,3,70510.28,1,1,0,147691.77,0
2133,15002132,Cliente2133,721,France,Male,20,6,8966.68,2,0,1,132810.61,0
2134,15002133,Cliente2134,662,Germany,Male,48,5,0.0,1,1,0,149189.06,0
2135,15002134,Cliente2135,505,Germany,Female,65,7,70345.87,2,1,1,153250.83,0
2136,15002135,Cliente2136,663,France,Male,42,1,98414.68,1,1,0,150969.35,1
2137,15002136,Cliente2137,483,France,Male,41,5,67847.97,1,1,1,141994.58,0
2138,15002137,Cliente2138,573,Spain,Male,38,10,76973.81,3,1,1,153821.53,0
2139,15002138,Cliente2139,632,France,Male,67,2,0.0,2,1,1,168923.64,0
2140,15002139,Cliente2140,626,France,Female,57,5,59169.83,1,1,0,188498.83,1
2141,15002140,Cliente2141,725,France,Male,35,9,63701.06,1,1,1,171025.74,0
2142,15002141,Cliente2142,625,France,Male,57,2,37819.6,3,1,0,146515.48,1
2143,15002142,Cliente2143,542,Spain,Female,80,10,0.0,1,0,0,165083.06,1
2144,15002143,Cliente2144,608,France,Female,47,4,121046.44,2,1,0,148439.32,1
2145,15002144,Cliente2145,585,Germany,Female,22,0,118258.26,3,1,0,115790.13,0
2146,15002145,Cliente2146,741,France,Female,72,9,56177.09,2,1,0,192149.33,1
2147,15002146,Cliente2147,524,France,Male,80,2,0.0,1,0,0,154715.46,1
2148,15002147,Cliente2148,607,Germany,Female,51,4,116039.34,2,1,1,170242.51,0
2149,15002148,Cliente2149,727,Spain,Male,31,7,73860.88,1,1,1,145260.74,0
2150,15002149,Cliente2150,576,France,Male,68,5,124716.79,1,0,0,171148.73,1
2151,15002150,Cliente2151,681,France,Male,29,8,0.0,1,1,0,123397.34,0
2152,15002151,Cliente2152,651,France,Male,51,9,0.0,2,0,1,160383.32,0
2153,15002152,Cliente2153,620,France,Male,22,8,65513.92,1,1,1,119170.7,0
2154,15002153,Cliente2154,499,Spain,Male,46,1,114609.97,2,0,0,149484.72,1
2155,15002154,Cliente2155,651,Germany,Male,21,2,0.0,2,1,0,113922.39,0
2156,15002155,Cliente2156,605,France,Male,67,10,71422.48,2,1,0,179530.0,0
2157,15002156,Cliente2157,673,France,Male,31,2,81348.61,3,0,1,144948.9,0
2158,15002157,Cliente2158,525,France,Female,52,10,0.0,1,1,1,150430.53,1
2159,15002158,Cliente2159,694,Germany,Female,74,4,0.0,1,1,0,168925.88,0
2160,15002159,Cliente2160,705,France,Female,76,2,135549.08,2,1,1,195872.86,0
2161,15002160,Cliente2161,768,Spain,Female,73,3,30144.79,2,0,1,190539.14,0
2162,15002161,Cliente2162,608,Spain,Female,63,3,123049.95,2,1,1,181032.17,0
2163,15002162,Cliente2163,590,France,Female,53,4,119999.51,2,1,0,162324.24,1
2164,15002163,Cliente2164,726,Germany,Male,72,6,123327.9,1,0,0,182922.1,1
2165,15002164,Cliente2165,560,France,Male,31,6,0.0,2,0,1,111950.44,0
2166,15002165,Cliente2166,576,Germany,Female,60,9,93452.27,1,1,1,147248.57,1
2167,15002166,Cliente2167,623,Spain,Female,38,5,58662.67,2,0,0,174369.46,1
2168,15002167,Cliente2168,553,France,Male,60,2,0.0,1,1,0,147369.07,0
2169,15002168,Cliente2169,772,France,Female,66,2,156077.47,2,1,0,185016.05,0
2170,15002169,Cliente2170,731,Germany,Female,42,4,85468.5,1,1,0,168852.39,0
2171,15002170,Cliente2171,465,France,Female,65,0,0.0,2,1,1,149275.54,0
2172,15002171,Cliente2172,467,Spain,Male,68,10,94357.16,1,0,1,180838.54,1
2173,15002172,Cliente2173,594,France,Female,41,10,87638.41,2,0,1,162004.24,0
2174,15002173,Cliente2174,692,France,Male,74,10,178432.53,1,1,1,218112.2,0
2175,15002174,Cliente2175,708,Germany,Female,73,1,123870.49,2,1,1,187439.92,1
2176,15002175,Cliente2176,770,Germany,Male,38,7,55898.18,1,1,0,161206.88,0
2177,15002176,Cliente2177,674,France,Male,71,4,84070.05,1,0,0,177657.01,0
2178,15002177,Cliente2178,559,Spain,Female,25,4,76399.94,1,1,0,134142.33,0
2179,15002178,Cliente2179,686,France,Female,74,0,61593.13,2,1,0,189097.81,0
2180,15002179,Cliente2180,551,Spain,Female,19,3,0.0,2,1,0,116918.29,0
2181,15002180,Cliente2181,579,Germany,Male,20,3,84591.28,1,1,0,105537.35,0
2182,15002181,Cliente2182,513,Germany,Female,28,10,58518.86,1,1,0,102863.32,1
2183,15002182,Cliente2183,573,Germany,Female,39,9,22173.89,1,1,1,143432.58,0
2184,15002183,Cliente2184,597,France,Male,40,5,0.0,1,1,1,144397.13,0
2185,15002184,Cliente2185,601,France,Male,27,4,63006.6,1,0,1,127923.02,0
2186,15002185,Cliente2186,800,France,Female,26,9,105991.7,1,1,0,135135.05,0
2187,15002186,Cliente2187,658,France,Female,30,1,47360.75,2,0,1,114540.18,0
2188,15002187,Cliente2188,680,France,Female,36,8,109203.24,1,1,0,145731.25,0
2189,15002188,Cliente2189,663,France,Male,78,7,0.0,2,1,0,193073.23,1
2190,15002189,Cliente2190,785,Germany,Female,57,4,77892.59,2,1,1,171635.21,0
2191,15002190,Cliente2191,569,Germany,Female,63,4,0.0,3,1,0,151020.2,0
2192,15002191,Cliente2192,714,Germany,Male,25,1,47655.8,4,1,0,136652.04,0
2193,15002192,Cliente2193,577,Germany,Male,61,8,128358.08,2,1,1,178012.67,0
2194,15002193,Cliente2194,638,France,Female,51,4,143419.47,2,0,1,181135.33,0
2195,15002194,Cliente2195,692,Spain,Female,65,8,77811.14,2,1,0,192256.24,1
2196,15002195,Cliente2196,535,France,Male,72,8,72972.27,2,1,0,166101.27,0
2197,15002196,Cliente2197,617,Germany,Male,61,10,121698.72,3,1,1,189097.22,0
2198,15002197,Cliente2198,650,France,Female,28,10,129814.69,3,1,0,161335.05,0
2199,15002198,Cliente2199,693,France,Female,38,3,0.0,2,1,0,110859.78,0
2200,15002199,Cliente2200,631,France,Female,18,4,0.0,2,1,1,118662.3,0
2201,15002200,Cliente2201,850,France,Male,69,0,0.0,2,1,0,188807.71,0
2202,15002201,Cliente2202,810,Germany,Male,60,9,61005.29,2,0,1,203621.74,0
2203,15002202,Cliente2203,463,France,Male,59,8,47760.48,2,0,1,171674.79,1
2204,15002203,Cliente2204,660,Germany,Female,20,2,95675.82,1,1,0,105517.77,0
2205,15002204,Cliente2205,697,France,Male,57,8,142064.99,2,1,0,199240.5,1
2206,15002205,Cliente2206,679,Spain,Female,62,9,57959.88,2,0,0,163539.91,1
2207,15002206,Cliente2207,768,France,Male,76,5,0.0,1,1,1,206274.74,0
2208,15002207,Cliente2208,407,Germany,Female,57,3,0.0,1,1,0,143008.26,1
2209,15002208,Cliente2209,559,Germany,Female,38,5,104734.47,2,1,0,160375.28,0
2210,15002209,Cliente2210,781,Germany,Male,21,4,0.0,1,1,0,119384.98,0
2211,15002210,Cliente2211,753,Germany,Female,70,7,84132.9,2,1,0,200905.41,1
2212,15002211,Cliente2212,844,Germany,Female,62,8,29598.26,2,1,0,188247.19,1
2213,15002212,Cliente2213,791,France,Male,32,0,0.0,2,1,0,145896.49,0
2214,15002213,Cliente2214,541,France,Male,63,9,74195.77,2,1,0,159722.42,0
2215,15002214,Cliente2215,738,France,Female,40,10,109989.13,1,1,0,170927.48,0
2216,15002215,Cliente2216,626,Spain,Female,50,2,64359.55,1,0,0,137991.11,0
2217,15002216,Cliente2217,668,France,Female,33,0,46063.15,1,1,1,110907.91,0
2218,15002217,Cliente2218,655,France,Male,80,5,86530.31,1,1,1,194446.96,1
2219,15002218,Cliente2219,610,Germany,Female,56,1,0.0,1,1,1,129468.83,0
2220,15002219,Cliente2220,607,Germany,Male,30,5,46118.23,2,0,0,120682.12,0
2221,15002220,Cliente2221,716,France,Male,58,2,109502.83,2,1,0,182413.48,1
2222,15002221,Cliente2222,604,France,Female,69,9,50612.66,1,1,1,203444.69,0
2223,15002222,Cliente2223,668,Spain,Female,46,4,0.0,2,1,0,161805.97,0
2224,15002223,Cliente2224,691,Germany,Female,59,6,0.0,3,1,1,193629.13,0
2225,15002224,Cliente2225,605,Spain,Male,22,8,92452.09,2,1,0,138182.62,0
2226,15002225,Cliente2226,626,Germany,Female,21,3,89055.98,1,1,1,141703.17,0
2227,15002226,Cliente2227,748,France,Female,29,10,46983.19,3,1,1,153933.94,0
2228,15002227,Cliente2228,506,France,Female,68,1,76488.57,3,1,1,169109.43,0
2229,15002228,Cliente2229,593,France,Male,71,3,98161.75,1,0,1,167515.48,1
2230,15002229,Cliente2230,536,France,Male,53,5,85913.95,1,1,0,145849.47,1
2231,15002230,Cliente2231,668,Germany,Male,69,1,77277.21,4,0,0,192116.08,0
2232,15002231,Cliente2232,850,Germany,Female,33,0,73506.95,4,1,0,165926.49,0
2233,15002232,Cliente2233,546,Spain,Female,25,5,383.08,1,1,0,88374.19,0
2234,15002233,Cliente2234,754,Spain,Female,77,9,132789.08,1,1,1,203866.11,1
2235,15002234,Cliente2235,771,Spain,Female,21,3,83818.39,2,1,1,129552.89,0
2236,15002235,Cliente2236,468,Spain,Female,58,5,139430.05,1,1,0,147177.04,1
2237,15002236,Cliente2237,536,France,Male,22,4,50548.76,1,1,0,115652.06,0
2238,15002237,Cliente2238,648,France,Male,43,5,0.0,2,1,1,141492.88,0
2239,15002238,Cliente2239,566,France,Female,77,8,95473.97,1,0,0,213767.34,0
2240,15002239,Cliente2240,674,Germany,Female,67,2,88545.54,1,1,1,170668.33,1
2241,15002240,Cliente2241,766,France,Male,38,10,0.0,1,1,1,146888.6,0
2242,15002241,Cliente2242,710,France,Male,52,9,109991.1,1,1,1,163178.17,0
2243,15002242,Cliente2243,633,Spain,Male,39,2,72010.86,1,1,1,137403.14,0
2244,15002243,Cliente2244,698,France,Male,62,8,89722.53,3,1,1,216306.62,0
2245,15002244,Cliente2245,680,Spain,Female,45,1,92902.97,2,1,0,128921.31,1
2246,15002245,Cliente2246,542,France,Female,74,1,144199.41,2,1,0,166823.99,1
2247,15002246,Cliente2247,599,France,Male,19,8,0.0,1,0,1,128264.01,1
2248,15002247,Cliente2248,690,Germany,Female,76,10,94539.76,3,0,1,211863.11,0
2249,15002248,Cliente2249,644,Spain,Female,46,6,0.0,1,1,0,125048.07,1
2250,15002249,Cliente2250,677,Spain,Male,26,4,74493.09,3,1,1,147350.69,0
2251,15002250,Cliente2251,726,France,Male,45,0,0.0,2,1,1,169421.88,0
2252,15002251,Cliente2252,444,France,Female,54,1,116771.43,2,1,0,167019.71,1
2253,15002252,Cliente2253,776,Germany,Female,49,0,0.0,2,0,0,152569.58,0
2254,15002253,Cliente2254,488,France,Female,42,1,13996.39,1,1,1,107720.87,0
2255,15002254,Cliente2255,651,France,Male,56,3,175331.6,2,1,1,172419.04,0
2256,15002255,Cliente2256,663,France,Female,47,7,59453.92,1,1,1,157501.57,0
2257,15002256,Cliente2257,638,France,Female,38,1,83199.88,1,1,0,125243.31,0
2258,15002257,Cliente2258,666,France,Male,20,2,0.0,1,1,1,113479.33,0
2259,15002258,Cliente2259,602,France,Female,56,6,115058.81,3,1,0,170353.32,0
2260,15002259,Cliente2260,588,Spain,Male,26,7,0.0,2,0,0,143045.1,0
2261,15002260,Cliente2261,641,Germany,Female,21,5,63496.46,2,1,0,122275.03,0
2262,15002261,Cliente2262,665,Spain,Male,70,8,146234.09,4,1,1,200387.02,0
2263,15002262,Cliente2263,591,Germany,Male,27,10,0.0,4,1,1,123140.88,1
2264,15002263,Cliente2264,677,France,Male,67,0,149814.37,2,0,1,191826.5,0
2265,15002264,Cliente2265,576,Spain,Male,79,6,130777.08,1,0,1,177228.55,0
2266,15002265,Cliente2266,600,France,Female,28,9,130957.29,1,0,1,145096.15,0
2267,15002266,Cliente2267,629,Germany,Female,71,4,149702.23,2,1,1,193466.9,0
2268,15002267,Cliente2268,687,Spain,Female,62,8,106874.92,2,0,1,190087.8,0
2269,15002268,Cliente2269,623,France,Male,54,0,0.0,3,1,1,155462.89,0
2270,15002269,Cliente2270,682,France,Female,49,4,70094.04,1,1,1,166647.38,1
2271,15002270,Cliente2271,786,France,Female,45,6,0.0,2,0,1,174481.86,0
2272,15002271,Cliente2272,609,Germany,Male,74,8,0.0,2,1,0,157602.37,1
2273,15002272,Cliente2273,760,Spain,Male,42,10,0.0,1,1,1,162068.87,0
2274,15002273,Cliente2274,537,France,Female,42,5,118862.76,3,1,0,158538.59,1
2275,15002274,Cliente2275,704,France,Female,45,1,0.0,2,1,0,149029.47,0
2276,15002275,Cliente2276,633,Spain,Female,37,6,156569.33,1,0,1,153399.03,0
2277,15002276,Cliente2277,828,France,Female,44,2,0.0,1,0,0,140933.1,0
2278,15002277,Cliente2278,606,Spain,Female,19,1,999.73,2,1,0,116896.52,0
2279,15002278,Cliente2279,578,France,Male,35,9,24728.22,2,1,1,146566.56,0
2280,15002279,Cliente2280,738,France,Female,33,5,56519.25,2,0,1,144829.54,0
2281,15002280,Cliente2281,684,France,Female,30,7,33517.19,1,1,1,137791.85,0
2282,15002281,Cliente2282,655,Germany,Female,18,1,0.0,1,1,1,85903.5,0
2283,15002282,Cliente2283,443,France,Male,37,7,81405.38,2,1,1,122343.03,1
2284,15002283,Cliente2284,682,Germany,Female,47,9,93656.38,1,1,1,154966.83,1
2285,15002284,Cliente2285,639,Germany,Female,33,0,86903.33,1,1,1,123051.36,0
2286,15002285,Cliente2286,656,Spain,Male,36,1,123689.06,1,1,1,137000.6,0
2287,15002286,Cliente2287,582,Germany,Male,71,8,99864.45,2,0,1,210493.5,0
2288,15002287,Cliente2288,759,France,Female,44,5,74227.7,2,1,1,173776.29,0
2289,15002288,Cliente2289,647,Spain,Female,53,4,54866.81,1,1,1,162178.16,0
2290,15002289,Cliente2290,627,Germany,Male,28,8,75898.07,2,0,0,134015.83,0
2291,15002290,Cliente2291,515,France,Female,67,3,88715.35,2,1,0,164545.77,0
2292,15002291,Cliente2292,631,Spain,Male,51,10,0.0,1,1,0,158794.39,0
2293,15002292,Cliente2293,555,Spain,Male,46,9,69638.17,3,1,1,159517.54,1
2294,15002293,Cliente2294,764,France,Female,58,6,0.0,1,0,0,167397.37,1
2295,15002294,Cliente2295,669,Spain,Female,60,10,116138.75,2,1,0,178682.85,1
2296,15002295,Cliente2296,596,Spain,Male,40,4,0.0,1,1,0,133866.67,0
2297,15002296,Cliente2297,632,France,Male,26,0,0.0,1,1,1,108967.36,0
2298,15002297,Cliente2298,771,France,Female,34,5,61666.86,1,0,1,139395.17,0
2299,15002298,Cliente2299,659,France,Female,41,10,16727.87,2,0,0,162716.39,1
2300,15002299,Cliente2300,646,Spain,Female,61,10,63879.59,1,0,1,182162.36,1
2301,15002300,Cliente2301,805,Spain,Male,61,7,114855.93,1,1,1,175195.01,0
2302,15002301,Cliente2302,679,Spain,Male,68,9,102077.98,2,0,0,174699.24,0
2303,15002302,Cliente2303,724,Spain,Female,65,4,122890.96,1,1,1,160703.92,1
2304,15002303,Cliente2304,617,France,Female,42,5,137818.1,3,1,1,181288.78,0
2305,15002304,Cliente2305,615,Spain,Female,52,9,22109.16,1,1,1,161865.42,0
2306,15002305,Cliente2306,719,France,Male,62,10,0.0,1,1,0,189006.61,1
2307,15002306,Cliente2307,643,Germany,Male,31,9,75108.77,2,1,1,146172.33,0
2308,15002307,Cliente2308,678,Spain,Male,77,3,116039.55,2,1,1,209347.14,1
2309,15002308,Cliente2309,642,France,Male,64,5,99485.63,2,1,1,179200.71,0
2310,15002309,Cliente2310,647,Germany,Male,59,0,112214.57,1,1,0,168916.54,1
2311,15002310,Cliente2311,636,Germany,Male,39,8,66750.38,2,0,1,121191.09,0
2312,15002311,Cliente2312,535,France,Male,70,10,75575.99,2,1,1,184808.83,1
2313,15002312,Cliente2313,758,Germany,Female,29,8,0.0,2,0,1,160588.79,0
2314,15002313,Cliente2314,596,France,Male,80,9,152226.17,1,1,0,193817.66,1
2315,15002314,Cliente2315,545,Spain,Male,49,3,0.0,1,0,0,144280.04,0
2316,15002315,Cliente2316,654,Germany,Male,49,6,0.0,2,0,0,134463.67,1
2317,15002316,Cliente2317,591,Spain,Female,71,5,81495.92,3,1,1,174174.66,1
2318,15002317,Cliente2318,754,Spain,Male,79,0,140488.78,1,1,0,187370.93,0
2319,15002318,Cliente2319,702,Germany,Male,56,9,88083.38,2,0,1,174398.96,0
2320,15002319,Cliente2320,597,France,Male,28,7,73812.9,1,1,1,137165.52,0
2321,15002320,Cliente2321,572,Spain,Male,70,0,200160.3,2,1,0,187577.12,1
2322,15002321,Cliente2322,702,France,Male,53,7,30612.75,1,1,0,176525.84,0
2323,15002322,Cliente2323,588,France,Male,58,3,99084.11,2,0,0,168787.85,1
2324,15002323,Cliente2324,531,France,Female,48,1,101290.32,3,0,1,145150.28,1
2325,15002324,Cliente2325,506,France,Female,47,9,124721.51,3,0,1,164787.9,1
2326,15002325,Cliente2326,707,Spain,Male,49,2,123975.28,1,0,0,157256.24,0
2327,15002326,Cliente2327,514,Germany,Male,41,6,0.0,2,1,1,125606.68,1
2328,15002327,Cliente2328,547,France,Male,19,3,94258.26,2,1,0,94372.93,0
2329,15002328,Cliente2329,706,France,Female,30,7,86258.96,2,0,1,153881.38,0
2330,15002329,Cliente2330,715,Germany,Female,79,10,171406.57,1,0,1,223283.75,0
2331,15002330,Cliente2331,548,France,Male,63,7,125470.82,1,1,1,175669.79,0
2332,15002331,Cliente2332,595,Germany,Male,26,0,102265.42,2,1,1,131590.26,0
2333,15002332,Cliente2333,730,France,Female,27,0,0.0,1,1,0,136783.88,0
2334,15002333,Cliente2334,665,Germany,Female,24,0,0.0,1,0,0,104153.78,0
2335,15002334,Cliente2335,608,France,Female,36,3,57777.24,1,0,1,147125.59,0
2336,15002335,Cliente2336,657,France,Female,68,2,104046.38,1,0,1,193675.42,0
2337,15002336,Cliente2337,682,France,Male,35,7,137422.73,2,1,1,161234.22,0
2338,15002337,Cliente2338,553,France,Female,70,5,61068.24,1,1,1,189422.47,0
2339,15002338,Cliente2339,560,Spain,Female,32,4,41370.1,2,1,1,123855.99,0
2340,15002339,Cliente2340,742,France,Male,42,4,0.0,2,1,0,156007.17,0
2341,15002340,Cliente2341,796,Germany,Female,42,10,0.0,3,0,1,168448.76,0
2342,15002341,Cliente2342,724,Germany,Female,55,4,70233.38,1,1,1,182442.46,1
2343,15002342,Cliente2343,631,Spain,Female,69,2,117483.38,1,1,0,163455.15,1
2344,15002343,Cliente2344,589,Spain,Male,68,6,116402.94,3,0,0,195204.59,1
2345,15002344,Cliente2345,652,France,Male,41,5,84859.85,1,1,1,147710.28,0
2346,15002345,Cliente2346,736,France,Female,76,3,97408.17,2,1,0,201419.11,1
2347,15002346,Cliente2347,754,Germany,Female,42,1,59069.78,2,1,0,153792.16,1
2348,15002347,Cliente2348,646,Germany,Female,27,6,91336.89,2,1,1,138753.68,0
2349,15002348,Cliente2349,681,Germany,Male,57,7,68535.97,1,1,1,169915.86,1
2350,15002349,Cliente2350,525,Spain,Male,63,5,98685.32,1,0,0,148860.53,1
2351,15002350,Cliente2351,636,Spain,Male,55,5,90010.93,3,1,0,165251.72,0
2352,15002351,Cliente2352,771,France,Male,49,4,0.0,2,1,1,173443.25,0
2353,15002352,Cliente2353,635,France,Male,25,3,48436.39,2,0,1,112417.88,1
2354,15002353,Cliente2354,686,Spain,Female,76,2,229562.88,1,1,1,215195.12,1
2355,15002354,Cliente2355,724,Spain,Female,62,7,142879.02,1,1,0,202441.03,1
2356,15002355,Cliente2356,717,Spain,Male,51,1,112943.99,2,1,0,169512.66,0
2357,15002356,Cliente2357,656,France,Male,76,10,86719.21,3,1,1,195624.98,1
2358,15002357,Cliente2358,600,Spain,Male,22,3,0.0,2,1,1,117106.65,0
2359,15002358,Cliente2359,464,Spain,Female,60,10,0.0,2,1,1,167400.97,1
2360,15002359,Cliente2360,549,France,Male,79,9,111448.3,2,0,1,197911.41,1
2361,15002360,Cliente2361,621,Spain,Male,45,3,57536.77,2,1,1,147427.82,0
2362,15002361,Cliente2362,708,France,Female,77,10,96080.74,1,1,1,223153.1,1
2363,15002362,Cliente2363,665,Germany,Male,18,0,0.0,3,1,0,117022.86,0
2364,15002363,Cliente2364,744,France,Female,24,1,55020.3,1,0,1,122094.9,0
2365,15002364,Cliente2365,544,France,Female,43,2,123818.43,3,1,1,137570.04,0
2366,15002365,Cliente2366,496,France,Female,29,10,17716.36,1,1,0,106453.86,1
2367,15002366,Cliente2367,698,Germany,Female,41,10,35869.44,1,0,0,145843.95,0
2368,15002367,Cliente2368,798,Germany,Male,23,3,103225.55,1,1,1,123480.91,0
2369,15002368,Cliente2369,664,France,Male,65,8,0.0,1,1,0,175134.33,1
2370,15002369,Cliente2370,601,Spain,Female,48,2,74548.03,2,1,0,152047.59,0
2371,15002370,Cliente2371,723,France,Female,54,2,24850.9,1,0,1,144928.39,1
2372,15002371,Cliente2372,767,France,Male,25,1,92337.93,2,1,0,127968.95,0
2373,15002372,Cliente2373,544,France,Female,67,4,0.0,2,1,1,154814.5,0
2374,15002373,Cliente2374,618,Spain,Male,71,2,174938.82,1,1,1,174338.57,0
2375,15002374,Cliente2375,733,Germany,Female,75,4,0.0,1,1,1,172188.0,0
2376,15002375,Cliente2376,668,Spain,Female,40,1,65329.98,4,1,1,153739.38,1
2377,15002376,Cliente2377,580,Germany,Female,40,10,154332.41,2,1,1,179955.35,0
2378,15002377,Cliente2378,622,Spain,Female,59,3,0.0,2,1,0,155106.75,0
2379,15002378,Cliente2379,573,Germany,Female,77,2,0.0,1,1,0,153897.46,1
2380,15002379,Cliente2380,524,France,Female,54,10,114174.64,2,1,0,165309.26,1
2381,15002380,Cliente2381,674,Spain,Male,57,4,79650.91,2,1,0,159979.9,0
2382,15002381,Cliente2382,538,Germany,Male,77,9,103189.29,1,1,1,171669.03,0
2383,15002382,Cliente2383,637,Spain,Female,69,9,0.0,2,0,0,167172.34,0
2384,15002383,Cliente2384,568,Germany,Female,71,8,148670.68,2,0,1,217615.9,1
2385,15002384,Cliente2385,684,Spain,Male,36,4,78311.05,1,0,1,145635.24,1
2386,15002385,Cliente2386,617,France,Male,67,8,109845.84,2,1,1,194905.34,0
2387,15002386,Cliente2387,625,Germany,Female,48,3,93312.84,1,1,0,154177.99,0
2388,15002387,Cliente2388,516,Spain,Male,18,5,0.0,1,1,1,109434.8,0
2389,15002388,Cliente2389,666,France,Female,28,2,53372.12,2,1,1,135132.02,0
2390,15002389,Cliente2390,609,France,Female,44,3,0.0,1,1,0,130240.5,0
2391,15002390,Cliente2391,578,France,Female,38,7,92805.4,1,1,0,144832.63,0
2392,15002391,Cliente2392,681,France,Male,59,4,107207.17,2,1,0,176953.38,0
2393,15002392,Cliente2393,722,Spain,Male,73,10,0.0,1,1,1,213679.71,0
2394,15002393,Cliente2394,788,Spain,Female,45,6,78246.07,1,1,1,159991.97,0
2395,15002394,Cliente2395,662,Germany,Male,44,5,101388.27,4,1,1,170838.38,1
2396,15002395,Cliente2396,665,France,Male,24,5,0.0,2,1,0,121957.04,0
2397,15002396,Cliente2397,566,Germany,Male,69,3,70090.53,2,1,0,168104.29,1
2398,15002397,Cliente2398,589,France,Male,30,5,139057.86,1,0,0,145588.39,1
2399,15002398,Cliente2399,744,Spain,Male,46,3,0.0,1,1,1,180202.18,0
2400,15002399,Cliente2400,608,Spain,Female,59,3,68021.97,3,1,0,167295.1,1
2401,15002400,Cliente2401,799,Spain,Male,80,1,104364.79,1,1,1,212820.89,0
2402,15002401,Cliente2402,542,Germany,Male,19,1,31188.94,1,0,1,92604.27,0
2403,15002402,Cliente2403,634,France,Female,39,7,83224.04,2,1,0,139672.0,0
2404,15002403,Cliente2404,631,Germany,Male,50,6,0.0,2,0,0,145834.16,0
2405,15002404,Cliente2405,591,Spain,Male,36,2,0.0,3,1,0,152425.1,0
2406,15002405,Cliente2406,622,Germany,Female,42,7,39950.95,2,1,1,163769.29,0
2407,15002406,Cliente2407,632,France,Male,32,4,45745.75,1,0,1,145306.27,0
2408,15002407,Cliente2408,663,France,Female,24,10,41710.01,2,1,0,147330.28,1
2409,15002408,Cliente2409,641,Germany,Female,37,7,41516.1,1,0,0,135595.85,0
2410,15002409,Cliente2410,736,France,Male,67,9,79328.87,2,0,0,187813.9,1
2411,15002410,Cliente2411,850,Germany,Male,55,8,0.0,1,0,1,168515.98,0
2412,15002411,Cliente2412,712,France,Male,59,6,122710.8,1,1,1,192402.98,0
2413,15002412,Cliente2413,683,France,Male,23,4,52561.05,2,1,1,123584.56,0
2414,15002413,Cliente2414,565,Spain,Female,75,6,108493.69,2,1,1,197037.01,0
2415,15002414,Cliente2415,603,France,Male,66,4,100118.72,3,1,1,191754.41,0
2416,15002415,Cliente2416,505,Spain,Female,62,1,0.0,1,1,0,159257.84,1
2417,15002416,Cliente2417,690,Germany,Male,71,6,0.0,1,1,0,183228.87,1
2418,15002417,Cliente2418,524,Germany,Female,71,6,0.0,1,0,1,154803.71,0
2419,15002418,Cliente2419,707,France,Male,72,2,146920.89,2,0,0,193905.14,0
2420,15002419,Cliente2420,585,France,Female,65,0,50040.17,1,1,0,154789.79,1
2421,15002420,Cliente2421,680,France,Male,49,1,0.0,1,1,0,127475.25,0
2422,15002421,Cliente2422,694,France,Female,36,3,50141.5,1,1,1,118156.98,0
2423,15002422,Cliente2423,490,France,Male,79,1,98493.43,1,1,1,174080.34,0
2424,15002423,Cliente2424,582,France,Female,57,1,0.0,2,0,1,139988.97,0
2425,15002424,Cliente2425,680,France,Female,19,1,0.0,2,1,0,104296.23,0
2426,15002425,Cliente2426,691,France,Male,66,10,122629.88,2,0,1,191938.04,0
2427,15002426,Cliente2427,718,Spain,Male,54,7,0.0,2,0,1,162458.0,0
2428,15002427,Cliente2428,621,France,Male,60,8,0.0,1,0,1,165671.93,0
2429,15002428,Cliente2429,642,Spain,Female,40,3,59045.63,3,1,0,150559.85,0
2430,15002429,Cliente2430,802,Spain,Male,26,2,0.0,2,0,0,121061.92,0
2431,15002430,Cliente2431,667,France,Female,28,1,118597.78,1,1,0,140295.97,0
2432,15002431,Cliente2432,720,Spain,Male,63,9,95845.04,2,0,0,190780.85,0
2433,15002432,Cliente2433,628,Spain,Female,22,3,77016.16,1,1,0,109289.84,1
2434,15002433,Cliente2434,522,Spain,Female,79,4,143516.71,1,1,0,179429.8,1
2435,15002434,Cliente2435,690,France,Male,35,3,92973.17,1,0,0,148602.75,0
2436,15002435,Cliente2436,696,France,Male,48,3,58293.52,1,1,1,141404.17,1
2437,15002436,Cliente2437,730,Spain,Female,33,9,110782.7,1,1,1,142777.23,0
2438,15002437,Cliente2438,574,France,Male,61,7,133272.57,1,0,1,153300.5,0
2439,15002438,Cliente2439,590,France,Female,77,9,60249.54,1,1,1,200999.29,1
2440,15002439,Cliente2440,466,France,Female,29,2,0.0,1,0,1,107218.13,0
2441,15002440,Cliente2441,698,France,Male,56,5,57322.69,2,1,0,158967.13,0
2442,15002441,Cliente2442,719,Germany,Male,35,0,136167.28,1,1,1,141256.18,0
2443,15002442,Cliente2443,593,France,Female,26,8,138233.85,2,1,0,148740.12,0
2444,15002443,Cliente2444,613,Germany,Female,69,5,0.0,2,1,1,165268.82,0
2445,15002444,Cliente2445,632,France,Female,69,6,0.0,3,0,1,179210.82,0
2446,15002445,Cliente2446,785,France,Female,36,9,94937.11,3,1,1,178726.04,0
2447,15002446,Cliente2447,727,France,Male,41,0,0.0,1,1,1,126457.12,0
2448,15002447,Cliente2448,747,Germany,Female,46,2,0.0,2,0,0,163453.39,0
2449,15002448,Cliente2449,637,Spain,Female,75,8,0.0,1,1,0,171995.45,0
2450,15002449,Cliente2450,612,France,Female,26,5,104004.3,1,0,1,134697.28,0
2451,15002450,Cliente2451,744,France,Female,22,0,95789.65,2,1,1,128344.55,0
2452,15002451,Cliente2452,509,Spain,Female,54,0,90084.17,1,1,1,135072.31,1
2453,15002452,Cliente2453,694,Spain,Male,18,8,33394.08,2,1,0,142688.96,0
2454,15002453,Cliente2454,540,France,Female,51,10,99484.08,1,1,1,167015.43,1
2455,15002454,Cliente2455,717,Spain,Female,26,2,179677.28,2,1,0,152742.44,0
2456,15002455,Cliente2456,693,Germany,Female,57,1,56814.85,1,0,0,161342.93,0
2457,15002456,Cliente2457,574,Spain,Female,73,7,0.0,1,0,1,161172.93,0
2458,15002457,Cliente2458,669,France,Female,38,8,44192.94,1,1,1,152383.28,0
2459,15002458,Cliente2459,554,France,Female,72,1,92132.42,3,0,1,182210.31,1
2460,15002459,Cliente2460,561,Germany,Female,48,3,142284.46,3,1,0,159235.06,1
2461,15002460,Cliente2461,616,France,Male,78,8,110224.05,3,0,0,203405.43,1
2462,15002461,Cliente2462,585,France,Male,25,0,130285.03,2,0,1,127984.71,0
2463,15002462,Cliente2463,734,Spain,Male,54,3,88143.99,1,1,1,158155.92,0
2464,15002463,Cliente2464,827,France,Male,73,9,93487.89,1,0,1,215417.11,1
2465,15002464,Cliente2465,650,Germany,Female,59,1,161053.12,2,1,0,170004.52,1
2466,15002465,Cliente2466,649,Spain,Male,45,1,137120.09,1,0,1,147681.37,1
2467,15002466,Cliente2467,713,Spain,Female,51,8,54208.58,1,0,0,168457.65,0
2468,15002467,Cliente2468,622,France,Male,26,0,0.0,3,1,0,119919.78,0
2469,15002468,Cliente2469,688,France,Male,49,2,0.0,2,1,0,146738.65,0
2470,15002469,Cliente2470,489,France,Female,56,4,55699.72,2,1,1,161128.96,1
2471,15002470,Cliente2471,590,Spain,Female,64,10,113308.71,1,1,1,182144.89,1
2472,15002471,Cliente2472,518,Germany,Female,66,1,56692.14,1,0,1,153384.71,1
2473,15002472,Cliente2473,487,Germany,Female,71,5,117139.16,3,0,0,180726.84,1
2474,15002473,Cliente2474,730,France,Female,51,7,0.0,3,0,0,171243.22,0
2475,15002474,Cliente2475,623,France,Female,72,1,80793.14,1,1,0,178270.9,1
2476,15002475,Cliente2476,782,France,Male,68,10,0.0,1,1,0,204898.8,0
2477,15002476,Cliente2477,777,France,Female,58,9,59219.47,1,1,0,190286.04,0
2478,15002477,Cliente2478,643,France,Male,25,1,0.0,1,1,0,119834.46,0
2479,15002478,Cliente2479,613,France,Male,70,8,109648.58,1,0,0,176136.47,1
2480,15002479,Cliente2480,585,France,Female,77,8,113061.67,1,0,0,162760.44,1
2481,15002480,Cliente2481,441,Spain,Male,40,8,84100.96,3,1,0,138674.25,1
2482,15002481,Cliente2482,603,Spain,Female,26,5,0.0,1,0,0,113394.78,0
2483,15002482,Cliente2483,625,France,Male,50,7,106083.13,2,0,0,169863.67,1
2484,15002483,Cliente2484,591,Germany,Male,48,1,59673.93,2,1,1,149677.33,0
2485,15002484,Cliente2485,566,France,Male,76,6,132328.92,1,1,0,177276.65,1
2486,15002485,Cliente2486,641,France,Male,62,4,150305.46,3,0,1,210820.78,0
2487,15002486,Cliente2487,617,France,Female,23,6,0.0,1,1,1,109607.63,0
2488,15002487,Cliente2488,660,Spain,Female,53,6,11879.78,1,1,1,140065.44,0
2489,15002488,Cliente2489,565,France,Female,63,2,123785.98,1,0,1,153326.91,0
2490,15002489,Cliente2490,808,France,Male,43,3,0.0,1,1,0,154562.1,0
2491,15002490,Cliente2491,694,France,Female,39,2,52481.12,1,0,0,154764.59,0
2492,15002491,Cliente2492,635,France,Male,74,1,170898.82,1,1,1,178701.08,1
2493,15002492,Cliente2493,582,Spain,Female,54,2,71372.57,1,1,0,160070.43,1
2494,15002493,Cliente2494,566,France,Female,26,6,130889.61,1,1,0,122942.25,0
2495,15002494,Cliente2495,715,France,Male,31,2,122898.78,1,0,1,150387.34,0
2496,15002495,Cliente2496,613,Germany,Female,65,9,146069.33,1,0,0,192506.58,1
2497,15002496,Cliente2497,652,Germany,Male,59,0,96999.68,1,0,1,180629.05,1
2498,15002497,Cliente2498,683,France,Male,28,3,0.0,1,1,0,115771.21,0
2499,15002498,Cliente2499,602,Germany,Male,79,9,86049.06,2,1,1,194302.23,0
2500,15002499,Cliente2500,670,Germany,Female,24,0,113866.94,2,0,0,113395.11,0
2501,15002500,Cliente2501,490,France,Male,79,6,133042.22,4,1,1,185813.52,1
2502,15002501,Cliente2502,566,Spain,Male,28,6,85208.88,3,1,0,152052.95,1
2503,15002502,Cliente2503,484,Spain,Male,37,9,99359.82,3,1,1,150250.21,0
2504,15002503,Cliente2504,613,Spain,Male,61,10,81870.28,1,0,1,164939.6,1
2505,15002504,Cliente2505,612,France,Male,49,2,0.0,1,1,1,121274.22,0
2506,15002505,Cliente2506,797,Germany,Female,21,10,45396.39,1,1,1,122051.57,0
2507,15002506,Cliente2507,581,Germany,Male,50,0,101994.87,2,1,0,143169.66,1
2508,15002507,Cliente2508,660,France,Female,54,9,11530.67,1,1,0,161650.71,0
2509,15002508,Cliente2509,683,Spain,Male,58,3,133902.86,2,0,0,162545.69,1
2510,15002509,Cliente2510,766,Spain,Female,59,1,86653.79,1,1,0,171690.45,1
2511,15002510,Cliente2511,686,France,Female,76,5,0.0,2,1,0,172782.04,1
2512,15002511,Cliente2512,710,France,Male,54,5,0.0,2,0,1,145643.2,0
2513,15002512,Cliente2513,799,France,Female,56,2,0.0,2,1,0,164553.31,0
2514,15002513,Cliente2514,505,Germany,Male,36,5,0.0,2,0,1,135032.59,1
2515,15002514,Cliente2515,598,Spain,Female,55,10,0.0,2,0,1,149734.08,1
2516,15002515,Cliente2516,615,France,Female,28,1,117397.71,2,1,0,130688.76,0
2517,15002516,Cliente2517,641,France,Female,22,5,0.0,2,1,0,102946.38,0
2518,15002517,Cliente2518,593,France,Female,42,0,0.0,2,1,0,113666.68,0
2519,15002518,Cliente2519,737,France,Female,26,3,130108.79,1,0,1,138877.51,1
2520,15002519,Cliente2520,594,France,Male,79,6,110819.29,1,1,1,186816.94,0
2521,15002520,Cliente2521,591,France,Male,70,1,83156.08,1,1,1,148371.61,1
2522,15002521,Cliente2522,686,France,Male,34,0,109113.01,1,1,1,144111.56,0
2523,15002522,Cliente2523,584,Germany,Female,22,8,0.0,2,1,1,125475.47,0
2524,15002523,Cliente2524,557,Spain,Male,56,9,0.0,1,1,1,143575.45,1
2525,15002524,Cliente2525,536,Germany,Male,64,4,121108.65,1,1,1,163369.45,1
2526,15002525,Cliente2526,635,France,Male,27,5,50735.28,3,1,0,157703.67,0
2527,15002526,Cliente2527,732,France,Female,74,9,51885.34,2,1,1,203800.03,0
2528,15002527,Cliente2528,713,France,Male,24,1,64973.39,1,0,1,110674.89,0
2529,15002528,Cliente2529,684,France,Female,76,7,99794.08,2,1,1,192299.53,1
2530,15002529,Cliente2530,656,Germany,Male,47,4,0.0,1,1,1,138728.85,0
2531,15002530,Cliente2531,598,Spain,Female,30,8,121996.13,1,1,0,151227.52,0
2532,15002531,Cliente2532,638,France,Male,56,7,111996.75,1,1,0,191504.09,1
2533,15002532,Cliente2533,542,France,Female,31,0,71317.33,1,1,1,131696.61,0
2534,15002533,Cliente2534,659,Spain,Female,35,2,100244.61,2,0,0,158287.74,1
2535,15002534,Cliente2535,730,Spain,Female,60,10,0.0,2,1,0,199576.4,0
2536,15002535,Cliente2536,508,Spain,Female,75,2,150572.65,1,0,0,173781.44,1
2537,15002536,Cliente2537,758,Germany,Female,58,9,122382.68,1,0,0,195654.01,1
2538,15002537,Cliente2538,462,France,Female,75,3,0.0,1,1,0,136685.04,1
2539,15002538,Cliente2539,580,France,Male,26,5,100238.46,1,1,1,112581.77,0
2540,15002539,Cliente2540,554,Spain,Male,23,1,71704.55,1,0,1,104892.55,0
2541,15002540,Cliente2541,585,Germany,Male,27,2,0.0,1,1,0,115191.73,0
2542,15002541,Cliente2542,615,Germany,Male,69,0,54941.62,1,0,1,140176.11,1
2543,15002542,Cliente2543,752,Germany,Female,74,9,70831.39,2,0,0,196268.67,0
2544,15002543,Cliente2544,560,France,Male,27,10,86174.14,1,0,0,127526.7,0
2545,15002544,Cliente2545,567,Spain,Male,68,4,133769.64,1,0,1,155703.99,0
2546,15002545,Cliente2546,582,France,Female,41,7,62819.74,3,1,1,165539.81,0
2547,15002546,Cliente2547,598,France,Female,79,10,71282.5,2,1,1,208086.36,1
2548,15002547,Cliente2548,591,Spain,Male,63,9,0.0,2,1,1,164035.42,0
2549,15002548,Cliente2549,532,France,Female,74,5,0.0,1,0,1,154013.35,0
2550,15002549,Cliente2550,666,France,Male,42,7,161576.78,1,0,1,164055.24,0
2551,15002550,Cliente2551,633,Germany,Male,63,8,147108.09,1,0,0,178696.44,1
2552,15002551,Cliente2552,729,France,Female,64,2,112250.35,3,1,1,189237.72,1
2553,15002552,Cliente2553,749,Germany,Male,46,7,85285.66,1,1,0,163042.54,0
2554,15002553,Cliente2554,512,France,Female,55,7,94370.82,2,0,1,154144.45,0
2555,15002554,Cliente2555,778,France,Female,34,3,98816.49,1,1,1,138537.82,1
2556,15002555,Cliente2556,688,France,Female,73,5,0.0,2,0,1,160205.86,0
2557,15002556,Cliente2557,752,Spain,Male,78,8,0.0,2,1,1,205555.94,0
2558,15002557,Cliente2558,637,Germany,Male,25,2,43131.74,3,0,1,120982.79,0
2559,15002558,Cliente2559,700,Spain,Male,70,8,144656.75,2,1,1,198862.56,1
2560,15002559,Cliente2560,693,France,Female,76,4,0.0,1,0,1,186754.4,0
2561,15002560,Cliente2561,759,France,Female,19,8,77072.45,1,1,0,136643.3,0
2562,15002561,Cliente2562,593,Germany,Male,69,4,0.0,1,1,1,169009.47,1
2563,15002562,Cliente2563,594,France,Male,37,1,0.0,2,1,1,127123.38,0
2564,15002563,Cliente2564,624,Spain,Male,60,10,65624.37,2,1,1,180727.05,0
2565,15002564,Cliente2565,760,France,Male,74,2,120303.2,2,1,1,201448.02,0
2566,15002565,Cliente2566,775,France,Male,65,9,60605.3,2,1,1,210981.07,0
2567,15002566,Cliente2567,551,Germany,Male,61,3,0.0,1,0,1,166050.86,0
2568,15002567,Cliente2568,691,France,Male,58,2,100206.6,1,1,1,176390.73,1
2569,15002568,Cliente2569,643,Germany,Male,50,3,0.0,2,1,0,138861.63,1
2570,15002569,Cliente2570,626,Spain,Female,18,0,0.0,2,0,1,113967.9,0
2571,15002570,Cliente2571,692,France,Female,25,6,0.0,3,1,0,144252.01,0
2572,15002571,Cliente2572,805,Germany,Female,30,6,0.0,1,1,0,118040.82,1
2573,15002572,Cliente2573,697,Spain,Female,61,2,80857.98,1,1,1,176226.55,0
2574,15002573,Cliente2574,608,France,Female,48,0,81322.56,4,1,0,140172.34,0
2575,15002574,Cliente2575,594,France,Female,49,1,58265.19,1,1,0,157790.87,1
2576,15002575,Cliente2576,690,France,Female,31,10,188243.46,2,1,0,154424.66,1
2577,15002576,Cliente2577,670,Germany,Female,20,1,174113.04,1,1,1,126144.35,0
2578,15002577,Cliente2578,744,Spain,Female,39,10,85577.64,2,1,1,181296.19,0
2579,15002578,Cliente2579,767,France,Male,62,8,117675.31,2,0,1,188875.24,0
2580,15002579,Cliente2580,670,Germany,Male,24,5,73736.37,1,1,0,126442.08,0
2581,15002580,Cliente2581,701,France,Female,69,8,0.0,1,1,1,178924.51,0
2582,15002581,Cliente2582,791,Germany,Male,52,1,81112.13,3,1,1,182544.79,0
2583,15002582,Cliente2583,759,Germany,Male,40,10,196456.37,1,1,1,198162.98,0
2584,15002583,Cliente2584,573,Spain,Female,44,7,0.0,2,1,1,130144.25,0
2585,15002584,Cliente2585,528,France,Female,69,4,29805.48,2,1,0,170074.11,1
2586,15002585,Cliente2586,533,France,Male,63,9,0.0,2,0,1,176639.22,0
2587,15002586,Cliente2587,500,France,Female,20,0,0.0,2,1,0,89724.73,0
2588,15002587,Cliente2588,682,France,Female,28,6,0.0,3,0,1,153397.22,0
2589,15002588,Cliente2589,543,France,Female,52,6,0.0,2,1,1,162099.05,0
2590,15002589,Cliente2590,707,France,Female,27,8,0.0,3,1,1,156161.44,0
2591,15002590,Cliente2591,579,France,Male,59,0,59352.8,1,0,1,160045.4,1
2592,15002591,Cliente2592,730,Spain,Male,25,8,0.0,2,0,1,138569.85,0
2593,15002592,Cliente2593,703,France,Male,56,0,105293.77,1,1,0,176516.63,1
2594,15002593,Cliente2594,662,Spain,Male,74,1,0.0,1,1,0,174297.3,1
2595,15002594,Cliente2595,687,Germany,Female,28,7,47215.14,1,1,0,146643.45,0
2596,15002595,Cliente2596,539,France,Male,62,6,93525.87,1,1,0,171001.57,1
2597,15002596,Cliente2597,439,France,Female,60,1,141860.08,3,1,1,160364.31,0
2598,15002597,Cliente2598,601,Germany,Male,73,3,0.0,2,1,1,168935.17,0
2599,15002598,Cliente2599,685,Spain,Male,77,2,93264.36,1,0,1,191232.27,1
2600,15002599,Cliente2600,536,France,Female,29,10,82359.6,3,1,1,136043.76,0
2601,15002600,Cliente2601,702,France,Female,23,6,110338.83,1,1,1,133316.99,0
2602,15002601,Cliente2602,697,Spain,Female,36,8,98794.54,1,1,1,141129.51,0
2603,15002602,Cliente2603,657,France,Female,55,1,130055.56,1,1,0,165516.49,0
2604,15002603,Cliente2604,668,Germany,Male,65,1,0.0,2,1,1,176096.03,0
2605,15002604,Cliente2605,638,Spain,Female,21,10,0.0,1,1,0,123803.51,0
2606,15002605,Cliente2606,658,Germany,Female,35,3,0.0,2,1,1,121378.96,0
2607,15002606,Cliente2607,538,Spain,Male,45,2,89130.74,2,1,1,139126.43,0
2608,15002607,Cliente2608,736,Spain,Female,39,4,107214.54,2,1,1,149356.66,0
2609,15002608,Cliente2609,675,France,Female,58,3,0.0,1,0,1,121373.55,0
2610,15002609,Cliente2610,692,Germany,Male,44,10,47383.54,2,0,0,189255.67,1
2611,15002610,Cliente2611,582,France,Male,45,4,0.0,2,1,0,148116.92,1
2612,15002611,Cliente2612,519,Spain,Female,47,8,81899.42,1,1,1,140532.57,0
2613,15002612,Cliente2613,750,Spain,Female,58,10,94299.44,1,1,0,175291.17,0
2614,15002613,Cliente2614,520,France,Male,26,9,86440.28,3,1,0,132437.48,0
2615,15002614,Cliente2615,617,Germany,Male,37,5,126569.03,2,0,0,148805.08,0
2616,15002615,Cliente2616,636,Germany,Female,77,1,62924.95,3,1,0,205562.92,1
2617,15002616,Cliente2617,667,Germany,Female,76,0,0.0,1,1,0,179152.4,0
2618,15002617,Cliente2618,673,Germany,Male,56,6,123131.36,2,1,0,165709.45,0
2619,15002618,Cliente2619,644,France,Male,44,2,92945.59,2,1,1,154437.1,1
2620,15002619,Cliente2620,524,Germany,Male,74,8,73931.4,1,1,0,179321.16,1
2621,15002620,Cliente2621,622,Germany,Female,75,7,65746.1,2,1,0,187711.21,1
2622,15002621,Cliente2622,638,Germany,Female,55,3,63098.47,1,1,0,157461.75,1
2623,15002622,Cliente2623,691,Germany,Male,51,3,132262.49,1,1,0,160919.19,1
2624,15002623,Cliente2624,666,Spain,Female,26,10,66366.0,2,1,0,132431.24,0
2625,15002624,Cliente2625,742,Germany,Male,26,1,69246.48,1,0,0,143613.86,0
2626,15002625,Cliente2626,717,Spain,Female,79,2,0.0,1,0,1,183183.27,0
2627,15002626,Cliente2627,537,Spain,Male,63,8,0.0,1,0,1,136442.21,0
2628,15002627,Cliente2628,651,France,Female,65,9,0.0,1,1,1,169306.46,0
2629,15002628,Cliente2629,683,Germany,Female,26,10,120633.97,2,0,1,137045.1,0
2630,15002629,Cliente2630,602,France,Female,71,8,107799.47,1,1,1,193475.77,0
2631,15002630,Cliente2631,774,France,Male,30,6,43913.62,2,1,0,157175.48,1
2632,15002631,Cliente2632,599,Germany,Female,60,10,30080.73,1,0,1,156118.38,1
2633,15002632,Cliente2633,536,France,Male,65,0,90893.75,1,1,0,151896.9,1
2634,15002633,Cliente2634,495,France,Male,19,8,108803.68,2,1,1,119194.9,0
2635,15002634,Cliente2635,606,France,Male,42,2,47045.97,2,0,0,154207.04,1
2636,15002635,Cliente2636,606,Spain,Male,78,7,110843.87,2,1,1,201537.97,1
2637,15002636,Cliente2637,614,France,Female,58,7,51791.52,2,1,1,179974.3,0
2638,15002637,Cliente2638,458,France,Male,21,6,154369.01,2,1,1,129708.34,0
2639,15002638,Cliente2639,647,Germany,Female,23,5,55622.14,2,1,0,133634.32,0
2640,15002639,Cliente2640,744,France,Female,21,2,33169.19,1,1,1,115405.63,0
2641,15002640,Cliente2641,592,France,Female,79,10,0.0,2,1,1,194910.37,1
2642,15002641,Cliente2642,698,France,Female,40,0,0.0,1,0,0,141481.62,0
2643,15002642,Cliente2643,594,Spain,Female,61,0,49271.89,1,0,0,134086.6,1
2644,15002643,Cliente2644,577,Spain,Male,39,4,84561.92,3,1,1,137416.22,0
2645,15002644,Cliente2645,762,France,Male,33,8,126339.14,2,1,1,167098.45,0
2646,15002645,Cliente2646,710,France,Male,51,4,73874.42,1,1,0,176200.47,0
2647,15002646,Cliente2647,724,France,Male,36,10,63441.57,1,0,1,143517.81,0
2648,15002647,Cliente2648,847,Germany,Female,56,3,26347.68,2,0,1,179426.58,0
2649,15002648,Cliente2649,649,France,Female,71,6,128725.33,3,1,1,178610.26,1
2650,15002649,Cliente2650,648,France,Female,69,4,92005.85,2,1,1,197713.97,1
2651,15002650,Cliente2651,662,Germany,Female,60,1,68078.69,1,1,0,174570.74,0
2652,15002651,Cliente2652,772,France,Female,79,3,146676.0,2,1,0,215167.32,0
2653,15002652,Cliente2653,730,Spain,Female,66,10,48537.84,1,0,0,179203.05,0
2654,15002653,Cliente2654,574,Spain,Male,67,1,145798.46,1,1,0,177725.42,1
2655,15002654,Cliente2655,580,Germany,Male,60,1,61720.77,1,1,1,157328.59,1
2656,15002655,Cliente2656,682,France,Male,75,7,139513.96,1,1,0,184379.38,1
2657,15002656,Cliente2657,693,Germany,Male,18,5,42794.42,2,1,0,107305.56,0
2658,15002657,Cliente2658,690,France,Female,78,2,67204.38,2,0,0,176011.89,0
2659,15002658,Cliente2659,697,Spain,Male,66,8,113271.64,2,1,0,175448.56,1
2660,15002659,Cliente2660,634,France,Male,57,4,91747.62,2,1,1,175875.75,0
2661,15002660,Cliente2661,702,Spain,Female,19,4,0.0,2,1,1,134193.54,0
2662,15002661,Cliente2662,705,France,Male,36,8,60538.01,4,1,1,152457.69,0
2663,15002662,Cliente2663,574,Spain,Female,22,10,66253.34,2,1,0,138087.58,0
2664,15002663,Cliente2664,543,Spain,Female,28,1,0.0,2,1,1,108996.56,0
2665,15002664,Cliente2665,670,Germany,Female,59,0,0.0,1,1,1,142898.23,0
2666,15002665,Cliente2666,615,Germany,Male,22,9,0.0,3,1,1,125316.29,0
2667,15002666,Cliente2667,528,Spain,Female,78,2,80128.03,1,1,1,183430.66,0
2668,15002667,Cliente2668,716,Germany,Female,58,10,89086.94,1,1,1,181747.88,1
2669,15002668,Cliente2669,686,France,Male,78,1,85856.5,1,1,1,191925.86,0
2670,15002669,Cliente2670,769,Germany,Female,76,6,0.0,2,1,1,190325.99,0
2671,15002670,Cliente2671,645,France,Male,44,7,88915.95,1,1,0,141113.44,0
2672,15002671,Cliente2672,656,France,Male,62,6,26409.02,1,0,1,154444.61,0
2673,15002672,Cliente2673,527,Spain,Female,28,2,57113.75,1,1,0,102814.23,0
2674,15002673,Cliente2674,770,Germany,Female,54,3,72365.08,3,1,0,160908.68,0
2675,15002674,Cliente2675,702,France,Male,60,9,99910.25,2,1,1,198024.75,0
2676,15002675,Cliente2676,726,France,Male,74,0,76053.58,3,0,0,196041.45,1
2677,15002676,Cliente2677,629,Spain,Male,44,0,0.0,2,1,1,134107.37,0
2678,15002677,Cliente2678,645,France,Female,60,6,0.0,1,0,1,150952.06,1
2679,15002678,Cliente2679,678,France,Female,62,3,98585.28,2,1,0,151897.22,1
2680,15002679,Cliente2680,585,Spain,Male,48,0,0.0,1,1,1,124184.65,1
2681,15002680,Cliente2681,584,Spain,Male,72,7,0.0,1,1,1,151672.75,0
2682,15002681,Cliente2682,819,France,Male,69,10,111654.62,1,1,1,213284.58,0
2683,15002682,Cliente2683,679,France,Female,53,1,41485.53,1,1,1,156242.84,0
2684,15002683,Cliente2684,591,France,Female,66,1,84019.73,2,1,1,172936.88,1
2685,15002684,Cliente2685,528,France,Female,32,10,119888.36,2,1,1,122077.13,0
2686,15002685,Cliente2686,549,France,Male,76,8,89551.63,2,0,0,193202.58,1
2687,15002686,Cliente2687,677,Germany,Female,34,1,0.0,4,0,0,134122.73,1
2688,15002687,Cliente2688,568,France,Female,68,0,77014.16,2,0,1,177362.64,0
2689,15002688,Cliente2689,557,Germany,Male,62,0,108988.74,2,0,1,147064.11,0
2690,15002689,Cliente2690,631,France,Male,38,10,0.0,3,1,0,152686.07,1
2691,15002690,Cliente2691,679,France,Female,27,2,98701.85,1,1,1,133224.67,0
2692,15002691,Cliente2692,758,France,Female,77,0,0.0,1,1,1,189766.65,0
2693,15002692,Cliente2693,579,Spain,Male,61,4,59876.77,3,1,0,161923.12,0
2694,15002693,Cliente2694,589,Germany,Female,49,4,78531.74,2,1,1,150446.17,0
2695,15002694,Cliente2695,680,Germany,Male,20,1,109241.3,2,0,1,108749.97,0
2696,15002695,Cliente2696,607,France,Female,19,1,43623.95,2,0,0,80733.35,0
2697,15002696,Cliente2697,720,Spain,Male,49,6,101254.8,1,1,0,143178.98,1
2698,15002697,Cliente2698,609,France,Female,62,5,80210.11,1,1,1,181888.56,0
2699,15002698,Cliente2699,536,France,Male,28,10,145219.79,2,1,1,142670.51,0
2700,15002699,Cliente2700,588,Spain,Female,46,8,0.0,2,1,0,137755.24,0
2701,15002700,Cliente2701,516,France,Male,79,7,0.0,1,1,0,159748.7,0
2702,15002701,Cliente2702,603,France,Female,49,3,84193.34,1,1,1,120692.77,0
2703,15002702,Cliente2703,689,Germany,Male,28,6,0.0,2,0,1,131346.85,1
2704,15002703,Cliente2704,653,Spain,Female,67,2,0.0,1,1,0,167193.61,1
2705,15002704,Cliente2705,638,France,Male,52,5,71633.03,3,1,1,153291.67,0
2706,15002705,Cliente2706,540,Spain,Male,54,5,89372.47,2,1,1,168656.74,0
2707,15002706,Cliente2707,584,Spain,Female,55,7,74931.16,1,1,0,172028.28,1
2708,15002707,Cliente2708,615,France,Female,41,8,0.0,1,1,1,136638.01,0
2709,15002708,Cliente2709,669,Spain,Female,75,7,142700.58,1,0,1,203841.83,0
2710,15002709,Cliente2710,850,France,Female,29,7,61715.09,2,1,0,154518.06,0
2711,15002710,Cliente2711,590,France,Male,39,10,0.0,1,1,1,156114.68,0
2712,15002711,Cliente2712,728,Spain,Female,58,8,115532.45,1,0,0,183770.63,1
2713,15002712,Cliente2713,550,Germany,Female,79,3,83828.33,2,0,0,174455.9,0
2714,15002713,Cliente2714,560,France,Female,55,8,142679.43,2,1,1,186299.15,0
2715,15002714,Cliente2715,480,France,Male,78,8,112128.64,2,1,1,181067.38,1
2716,15002715,Cliente2716,581,Spain,Male,19,9,52465.7,3,1,0,121480.3,0
2717,15002716,Cliente2717,736,France,Male,72,4,109079.63,2,1,0,173225.63,0
2718,15002717,Cliente2718,646,France,Male,39,5,0.0,3,1,1,133818.3,0
2719,15002718,Cliente2719,751,France,Male,50,0,67533.58,1,0,1,155566.79,0
2720,15002719,Cliente2720,605,Spain,Male,67,6,155219.37,2,1,1,167071.21,1
2721,15002720,Cliente2721,738,Germany,Female,72,7,95497.09,1,0,1,192168.46,0
2722,15002721,Cliente2722,600,France,Female,75,7,0.0,4,0,0,189935.54,1
2723,15002722,Cliente2723,723,Germany,Female,41,5,0.0,2,0,1,145971.67,0
2724,15002723,Cliente2724,786,France,Female,60,6,61223.89,1,1,1,165941.05,0
2725,15002724,Cliente2725,628,France,Male,40,3,56207.62,2,1,1,154016.31,0
2726,15002725,Cliente2726,533,France,Male,67,3,0.0,3,1,1,162653.17,0
2727,15002726,Cliente2727,804,France,Male,65,0,81162.56,1,1,0,177994.17,0
2728,15002727,Cliente2728,573,Spain,Male,46,3,82890.53,2,1,0,145458.9,1
2729,15002728,Cliente2729,599,France,Female,60,5,0.0,1,0,0,129980.1,0
2730,15002729,Cliente2730,621,Germany,Female,32,0,0.0,2,1,0,96370.02,0
2731,15002730,Cliente2731,725,Spain,Female,77,10,85497.74,4,1,1,225535.16,0
2732,15002731,Cliente2732,706,France,Male,42,10,0.0,1,1,0,169446.02,1
2733,15002732,Cliente2733,703,France,Male,55,2,20400.51,2,1,0,161391.69,0
2734,15002733,Cliente2734,624,Germany,Female,40,5,0.0,1,1,1,151989.22,0
2735,15002734,Cliente2735,631,Germany,Male,30,3,0.0,1,1,1,104136.96,0
2736,15002735,Cliente2736,717,Spain,Male,63,0,57721.13,1,1,0,170843.89,1
2737,15002736,Cliente2737,789,Spain,Male,23,6,124372.12,2,1,1,162740.24,0
2738,15002737,Cliente2738,541,France,Male,49,9,74127.81,2,0,1,142904.29,0
2739,15002738,Cliente2739,754,France,Female,60,3,28828.84,4,0,0,194547.28,1
2740,15002739,Cliente2740,730,France,Female,61,7,113646.62,1,1,1,192984.02,0
2741,15002740,Cliente2741,704,Germany,Male,75,2,31106.03,1,1,0,160076.74,1
2742,15002741,Cliente2742,589,Spain,Female,66,10,96474.47,1,0,1,185056.54,0
2743,15002742,Cliente2743,657,Spain,Female,42,7,98563.78,1,1,1,173863.19,0
2744,15002743,Cliente2744,682,Spain,Female,44,1,96247.68,4,1,0,161894.39,0
2745,15002744,Cliente2745,594,France,Male,35,7,68485.8,2,1,1,127792.71,0
2746,15002745,Cliente2746,749,Spain,Male,24,4,117115.05,2,1,1,133218.32,0
2747,15002746,Cliente2747,609,France,Male,51,9,62288.95,3,0,1,176508.91,0
2748,15002747,Cliente2748,780,Spain,Female,70,2,141302.77,4,0,0,203251.92,1
2749,15002748,Cliente2749,522,France,Male,71,8,0.0,4,1,1,178817.43,1
2750,15002749,Cliente2750,533,Germany,Female,72,3,0.0,3,1,1,153459.55,0
2751,15002750,Cliente2751,489,France,Female,18,8,45162.66,2,1,1,127864.96,0
2752,15002751,Cliente2752,710,France,Female,36,2,43045.85,1,0,1,136181.86,0
2753,15002752,Cliente2753,573,France,Female,26,0,47260.27,3,0,1,143864.93,0
2754,15002753,Cliente2754,580,France,Female,44,1,27618.15,1,1,1,122620.22,0
2755,15002754,Cliente2755,727,France,Male,62,1,88646.29,2,1,0,168170.38,0
2756,15002755,Cliente2756,797,France,Male,54,6,34130.13,1,0,0,161201.4,1
2757,15002756,Cliente2757,585,France,Female,58,4,101997.86,1,1,1,163537.52,0
2758,15002757,Cliente2758,766,Germany,Female,21,1,126048.69,3,1,1,135455.88,0
2759,15002758,Cliente2759,695,Spain,Male,44,8,78897.19,1,1,1,161698.63,1
2760,15002759,Cliente2760,648,France,Male,38,3,126139.51,2,0,0,152606.07,0
2761,15002760,Cliente2761,547,France,Female,33,10,46547.49,1,0,1,126233.09,0
2762,15002761,Cliente2762,529,Spain,Male,72,4,92150.48,2,1,1,190906.42,0
2763,15002762,Cliente2763,655,France,Female,77,10,84530.4,1,1,1,195041.96,0
2764,15002763,Cliente2764,660,Spain,Female,45,10,100092.53,1,0,1,175090.52,0
2765,15002764,Cliente2765,590,France,Male,45,6,154070.6,1,0,0,154221.03,0
2766,15002765,Cliente2766,565,France,Female,63,6,84366.52,1,0,0,139220.14,1
2767,15002766,Cliente2767,537,Spain,Female,57,4,61816.28,1,0,0,160624.09,0
2768,15002767,Cliente2768,679,Germany,Male,31,3,117889.44,1,0,0,147744.84,0
2769,15002768,Cliente2769,707,France,Male,23,3,143423.88,1,1,1,136046.52,0
2770,15002769,Cliente2770,710,France,Female,80,3,114884.67,2,0,1,232841.35,1
2771,15002770,Cliente2771,701,France,Male,38,10,125217.7,4,1,1,176601.61,0
2772,15002771,Cliente2772,603,Germany,Female,71,9,0.0,1,0,1,180251.18,0
2773,15002772,Cliente2773,785,Spain,Female,24,1,100925.62,1,1,0,149568.94,0
2774,15002773,Cliente2774,563,Spain,Female,55,8,28950.03,1,1,0,166981.66,1
2775,15002774,Cliente2775,698,Spain,Female,63,6,150925.77,3,0,1,195128.44,1
2776,15002775,Cliente2776,615,Germany,Female,76,6,185417.4,1,1,1,189811.67,1
2777,15002776,Cliente2777,554,Germany,Male,33,3,0.0,2,0,1,113740.02,0
2778,15002777,Cliente2778,594,France,Female,76,7,81324.75,3,1,0,192714.13,1
2779,15002778,Cliente2779,696,Germany,Male,47,6,0.0,2,1,0,141666.18,0
2780,15002779,Cliente2780,742,France,Female,58,5,86385.06,1,0,0,162085.39,0
2781,15002780,Cliente2781,677,Germany,Female,78,4,106749.21,2,1,0,180461.36,1
2782,15002781,Cliente2782,400,France,Male,66,10,117210.93,1,0,1,152670.51,1
2783,15002782,Cliente2783,712,France,Male,52,8,0.0,2,1,0,154394.38,0
2784,15002783,Cliente2784,468,Germany,Female,73,10,137419.84,1,1,1,184948.58,1
2785,15002784,Cliente2785,813,Spain,Male,20,1,43199.26,1,1,1,114307.87,0
2786,15002785,Cliente2786,668,France,Male,67,9,0.0,3,1,0,171251.23,0
2787,15002786,Cliente2787,662,France,Female,62,0,121584.63,2,1,0,156861.57,0
2788,15002787,Cliente2788,735,France,Male,65,6,0.0,1,0,0,152079.14,0
2789,15002788,Cliente2789,625,Spain,Male,73,8,121455.91,2,0,1,201966.49,1
2790,15002789,Cliente2790,627,Spain,Female,50,1,102195.12,1,1,1,143423.28,1
2791,15002790,Cliente2791,617,Spain,Male,30,6,61376.93,1,1,0,112405.96,0
2792,15002791,Cliente2792,660,France,Female,57,6,0.0,2,0,1,176762.75,0
2793,15002792,Cliente2793,656,Spain,Male,29,4,34246.27,3,0,0,133351.27,0
2794,15002793,Cliente2794,669,Spain,Female,46,7,143469.09,1,0,0,155771.8,0
2795,15002794,Cliente2795,366,Spain,Female,52,1,0.0,1,0,1,117634.85,1
2796,15002795,Cliente2796,641,Germany,Male,43,4,100998.24,3,0,1,171042.06,0
2797,15002796,Cliente2797,514,Spain,Female,52,2,66168.08,3,1,0,137220.22,0
2798,15002797,Cliente2798,850,Germany,Male,47,7,0.0,3,1,1,191861.53,0
2799,15002798,Cliente2799,717,Spain,Female,24,10,62762.61,1,0,1,160974.45,0
2800,15002799,Cliente2800,729,France,Female,32,0,164518.9,1,1,1,145191.03,0
2801,15002800,Cliente2801,690,France,Male,28,4,0.0,1,1,1,139199.32,0
2802,15002801,Cliente2802,706,France,Female,20,4,94518.33,1,0,1,148330.71,0
2803,15002802,Cliente2803,573,France,Female,78,5,87749.0,3,1,1,198340.96,1
2804,15002803,Cliente2804,716,France,Female,52,0,68687.71,2,1,1,168616.14,0
2805,15002804,Cliente2805,722,France,Male,78,1,68653.84,1,1,1,177065.66,1
2806,15002805,Cliente2806,665,Spain,Female,56,5,119226.02,2,0,0,164671.42,1
2807,15002806,Cliente2807,715,France,Male,63,0,61018.95,2,1,1,183257.04,0
2808,15002807,Cliente2808,740,Spain,Female,68,2,113897.62,2,0,1,197732.57,0
2809,15002808,Cliente2809,651,Spain,Male,35,10,0.0,2,0,0,139298.25,0
2810,15002809,Cliente2810,554,France,Male,63,1,101125.71,2,1,1,178418.78,1
2811,15002810,Cliente2811,720,France,Female,39,0,49654.35,2,1,0,140596.29,1
2812,15002811,Cliente2812,780,France,Female,39,8,84298.14,1,0,1,166741.79,0
2813,15002812,Cliente2813,548,France,Female,60,7,51407.89,1,1,0,170574.44,1
2814,15002813,Cliente2814,749,Germany,Male,55,8,91980.96,3,1,0,208914.96,0
2815,15002814,Cliente2815,672,Germany,Female,29,6,61668.78,1,1,1,140424.58,0
2816,15002815,Cliente2816,702,Germany,Female,31,8,51518.62,3,1,0,163968.25,0
2817,15002816,Cliente2817,722,France,Female,34,4,0.0,3,1,0,145687.94,1
2818,15002817,Cliente2818,560,France,Female,30,6,0.0,2,1,1,152056.15,0
2819,15002818,Cliente2819,675,France,Female,79,8,50993.65,1,1,0,202013.43,0
2820,15002819,Cliente2820,737,Germany,Female,49,3,69734.52,1,1,1,157276.6,0
2821,15002820,Cliente2821,771,France,Female,72,6,0.0,2,1,0,185204.57,0
2822,15002821,Cliente2822,724,Spain,Female,72,0,154042.19,1,1,1,172095.7,0
2823,15002822,Cliente2823,571,France,Male,73,4,136316.55,1,1,1,189810.6,1
2824,15002823,Cliente2824,668,Germany,Female,52,2,109492.73,2,1,1,147704.03,0
2825,15002824,Cliente2825,629,France,Male,46,10,0.0,1,1,0,137002.05,0
2826,15002825,Cliente2826,656,Germany,Male,19,10,69281.27,1,0,0,117662.74,0
2827,15002826,Cliente2827,745,France,Female,43,10,0.0,2,1,0,164186.54,1
2828,15002827,Cliente2828,531,Germany,Female,74,4,86581.87,1,0,0,150441.72,1
2829,15002828,Cliente2829,695,Germany,Male,79,6,0.0,1,1,0,179261.76,1
2830,15002829,Cliente2830,688,France,Female,40,7,63690.94,1,1,0,147791.32,0
2831,15002830,Cliente2831,567,Germany,Female,22,2,116454.38,1,0,0,106672.17,0
2832,15002831,Cliente2832,746,France,Male,36,6,86723.53,1,1,1,152363.81,0
2833,15002832,Cliente2833,600,France,Female,60,9,122522.3,1,1,1,174378.6,0
2834,15002833,Cliente2834,654,France,Female,68,9,0.0,2,1,0,198246.13,1
2835,15002834,Cliente2835,429,Spain,Female,71,4,172436.26,1,1,1,169458.16,0
2836,15002835,Cliente2836,746,Germany,Female,65,6,0.0,2,1,0,183372.45,0
2837,15002836,Cliente2837,626,Germany,Male,65,7,0.0,2,0,1,177693.83,0
2838,15002837,Cliente2838,623,Spain,Male,24,7,57529.18,1,1,1,121594.2,0
2839,15002838,Cliente2839,775,Germany,Female,31,8,0.0,2,1,1,154308.65,0
2840,15002839,Cliente2840,485,France,Male,55,5,0.0,2,1,1,178738.35,1
2841,15002840,Cliente2841,724,France,Female,35,3,85180.27,1,0,0,141112.6,0
2842,15002841,Cliente2842,740,Spain,Female,60,0,98435.28,2,0,0,186711.81,1
2843,15002842,Cliente2843,480,Spain,Female,28,5,68465.03,1,1,1,88395.17,0
2844,15002843,Cliente2844,673,Spain,Female,75,6,116822.98,2,1,1,205947.97,0
2845,15002844,Cliente2845,618,Spain,Male,62,3,110257.16,1,1,1,170558.18,1
2846,15002845,Cliente2846,560,France,Female,53,6,150340.89,3,1,0,180200.42,0
2847,15002846,Cliente2847,540,Spain,Female,28,0,97577.96,2,1,0,119962.83,0
2848,15002847,Cliente2848,712,France,Male,38,9,103550.69,1,1,0,181092.69,1
2849,15002848,Cliente2849,750,France,Male,21,9,51687.54,1,1,0,121359.63,0
2850,15002849,Cliente2850,554,Spain,Male,40,7,92750.65,1,1,1,137142.18,0
2851,15002850,Cliente2851,569,France,Female,38,3,55430.89,2,1,1,123267.67,0
2852,15002851,Cliente2852,721,France,Male,37,5,110164.08,3,1,1,154844.69,0
2853,15002852,Cliente2853,850,France,Male,31,4,136139.09,2,0,1,178464.27,0
2854,15002853,Cliente2854,517,France,Male,23,6,104500.04,1,1,1,106232.06,0
2855,15002854,Cliente2855,525,France,Female,69,10,0.0,1,1,1,168679.34,0
2856,15002855,Cliente2856,557,Spain,Male,36,5,60180.18,1,1,1,137435.29,0
2857,15002856,Cliente2857,558,Spain,Male,45,8,0.0,3,1,0,134608.56,0
2858,15002857,Cliente2858,751,Germany,Male,34,8,107536.0,1,0,1,160683.22,1
2859,15002858,Cliente2859,562,Spain,Female,44,0,0.0,2,1,1,107859.08,0
2860,15002859,Cliente2860,844,France,Male,65,7,0.0,1,1,0,184015.3,0
2861,15002860,Cliente2861,691,Germany,Female,73,0,0.0,1,1,0,155779.33,1
2862,15002861,Cliente2862,739,France,Female,72,6,18317.7,3,0,0,196408.77,1
2863,15002862,Cliente2863,705,Spain,Male,65,5,0.0,1,0,1,176608.75,0
2864,15002863,Cliente2864,561,Germany,Male,74,4,120986.83,3,1,1,187241.43,1
2865,15002864,Cliente2865,529,Spain,Male,51,1,50342.09,1,0,1,130360.46,0
2866,15002865,Cliente2866,733,France,Female,38,8,94703.97,1,0,0,152348.38,1
2867,15002866,Cliente2867,757,France,Male,52,0,61500.16,1,1,1,173201.85,0
2868,15002867,Cliente2868,688,France,Male,45,5,61049.41,1,1,0,158531.75,0
2869,15002868,Cliente2869,651,France,Male,51,9,0.0,1,1,1,130598.49,0
2870,15002869,Cliente2870,660,France,Female,30,2,103933.24,2,1,1,128995.57,0
2871,15002870,Cliente2871,671,France,Male,41,7,43094.16,1,0,0,138509.63,0
2872,15002871,Cliente2872,533,France,Male,80,3,82030.93,3,1,1,187466.44,1
2873,15002872,Cliente2873,657,Spain,Female,57,0,111500.83,3,1,1,171851.45,1
2874,15002873,Cliente2874,651,Germany,Female,61,0,135474.69,1,0,0,161667.07,0
2875,15002874,Cliente2875,496,France,Male,59,6,77703.57,1,1,1,154638.66,0
2876,15002875,Cliente2876,415,Spain,Male,71,1,102775.75,3,1,1,163339.6,0
2877,15002876,Cliente2877,629,France,Female,40,9,98847.34,1,1,0,136859.56,1
2878,15002877,Cliente2878,472,France,Male,76,9,0.0,1,0,1,172794.02,1
2879,15002878,Cliente2879,445,Spain,Male,74,6,70837.76,1,1,0,163966.45,1
2880,15002879,Cliente2880,499,France,Female,47,8,87149.2,1,0,1,157792.23,0
2881,15002880,Cliente2881,667,France,Male,21,1,38536.99,3,1,1,122933.0,0
2882,15002881,Cliente2882,646,Spain,Male,51,2,148953.33,1,1,0,145149.69,1
2883,15002882,Cliente2883,657,Spain,Male,43,10,92527.84,4,1,1,179534.19,0
2884,15002883,Cliente2884,799,France,Female,44,0,45921.86,2,1,0,178680.05,1
2885,15002884,Cliente2885,696,France,Male,58,2,52104.29,1,0,0,172792.0,0
2886,15002885,Cliente2886,786,France,Female,76,0,0.0,2,1,0,183861.51,1
2887,15002886,Cliente2887,667,France,Female,52,9,109884.67,1,1,0,164327.77,0
2888,15002887,Cliente2888,744,France,Female,61,2,0.0,1,0,1,164901.61,0
2889,15002888,Cliente2889,788,France,Male,64,4,82694.51,1,1,0,165191.53,0
2890,15002889,Cliente2890,825,Spain,Male,26,9,88058.63,2,1,0,161028.59,0
2891,15002890,Cliente2891,631,France,Male,65,4,127352.33,3,1,1,185461.48,1
2892,15002891,Cliente2892,545,Spain,Male,56,1,125796.58,1,1,1,149597.78,0
2893,15002892,Cliente2893,655,Germany,Female,50,8,87594.64,3,0,1,165994.49,0
2894,15002893,Cliente2894,769,France,Male,24,1,0.0,2,1,0,111844.93,0
2895,15002894,Cliente2895,789,Spain,Female,22,1,61515.22,2,1,1,144210.84,0
2896,15002895,Cliente2896,661,Germany,Male,34,7,84978.95,1,0,0,131112.5,0
2897,15002896,Cliente2897,683,France,Female,36,7,63366.35,1,0,1,156756.79,0
2898,15002897,Cliente2898,790,Spain,Female,71,9,115145.56,1,1,1,204591.92,1
2899,15002898,Cliente2899,666,France,Male,54,9,0.0,3,0,0,164466.57,0
2900,15002899,Cliente2900,710,France,Female,59,9,0.0,2,1,0,197415.86,0
2901,15002900,Cliente2901,732,Spain,Male,74,1,23444.66,1,1,0,168933.73,0
2902,15002901,Cliente2902,631,Germany,Female,73,10,0.0,1,1,0,186218.17,0
2903,15002902,Cliente2903,575,Spain,Female,71,4,68108.36,1,0,1,157112.57,0
2904,15002903,Cliente2904,850,Germany,Male,25,6,92293.4,4,1,1,177030.13,0
2905,15002904,Cliente2905,599,France,Male,42,0,104123.41,1,1,1,136868.88,0
2906,15002905,Cliente2906,556,France,Female,76,7,134233.85,1,1,0,181718.27,1
2907,15002906,Cliente2907,627,Spain,Male,61,8,0.0,2,0,1,167250.55,0
2908,15002907,Cliente2908,664,Germany,Male,44,10,0.0,1,1,1,164793.51,0
2909,15002908,Cliente2909,676,Spain,Male,60,4,90218.1,1,0,0,171424.66,0
2910,15002909,Cliente2910,621,France,Male,37,10,0.0,2,1,1,143734.82,0
2911,15002910,Cliente2911,694,France,Female,71,2,124396.94,1,1,1,202521.67,1
2912,15002911,Cliente2912,801,Spain,Male,80,0,0.0,1,0,1,190411.12,1
2913,15002912,Cliente2913,621,France,Male,47,7,129552.26,1,1,0,148420.81,1
2914,15002913,Cliente2914,654,Spain,Male,24,8,42042.05,3,0,1,176865.15,0
2915,15002914,Cliente2915,773,France,Male,71,8,54734.02,3,0,0,217047.67,0
2916,15002915,Cliente2916,561,Germany,Male,20,7,114843.19,3,0,0,122449.07,0
2917,15002916,Cliente2917,545,France,Male,32,2,44355.07,2,1,0,110792.97,0
2918,15002917,Cliente2918,589,Germany,Male,32,9,81305.55,2,1,0,128350.15,1
2919,15002918,Cliente2919,640,Germany,Male,23,5,0.0,2,1,1,142838.36,0
2920,15002919,Cliente2920,729,Germany,Female,69,2,78691.27,1,1,1,184257.81,1
2921,15002920,Cliente2921,505,Germany,Female,58,4,78835.27,2,1,1,147114.46,1
2922,15002921,Cliente2922,591,Germany,Female,58,8,86661.66,3,1,0,198123.96,0
2923,15002922,Cliente2923,551,Germany,Male,51,6,0.0,1,1,1,152957.18,0
2924,15002923,Cliente2924,510,France,Male,72,9,145517.74,1,1,0,187094.12,0
2925,15002924,Cliente2925,536,France,Female,36,4,58357.94,2,0,0,133220.57,0
2926,15002925,Cliente2926,716,Germany,Female,62,0,0.0,2,1,0,152059.27,0
2927,15002926,Cliente2927,659,France,Female,54,10,110796.27,1,1,0,175848.46,1
2928,15002927,Cliente2928,664,France,Male,78,2,123428.81,2,0,1,196168.12,1
2929,15002928,Cliente2929,705,France,Male,61,4,101542.29,1,0,1,164130.61,0
2930,15002929,Cliente2930,689,Germany,Female,74,5,90599.58,2,1,0,197509.59,1
2931,15002930,Cliente2931,688,Germany,Male,36,6,112400.53,1,0,0,142685.95,1
2932,15002931,Cliente2932,819,France,Male,50,9,92662.38,1,0,1,179263.72,1
2933,15002932,Cliente2933,709,France,Male,51,4,0.0,2,1,0,162723.28,0
2934,15002933,Cliente2934,409,France,Male,68,9,84675.61,1,1,1,167493.05,0
2935,15002934,Cliente2935,700,France,Female,73,3,69505.55,2,1,0,202743.31,1
2936,15002935,Cliente2936,736,France,Female,69,3,49126.07,2,0,0,184524.02,0
2937,15002936,Cliente2937,694,France,Female,23,7,55466.88,2,0,0,120928.92,0
2938,15002937,Cliente2938,597,France,Male,25,10,0.0,1,0,0,115244.89,0
2939,15002938,Cliente2939,559,France,Male,41,1,105849.76,3,1,1,162666.46,0
2940,15002939,Cliente2940,654,Germany,Female,62,9,54633.32,3,1,0,169593.92,1
2941,15002940,Cliente2941,710,Germany,Female,26,8,123879.65,2,0,0,172715.25,0
2942,15002941,Cliente2942,727,France,Male,47,3,0.0,1,1,0,147627.18,1
2943,15002942,Cliente2943,486,France,Male,26,7,0.0,2,1,0,120880.85,0
2944,15002943,Cliente2944,680,Spain,Female,24,10,0.0,2,1,1,113008.35,0
2945,15002944,Cliente2945,764,France,Male,69,9,135083.13,3,0,1,211567.29,0
2946,15002945,Cliente2946,718,France,Female,45,1,44392.64,1,1,0,132526.4,0
2947,15002946,Cliente2947,850,France,Female,61,1,0.0,1,1,1,179195.17,0
2948,15002947,Cliente2948,588,Germany,Male,19,3,0.0,2,1,0,101671.23,0
2949,15002948,Cliente2949,542,Germany,Male,42,3,0.0,2,0,0,104219.01,0
2950,15002949,Cliente2950,728,France,Male,47,6,62329.03,1,1,1,165914.41,0
2951,15002950,Cliente2951,784,France,Female,79,7,0.0,1,1,1,189747.77,1
2952,15002951,Cliente2952,560,Spain,Male,18,1,87613.59,1,1,0,94090.48,0
2953,15002952,Cliente2953,654,Spain,Female,47,1,43300.33,2,1,0,158458.79,0
2954,15002953,Cliente2954,671,France,Male,68,5,74156.84,1,1,0,167589.33,1
2955,15002954,Cliente2955,687,France,Female,23,8,70654.64,2,0,1,160129.22,0
2956,15002955,Cliente2956,762,France,Male,30,8,54235.4,1,1,0,135422.88,0
2957,15002956,Cliente2957,850,Germany,Female,62,2,109325.39,2,1,1,209435.32,0
2958,15002957,Cliente2958,599,France,Male,33,1,0.0,2,1,0,105567.51,1
2959,15002958,Cliente2959,622,Germany,Female,50,9,113927.54,2,0,0,160418.39,0
2960,15002959,Cliente2960,517,Spain,Female,73,7,163285.16,1,0,0,178610.99,1
2961,15002960,Cliente2961,719,France,Male,77,9,118159.47,1,0,0,197761.24,1
2962,15002961,Cliente2962,550,France,Male,45,9,84367.43,3,0,1,182036.17,0
2963,15002962,Cliente2963,661,Spain,Female,48,2,0.0,1,1,1,143495.71,1
2964,15002963,Cliente2964,691,France,Male,37,9,81944.98,2,1,1,146206.51,0
2965,15002964,Cliente2965,768,France,Male,48,8,0.0,2,1,1,178807.07,0
2966,15002965,Cliente2966,645,France,Male,22,8,0.0,1,1,1,109336.24,0
2967,15002966,Cliente2967,607,Spain,Female,73,5,177592.01,1,1,0,165188.58,1
2968,15002967,Cliente2968,593,France,Male,56,7,86792.63,1,1,1,166498.91,0
2969,15002968,Cliente2969,737,France,Female,49,5,128580.88,2,1,0,166760.76,0
2970,15002969,Cliente2970,619,France,Male,66,8,0.0,1,1,1,159744.59,1
2971,15002970,Cliente2971,655,Germany,Male,26,8,48779.34,1,1,0,137883.79,0
2972,15002971,Cliente2972,717,France,Female,19,1,0.0,1,1,1,123872.49,0
2973,15002972,Cliente2973,765,France,Female,80,8,0.0,2,0,0,190730.31,0
2974,15002973,Cliente2974,752,Germany,Female,74,6,0.0,2,0,0,189887.19,1
2975,15002974,Cliente2975,526,Germany,Female,41,0,0.0,2,0,0,125108.45,1
2976,15002975,Cliente2976,554,France,Female,29,10,38003.33,1,1,0,124656.82,0
2977,15002976,Cliente2977,682,France,Female,78,7,108148.01,1,1,0,201470.19,1
2978,15002977,Cliente2978,701,Spain,Male,50,10,116803.43,2,1,1,196308.05,0
2979,15002978,Cliente2979,674,France,Male,19,4,79952.15,2,1,0,147647.71,0
2980,15002979,Cliente2980,765,Spain,Female,22,6,35994.66,2,1,1,109963.81,0
2981,15002980,Cliente2981,786,Germany,Female,51,7,0.0,1,1,0,188700.08,0
2982,15002981,Cliente2982,643,Spain,Female,65,6,191852.16,1,1,1,205025.88,1
2983,15002982,Cliente2983,666,Spain,Female,34,4,71080.29,2,1,1,138679.98,1
2984,15002983,Cliente2984,746,France,Male,72,6,90829.72,2,0,1,203110.74,0
2985,15002984,Cliente2985,727,France,Male,70,3,0.0,1,1,1,194314.35,0
2986,15002985,Cliente2986,561,Spain,Male,32,4,0.0,1,1,1,110267.68,0
2987,15002986,Cliente2987,536,Germany,Female,18,9,97322.17,1,0,0,103856.28,0
2988,15002987,Cliente2988,494,France,Male,60,3,47424.93,2,1,0,121849.2,0
2989,15002988,Cliente2989,649,France,Female,42,10,100616.02,1,1,1,145274.88,0
2990,15002989,Cliente2990,598,France,Male,59,2,136611.84,1,0,1,178755.19,0
2991,15002990,Cliente2991,590,France,Female,40,3,123580.49,2,0,1,145894.33,0
2992,15002991,Cliente2992,514,Germany,Male,77,5,0.0,1,0,0,143254.11,1
2993,15002992,Cliente2993,645,Germany,Male,63,8,127728.88,1,1,1,196848.04,1
2994,15002993,Cliente2994,516,France,Male,54,2,95777.87,2,0,1,159422.28,0
2995,15002994,Cliente2995,546,Spain,Male,22,1,97956.21,1,0,0,88832.53,1
2996,15002995,Cliente2996,618,France,Female,47,2,100075.46,1,1,0,147703.41,0
2997,15002996,Cliente2997,690,France,Female,65,4,115404.82,2,1,0,172200.7,0
2998,15002997,Cliente2998,652,France,Female,29,0,0.0,2,1,1,118379.5,0
2999,15002998,Cliente2999,709,France,Female,68,5,0.0,2,1,0,183928.68,0
3000,15002999,Cliente3000,643,France,Female,28,4,37329.14,1,0,1,106099.13,0
